{
  "type": "multisequence",
  "settings": {
    "postprocessors": [
      {
        "type": "clutter_remover",
        "settings": {
          "clutter_alphabet": " ,/-'()",
          "max_clutter_left": 3,
          "max_clutter_right": 3    
        }
      },
      {
        "type": "levdict_substring",
        "settings": {
          "substring_overlap_wing": 0,
          "substring_penalty_threshold": 0.5,
          "substring_confidence_threshold": 10.99,

          "separators_alphabet": " ",
          "separator_replacement": "|",
          "separator_replacement_confidence": 1.0,

          "dictionary": {
            "type": "inline",
            "data": [
              "|AZ. R.|",
              "|AZ. RES.|",
              "|MR DİN DYPİ|",
              "|DİN BDYPİ|",
              "|AR DİN|",
              "|ASAN X.M.|",
              "|1 SAYLI ASAN X.M.|",
              "|2 SAYLI ASAN X.M.|",
              "|3 SAYLI ASAN X.M.|",
              "|4 SAYLI ASAN X.M.|",
              "|5 SAYLI ASAN X.M.|",
              "|SUMQAYIT ASAN X.M.|",
              "|GƏNCƏ ASAN X.M.|",
              "|SABİRABAD ASAN X.M.|",
              "|BƏRDƏ ASAN X.M.|",
              "|MASALLI ASAN X.M.|",
              "|QƏBƏLƏ ASAN X.M.|",
              "|QUBA ASAN X.M.|",
              "|MİNGƏÇEVİR ASAN X.M.|",
              "|IMİŞLİ ASAN X.M.|",
              "|ŞƏKİ ASAN X.M.|",
              "|1 SƏYYAR ASAN X.|",
              "|2 SƏYYAR ASAN X.|",
              "|3 SƏYYAR ASAN X.|",
              "|4 SƏYYAR ASAN X.|",
              "|5 SƏYYAR ASAN X.|",
              "|6 SƏYYAR ASAN X.|",
              "|7 SƏYYAR ASAN X.|",
              "|8 SƏYYAR ASAN X.|",
              "|9 SƏYYAR ASAN X.|",
              "|10 SƏYYAR ASAN X.|",
              "|SƏYYAR ASAN QATAR|",
              "|RQİTBŞ|",
              "|RQİ VƏ TBŞ|",
              "|QİTBŞ|",
              "|RQİB|",
              "|RQİB-",
              "|RQİŞ|",
              "|RQİŞ-",
              "|RQİS|",
              "|RQİS-|",
              "|Qİİ|",
              "|QİB|",
              "|QİŞ|",
              "|QİS|"
            ]
          },
          "levdict_search": {
            "max_relative_levenshtein_penalty": 0.2,
            "min_change_dict_weight": 0,
            "max_states_count": 5000,
            "insertion_base_penalty": 1.0,
            "insertion_streak_penalty": 1.0,
            "deletion_base_penalty": 1.0,
            "deletion_streak_penalty": 1.0,
            "substitution_weight": 0.6,

            "max_input_confidence": 0.9,
            "max_input_dict_weight": 0
          }
        }
      }
    ]
  }
}
