{
  "type": "multisequence",
  "settings": {
  "postprocessors": [
    {
      "type": "clutter_remover",
      "settings": {
        "filter_mode": true,
        "clutter_alphabet": " " 
      }
    },
    {
      "type": "alphabet",
      "settings": {
        "type_app": "univ_alph",
        "str_size": 8,
        "mask_str": [
          "ABCDEFGHIJKLMNOPQRSTUVWXYZ",
          "0123456789",
          "0123456789",
          "0123456789",
          "0123456789",
          "0123456789",
          "0123456789",
          "0123456789"
        ],
          "min_confidence": 0.2,
          "sum_alph_confidence": 0.98,
          "matchs": {
            "O": "0"
          }
        }
      }
    ]
  }
}