{
  "type": "multisequence",
  "settings": {
    "postprocessors": [
      {
        "type": "normalizer",
        "settings": {
          "normalize_after": ".,-",
          "normalize_before": "-",
          "dont_normalize_before": ". \","
        }
      },
      {
        "type": "levdict_substring",
        "settings": {
          "substring_overlap_wing": 0,
          "substring_penalty_threshold": 0.5,
          "substring_confidence_threshold": 10.99,

          "separators_alphabet": " ",
          "separator_replacement": "|",
          "separator_replacement_confidence": 1.0,

          "dictionary": {
            "type": "inline",
            "data": [
              "|DAXİLİ İŞLƏR NAZİRLİYİ|"
            ]
          },
          "levdict_search": {
            "max_relative_levenshtein_penalty": 0.3,
            "min_change_dict_weight": 0,
            "max_states_count": 5000,
            "insertion_base_penalty": 1.0,
            "insertion_streak_penalty": 1.0,
            "deletion_base_penalty": 1.0,
            "deletion_streak_penalty": 1.0,
            "substitution_weight": 0.6,

            "max_input_confidence": 0.9,
            "max_input_dict_weight": 0
          }
        }
      }
    ]
  }
}