{
  "type": "multichoise",
  "settings": {
    "postprocessors": [
        {
          "type": "alphabet",
          "settings": {
            "type_app": "univ_alph",
            "str_size": 10,    
            "mask_str": [
              "0123456789",
              "0123456789",
              "ABCDEFGHIJKLMNOPQRSTUVWXYZ",
              "ABCDEFGHIJKLMNOPQRSTUVWXYZ",
              "0123456789",
              "0123456789",
              "0123456789",
              "I",
              "/",
              "O"
            ],
            "min_confidence": 0.2,
            "sum_alph_confidence": 0.98,
            "matchs" : {
              "D": "0",
              "5": "S",
              "I": "1",
              "1": "I",
              "O": "0",
              "S": "5",
              "Z": "2",
              "Z": "7",
              "7": "/",
              "/": "7"
            }
          }
        },
        {
          "type": "alphabet",
          "settings": {
            "type_app": "univ_alph",
            "str_size": 7,    
            "mask_str": [
              "0123456789",
              "0123456789",
              "ABCDEFGHIJKLMNOPQRSTUVWXYZ",
              "ABCDEFGHIJKLMNOPQRSTUVWXYZ",
              "0123456789",
              "0123456789",
              "0123456789"
            ],
            "min_confidence": 0.2,
            "sum_alph_confidence": 0.98,
            "matchs" : {
              "D": "0",
              "5": "S",
              "I": "1",
              "1": "I",
              "O": "0",
              "S": "5",
              "Z": "2",
              "Z": "7"
            }
          }
        }
    ]
  }
}
