{
    "descriptors": {
        "descriptor_size": 37,
        "descriptors_path": "kaz_id_type2_front_common_3.bst.desc"
    },
    "boosting_params": [
        {
            "weight": 0.076450372916494938047,
            "threshold": 75
        },
        {
            "weight": 0.057038540998508531488,
            "threshold": 75
        },
        {
            "weight": 0.047636355532342730679,
            "threshold": 59
        },
        {
            "weight": 0.036730531118316166184,
            "threshold": 56
        },
        {
            "weight": 0.030420383403661894334,
            "threshold": 71
        },
        {
            "weight": 0.025864878274168608824,
            "threshold": 68
        },
        {
            "weight": 0.029160257724235388865,
            "threshold": 69
        },
        {
            "weight": 0.02547642276590000171,
            "threshold": 79
        },
        {
            "weight": 0.025276044600110104954,
            "threshold": 77
        },
        {
            "weight": 0.02296308657620128521,
            "threshold": 72
        },
        {
            "weight": 0.022088450121915161051,
            "threshold": 82
        },
        {
            "weight": 0.01973041652540040089,
            "threshold": 91
        },
        {
            "weight": 0.018033798385088346816,
            "threshold": 58
        },
        {
            "weight": 0.016937546959773439048,
            "threshold": 78
        },
        {
            "weight": 0.017876331021802870785,
            "threshold": 77
        },
        {
            "weight": 0.014187824993363542386,
            "threshold": 69
        },
        {
            "weight": 0.015291780894842258928,
            "threshold": 75
        },
        {
            "weight": 0.020669588449054310253,
            "threshold": 73
        },
        {
            "weight": 0.020338191278395506556,
            "threshold": 92
        },
        {
            "weight": 0.014252354941679415065,
            "threshold": 67
        },
        {
            "weight": 0.01935984735459995304,
            "threshold": 83
        },
        {
            "weight": 0.015696396188376121605,
            "threshold": 52
        },
        {
            "weight": 0.017435013630483442437,
            "threshold": 81
        },
        {
            "weight": 0.014887481638442579338,
            "threshold": 61
        },
        {
            "weight": 0.011895951088017716474,
            "threshold": 87
        },
        {
            "weight": 0.016493234843798547373,
            "threshold": 75
        },
        {
            "weight": 0.01260384809122104717,
            "threshold": 55
        },
        {
            "weight": 0.016415695103724901177,
            "threshold": 64
        },
        {
            "weight": 0.010487938451688506511,
            "threshold": 78
        },
        {
            "weight": 0.011203853810886735959,
            "threshold": 67
        },
        {
            "weight": 0.01045278717219647914,
            "threshold": 92
        },
        {
            "weight": 0.011383655370751522701,
            "threshold": 87
        },
        {
            "weight": 0.01125008027621047027,
            "threshold": 56
        },
        {
            "weight": 0.012999291574324837312,
            "threshold": 77
        },
        {
            "weight": 0.012057828589338936628,
            "threshold": 73
        },
        {
            "weight": 0.0097694895005132793842,
            "threshold": 64
        },
        {
            "weight": 0.0076181916089853541837,
            "threshold": 81
        },
        {
            "weight": 0.010568303465789284992,
            "threshold": 60
        },
        {
            "weight": 0.010580384368770347561,
            "threshold": 63
        },
        {
            "weight": 0.010124310459495565809,
            "threshold": 77
        },
        {
            "weight": 0.0096667279437700846106,
            "threshold": 82
        },
        {
            "weight": 0.0088347361691580514331,
            "threshold": 75
        },
        {
            "weight": 0.00891901452250519651,
            "threshold": 74
        },
        {
            "weight": 0.0097564372823436291277,
            "threshold": 76
        },
        {
            "weight": 0.0085813742432759090861,
            "threshold": 56
        },
        {
            "weight": 0.0091970530346393991605,
            "threshold": 95
        },
        {
            "weight": 0.0067351015985215633222,
            "threshold": 65
        },
        {
            "weight": 0.0093287416157378406922,
            "threshold": 77
        },
        {
            "weight": 0.0078164690926709138458,
            "threshold": 68
        },
        {
            "weight": 0.0079915757959648538178,
            "threshold": 75
        },
        {
            "weight": 0.0088135842472840068146,
            "threshold": 59
        },
        {
            "weight": 0.0089914206723868614346,
            "threshold": 86
        },
        {
            "weight": 0.008083115986965153793,
            "threshold": 69
        },
        {
            "weight": 0.0081656213773967489117,
            "threshold": 86
        },
        {
            "weight": 0.0074896948027183534585,
            "threshold": 69
        },
        {
            "weight": 0.0069359079816927893952,
            "threshold": 75
        },
        {
            "weight": 0.0080020648052595323707,
            "threshold": 74
        },
        {
            "weight": 0.00776400286905085113,
            "threshold": 78
        },
        {
            "weight": 0.0070648254156333457204,
            "threshold": 60
        },
        {
            "weight": 0.0071280078576586069009,
            "threshold": 72
        },
        {
            "weight": 0.0062612951026286452205,
            "threshold": 71
        },
        {
            "weight": 0.0047376853668022805496,
            "threshold": 83
        },
        {
            "weight": 0.0053651013961904291463,
            "threshold": 49
        },
        {
            "weight": 0.0086637007508747788942,
            "threshold": 86
        }
    ]
}
