{
    "descriptors": {
        "descriptor_size": 37,
        "descriptors_path": "kaz_id_type2_front_common_1.bst.desc"
    },
    "boosting_params": [
        {
            "weight": 0.076699384424885913569,
            "threshold": 61
        },
        {
            "weight": 0.066382672201003481427,
            "threshold": 67
        },
        {
            "weight": 0.044216742926464464025,
            "threshold": 71
        },
        {
            "weight": 0.042326397511035826482,
            "threshold": 79
        },
        {
            "weight": 0.042592494228489929942,
            "threshold": 71
        },
        {
            "weight": 0.036899462497400073446,
            "threshold": 79
        },
        {
            "weight": 0.025661752127821981645,
            "threshold": 69
        },
        {
            "weight": 0.026363560021497842861,
            "threshold": 78
        },
        {
            "weight": 0.024851620349923848191,
            "threshold": 81
        },
        {
            "weight": 0.025735167296067097686,
            "threshold": 60
        },
        {
            "weight": 0.02395491701982201474,
            "threshold": 80
        },
        {
            "weight": 0.021285178146221963441,
            "threshold": 62
        },
        {
            "weight": 0.018930400140102512929,
            "threshold": 77
        },
        {
            "weight": 0.02543038891727116349,
            "threshold": 62
        },
        {
            "weight": 0.020056951849831399642,
            "threshold": 64
        },
        {
            "weight": 0.017035506006261993267,
            "threshold": 74
        },
        {
            "weight": 0.019577033597092476785,
            "threshold": 81
        },
        {
            "weight": 0.015410906761272265969,
            "threshold": 76
        },
        {
            "weight": 0.015869330437848511856,
            "threshold": 54
        },
        {
            "weight": 0.0195848835219839916,
            "threshold": 76
        },
        {
            "weight": 0.013634350250514497976,
            "threshold": 66
        },
        {
            "weight": 0.015846374036429900639,
            "threshold": 84
        },
        {
            "weight": 0.011536511613165528062,
            "threshold": 58
        },
        {
            "weight": 0.016639446278380931599,
            "threshold": 73
        },
        {
            "weight": 0.013461085740666548297,
            "threshold": 77
        },
        {
            "weight": 0.01202193917022089005,
            "threshold": 71
        },
        {
            "weight": 0.012439930923740061958,
            "threshold": 78
        },
        {
            "weight": 0.012574115887940343073,
            "threshold": 67
        },
        {
            "weight": 0.015038491186356662058,
            "threshold": 70
        },
        {
            "weight": 0.010753852664693974717,
            "threshold": 63
        },
        {
            "weight": 0.012920823481986897993,
            "threshold": 88
        },
        {
            "weight": 0.0090093546446802404148,
            "threshold": 70
        },
        {
            "weight": 0.012263911295040607133,
            "threshold": 71
        },
        {
            "weight": 0.011219994872008745221,
            "threshold": 53
        },
        {
            "weight": 0.0086302812985068165508,
            "threshold": 68
        },
        {
            "weight": 0.009594263874744971346,
            "threshold": 79
        },
        {
            "weight": 0.0093854696064123149107,
            "threshold": 71
        },
        {
            "weight": 0.0083541689234978427914,
            "threshold": 72
        },
        {
            "weight": 0.0072801040103456053643,
            "threshold": 63
        },
        {
            "weight": 0.0072640669016318503565,
            "threshold": 68
        },
        {
            "weight": 0.0061595797857587272772,
            "threshold": 52
        },
        {
            "weight": 0.0094635097985946471655,
            "threshold": 84
        },
        {
            "weight": 0.0076332743785500539388,
            "threshold": 69
        },
        {
            "weight": 0.0087546447545830807097,
            "threshold": 77
        },
        {
            "weight": 0.0071282201402887998901,
            "threshold": 59
        },
        {
            "weight": 0.008069205647362021061,
            "threshold": 78
        },
        {
            "weight": 0.0066031556031032325946,
            "threshold": 75
        },
        {
            "weight": 0.0055244742337838504895,
            "threshold": 51
        },
        {
            "weight": 0.0077332050072622471673,
            "threshold": 71
        },
        {
            "weight": 0.0071442900930057265732,
            "threshold": 60
        },
        {
            "weight": 0.0070764204479059735278,
            "threshold": 84
        },
        {
            "weight": 0.0067126203817432237089,
            "threshold": 53
        },
        {
            "weight": 0.0068330624102910094905,
            "threshold": 84
        },
        {
            "weight": 0.0054634940513065459802,
            "threshold": 55
        },
        {
            "weight": 0.0066927777195792204426,
            "threshold": 66
        },
        {
            "weight": 0.0060518844835431347823,
            "threshold": 71
        },
        {
            "weight": 0.0066611918223569563033,
            "threshold": 84
        },
        {
            "weight": 0.0060829061930657984947,
            "threshold": 59
        },
        {
            "weight": 0.0064140119170355697209,
            "threshold": 86
        },
        {
            "weight": 0.0061199565285433230044,
            "threshold": 57
        },
        {
            "weight": 0.0054542442725944925708,
            "threshold": 74
        },
        {
            "weight": 0.0057978903717186254865,
            "threshold": 65
        },
        {
            "weight": 0.0059904971133922964299,
            "threshold": 98
        },
        {
            "weight": 0.0057021962013674692277,
            "threshold": 32
        }
    ]
}
