{
    "descriptors": {
        "descriptor_size": 37,
        "descriptors_path": "kaz_id_type2_front_common_0.bst.desc"
    },
    "boosting_params": [
        {
            "weight": 0.0379101253060975113,
            "threshold": 56
        },
        {
            "weight": 0.035809842657622326101,
            "threshold": 54
        },
        {
            "weight": 0.027756158783773736409,
            "threshold": 53
        },
        {
            "weight": 0.026704897064380797578,
            "threshold": 59
        },
        {
            "weight": 0.028031532155241550147,
            "threshold": 56
        },
        {
            "weight": 0.027820063493786816033,
            "threshold": 65
        },
        {
            "weight": 0.024004220654152814973,
            "threshold": 67
        },
        {
            "weight": 0.023975254268315825817,
            "threshold": 59
        },
        {
            "weight": 0.022050130347756276283,
            "threshold": 56
        },
        {
            "weight": 0.022609058884105522752,
            "threshold": 55
        },
        {
            "weight": 0.023549852360838289395,
            "threshold": 65
        },
        {
            "weight": 0.01765039421789066712,
            "threshold": 58
        },
        {
            "weight": 0.021579414759189688433,
            "threshold": 67
        },
        {
            "weight": 0.021550404716496385227,
            "threshold": 63
        },
        {
            "weight": 0.016798392436166851432,
            "threshold": 85
        },
        {
            "weight": 0.017813430509348731484,
            "threshold": 69
        },
        {
            "weight": 0.020744982299654067537,
            "threshold": 61
        },
        {
            "weight": 0.01828713050097588444,
            "threshold": 64
        },
        {
            "weight": 0.016264957025322553108,
            "threshold": 60
        },
        {
            "weight": 0.01517053040117223757,
            "threshold": 58
        },
        {
            "weight": 0.015654403245218516394,
            "threshold": 52
        },
        {
            "weight": 0.016228103990420648939,
            "threshold": 70
        },
        {
            "weight": 0.014577404149535275191,
            "threshold": 64
        },
        {
            "weight": 0.017230787362276959312,
            "threshold": 41
        },
        {
            "weight": 0.015851788198588557394,
            "threshold": 61
        },
        {
            "weight": 0.01764725432447762643,
            "threshold": 81
        },
        {
            "weight": 0.014402644014864523711,
            "threshold": 62
        },
        {
            "weight": 0.015460977167602940954,
            "threshold": 54
        },
        {
            "weight": 0.015199791630816842161,
            "threshold": 72
        },
        {
            "weight": 0.014619180422068207489,
            "threshold": 55
        },
        {
            "weight": 0.013487532869982787193,
            "threshold": 79
        },
        {
            "weight": 0.013164017933133983357,
            "threshold": 60
        },
        {
            "weight": 0.012825973235377024356,
            "threshold": 61
        },
        {
            "weight": 0.013003199073587635992,
            "threshold": 86
        },
        {
            "weight": 0.012535874079250820118,
            "threshold": 68
        },
        {
            "weight": 0.012506976258853783404,
            "threshold": 66
        },
        {
            "weight": 0.013548196279263961112,
            "threshold": 60
        },
        {
            "weight": 0.012047298946168339545,
            "threshold": 73
        },
        {
            "weight": 0.014531762613656483418,
            "threshold": 59
        },
        {
            "weight": 0.011570273554809126434,
            "threshold": 79
        },
        {
            "weight": 0.013617753020536770003,
            "threshold": 67
        },
        {
            "weight": 0.010578742669376237084,
            "threshold": 54
        },
        {
            "weight": 0.013467753282827149564,
            "threshold": 61
        },
        {
            "weight": 0.0099561203015607977612,
            "threshold": 78
        },
        {
            "weight": 0.0090963542131601762136,
            "threshold": 67
        },
        {
            "weight": 0.011971973003407319902,
            "threshold": 62
        },
        {
            "weight": 0.013241954849139534953,
            "threshold": 64
        },
        {
            "weight": 0.0097740349183591951343,
            "threshold": 53
        },
        {
            "weight": 0.010199165170690237606,
            "threshold": 75
        },
        {
            "weight": 0.010323193361466406759,
            "threshold": 78
        },
        {
            "weight": 0.010237929765658595332,
            "threshold": 45
        },
        {
            "weight": 0.0094132064341605221208,
            "threshold": 58
        },
        {
            "weight": 0.0086058568547248328467,
            "threshold": 59
        },
        {
            "weight": 0.010180945292050665174,
            "threshold": 59
        },
        {
            "weight": 0.010253055229461320239,
            "threshold": 63
        },
        {
            "weight": 0.0093783166482672049302,
            "threshold": 67
        },
        {
            "weight": 0.0086605728740564297263,
            "threshold": 59
        },
        {
            "weight": 0.008359110273465530927,
            "threshold": 87
        },
        {
            "weight": 0.010821202922565213711,
            "threshold": 43
        },
        {
            "weight": 0.011764252432550940594,
            "threshold": 76
        },
        {
            "weight": 0.0085650878298255406218,
            "threshold": 62
        },
        {
            "weight": 0.010323158174192992309,
            "threshold": 67
        },
        {
            "weight": 0.0099786655052848879932,
            "threshold": 69
        },
        {
            "weight": 0.0090573827809689120422,
            "threshold": 68
        }
    ]
}
