[
    {
        "descriptors": [
            {
                "angle": 0,
                "path": "variants/kaz_drvlic_type1_front_sample1_0.desc"
            },
            {
                "angle": 90,
                "path": "variants/kaz_drvlic_type1_front_sample1_1.desc"
            },
            {
                "angle": 180,
                "path": "variants/kaz_drvlic_type1_front_sample1_2.desc"
            },
            {
                "angle": 270,
                "path": "variants/kaz_drvlic_type1_front_sample1_3.desc"
            }
        ],
        "keypoints": "variants/kaz_drvlic_type1_front_sample1.txt",
        "(source)": "sources/kaz_drvlic_type1_front_sample1.png"
    }
]