{
  "kaz.visa.type1": {
    "(documentation)": {
      "description": "Kazakhstan Visa (contour of Kazakhstan in the top-left corner)", 
      "name": "Kazakhstan Visa"
    }, 
    "expected_templates": [], 
    "forensic_fields": [
      "check_cd_number_mrz", 
      "check_cd_birth_date_mrz", 
      "check_cd_expiry_date_mrz"
    ], 
    "output_fields": [
      "number", 
      "fee", 
      "invitation", 
      "issue_date", 
      "passport_number", 
      "photo", 
      "duration", 
      "entries_number", 
      "entry_date", 
      "until_date", 
      "issue_place", 
      "name", 
      "last_name", 
      "type", 
      "remarks", 
      "full_mrz", 
      "mrz_doc_type_code", 
      "mrz_issuer", 
      "mrz_expiry_date", 
      "mrz_opt_data_2", 
      "mrz_birth_date", 
      "mrz_nationality", 
      "mrz_number", 
      "mrz_line1", 
      "mrz_gender", 
      "mrz_line2", 
      "mrz_last_name", 
      "mrz_name"
    ], 
    "postprocessors": [
      ":/postprocessor/mrz/mrz_postprocessor_slot.json", 
      ":/postprocessor/mrz/mrz_convention_renaming_slot_notype.json", 
      {
        "input_fields": ["issue_date"], 
        "postprocessor": ":/postprocessor/date/default_issue_date_DDMMYYYY_postprocessor.json"
      }, 
      {
        "input_fields": ["entry_date"], 
        "postprocessor": ":/postprocessor/date/default_expiry_date_DDMMYYYY_postprocessor.json"
      }, 
      {
        "input_fields": ["until_date"], 
        "postprocessor": ":/postprocessor/date/default_expiry_date_DDMMYYYY_postprocessor.json"
      }, 
      {
        "input_fields": ["entries_number"], 
        "postprocessor": "postprocessors/visa_enumber_postprocessor.json"
      }
    ], 
    "rejectors": {"__default__": ":/rejector/default_loyal_rejector.json"}, 
    "templates": {"kaz.visa.type1": {"path": "tpl__kaz.visa.type1.json"}}
  }
}