{
  "kaz.drvlic.type1": {
    "(documentation)": {
      "description": "Kazakh Driving License (stamp with car on the middle, front)", 
      "name": "Kazakh Driving License",
      "prado_link": "http://www.consilium.europa.eu/prado/en/KAZ-FO-01001/index.html"
    }, 
    "expected_templates": ["kaz.drvlic.type1:front"], 
    "output_fields": [
      "number", 
      "residence", 
      "residence_eng", 
      "issue_date", 
      "expiry_date", 
      "photo", 
      "signature", 
      "last_name",
      "last_name_eng",
      "name_and_patronymic",
      "name_eng",  
      "name", 
      "patronymic",
      "birth_date", 
      "birth_place",
      "birth_place_eng"
    ], 
    "postprocessors": [
      {
        "input_fields": ["patronymic"], 
        "postprocessor": ":/postprocessor/slash_left_cropper.json"
      },
      {
        "input_fields": ["last_name"], 
        "postprocessor": ":/postprocessor/slash_left_cropper.json"
      },
      {
        "input_fields": ["name_eng"], 
        "postprocessor": "postprocessors/drvlic_slash_right_cropper.json"
      },
      {
        "input_fields": ["last_name_eng"], 
        "postprocessor": "postprocessors/drvlic_slash_right_cropper.json"
      },
      {
        "input_fields": ["birth_place_eng"], 
        "postprocessor": "postprocessors/drvlic_slash_right_cropper.json"
      }, 
      {
        "input_fields": ["number"], 
        "postprocessor": "postprocessors/drvlic_number_postprocessor.json"
      },  
      {
        "input_fields": ["name_eng"], 
        "postprocessor": ":/postprocessor/punctuation_stripper.json"
      },
      {
        "input_fields": ["last_name_eng"], 
        "postprocessor": ":/postprocessor/punctuation_stripper.json"
      }
    ], 
    "rejectors": {"__default__": ":/rejector/default_loyal_rejector.json"}, 
    "templates": {"kaz.drvlic.type1:front": {"path": "tpl__kaz.drvlic.type1.front.json"}}
  }
}
