{
  "kaz.passport.type1": {
    "(documentation)": {
      "description": "Kazakh Passport (stamp in the top-left corner on the photo, main page)", 
      "name": "Kazakh Passport", 
      "prado_link": "http://www.consilium.europa.eu/prado/en/KAZ-AO-02001/index.html"
    }, 
    "expected_templates": ["kaz.passport.type1:main"], 
    "forensic_fields": [
      "check_dates", 
      "check_number", 
      "check_last_name", 
      "check_name", 
      "check_gender", 
      "check_birth_date", 
      "check_expiry_date", 
      "check_cd_composite_mrz", 
      "check_cd_number_mrz", 
      "check_cd_birth_date_mrz", 
      "check_cd_opt_data_2_mrz", 
      "check_cd_expiry_date_mrz"
    ], 
    "output_fields": [
      "issue_date", 
      "last_name", 
      "last_name_eng", 
      "name", 
      "name_eng", 
      "id_number", 
      "gender", 
      "number", 
      "expiry_date", 
      "photo", 
      "signature", 
      "birth_date", 
      "nationality", 
      "nationality_eng", 
      "birth_place", 
      "birth_place_eng", 
      "authority", 
      "authority_eng", 
      "mrz_doc_type_code", 
      "mrz_birth_date", 
      "mrz_expiry_date", 
      "mrz_number", 
      "mrz_name", 
      "mrz_issuer", 
      "mrz_nationality", 
      "mrz_opt_data_2", 
      "mrz_last_name", 
      "mrz_line1", 
      "mrz_line2", 
      "full_mrz", 
      "mrz_gender", 
      "type"
    ], 
    "postprocessors": [
      ":/postprocessor/mrz/mrz_postprocessor_slot.json", 
      ":/postprocessor/mrz/mrz_convention_renaming_slot_notype.json", 
      {
        "input_fields": ["type"], 
        "postprocessor": ":/postprocessor/dict/passport_type_postprocessor.json"
      }, 
      {
        "input_fields": ["gender"], 
        "postprocessor": ":/postprocessor/alphabet/gender_alphabet_postprocessor.json"
      }, 
      {
        "input_fields": ["number"], 
        "postprocessor": "postprocessors/pass_number_postprocessor.json"
      }, 
      {
        "input_fields": ["id_number"], 
        "postprocessor": ":/postprocessor/alphabet/digits_only_number_12_postprocessor.json"
      }, 
      {
        "input_fields": ["birth_date"], 
        "postprocessor": ":/postprocessor/date/default_birth_date_DDMMYYYY_postprocessor.json"
      }, 
      {
        "input_fields": ["issue_date"], 
        "postprocessor": ":/postprocessor/date/default_issue_date_DDMMYYYY_postprocessor.json"
      }, 
      {
        "input_fields": ["expiry_date"], 
        "postprocessor": ":/postprocessor/date/default_expiry_date_DDMMYYYY_postprocessor.json"
      }, 
      {
        "input_fields": ["name_eng"], 
        "postprocessor": ":/postprocessor/alphabet/eng_letters_alphabet_postprocessor.json"
      }, 
      {
        "input_fields": ["last_name"], 
        "postprocessor": ":/postprocessor/alphabet/kaz_letters_alphabet_postprocessor.json"
      }, 
      {
        "input_fields": ["name"], 
        "postprocessor": ":/postprocessor/alphabet/kaz_letters_alphabet_postprocessor.json"
      }, 
      {
        "input_fields": ["last_name_eng"], 
        "postprocessor": ":/postprocessor/alphabet/eng_letters_alphabet_postprocessor.json"
      }, 
      {
        "input_fields": ["nationality"], 
        "postprocessor": ":/postprocessor/alphabet/eng_letters_alphabet_postprocessor.json"
      }, 
      {
        "input_fields": ["birth_place"], 
        "postprocessor": ":/postprocessor/alphabet/eng_letters_alphabet_postprocessor.json"
      }, 
      {
        "input_fields": ["authority"], 
        "postprocessor": ":/postprocessor/alphabet/eng_letters_alphabet_postprocessor.json"
      }, 
      {
        "input_fields": ["birth_place"], 
        "postprocessor": ":/postprocessor/dict/countries.json"
      }, 
      {
        "input_fields": ["authority"], 
        "postprocessor": "postprocessors/authority_postprocessor.json"
      }, 
      ":/postprocessor/check_dates_postprocessor_slot.json", 
      ":/postprocessor/passport_check_mrz_fields_postprocessor_slot.json", 
      {
        "allow_incomplete_inputs": true, 
        "input_fields": ["nationality", "authority", "birth_place"], 
        "output_fields": [
          "authority", 
          "authority_eng", 
          "birth_place", 
          "birth_place_eng", 
          "nationality", 
          "nationality_eng"
        ], 
        "postprocessor": {
          "settings": {
            "cloning_map": {
              "authority": "authority_eng", 
              "birth_place": "birth_place_eng", 
              "nationality": "nationality_eng"
            }
          }, 
          "type": "clone"
        }
      }
    ], 
    "rejectors": {"__default__": ":/rejector/default_loyal_rejector.json"}, 
    "templates": {
      "kaz.passport.type1:main": {"path": "tpl__kaz.passport.type1.main.json"}
    }
  }
}