{
  "kaz.drvlic.type2": {
    "(documentation)": {
      "description": "Kazakh Driving License (chip on the right and Kazakh flag in the top-left corner, front)", 
      "name": "Kazakh Driving License"
    }, 
    "expected_templates": ["kaz.drvlic.type2:front"], 
    "output_fields": [
      "number", 
      "photo", 
      "signature", 
      "last_name",  
      "last_name_eng", 
      "name",  
      "name_eng",
      "patronymic", 
      "birth_date", 
      "birth_place",  
      "birth_place_eng",
      "issue_date", 
      "expiry_date", 
      "authority",  
      "authority_eng",
      "inn"
    ], 
    "postprocessors": [
      {
        "input_fields": ["authority"], 
        "postprocessor": "postprocessors/drvlic_authority_postprocessor.json"
      },
      {
        "input_fields": ["authority_eng"], 
        "postprocessor": "postprocessors/drvlic_authority_eng_postprocessor.json"
      },
      {
        "input_fields": ["birth_date"], 
        "postprocessor": ":/postprocessor/date/default_birth_date_DDMMYYYY_postprocessor.json"
      }, 
      {
        "input_fields": ["issue_date"], 
        "postprocessor": ":/postprocessor/date/default_issue_date_DDMMYYYY_postprocessor.json"
      }, 
      {
        "input_fields": ["expiry_date"], 
        "postprocessor": ":/postprocessor/date/default_expiry_date_DDMMYYYY_postprocessor.json"
      }, 
      {
        "input_fields": ["inn"], 
        "postprocessor": "postprocessors/drvlic_inn_postprocessor.json"
      }, 
      {
        "input_fields": ["number"], 
        "postprocessor": "postprocessors/drvlic_number_postprocessor.json"
      }, 
      {
        "input_fields": ["name_eng"], 
        "postprocessor": "postprocessors/drvlic_slash_right_cropper.json"
      }, 
      {
        "input_fields": ["last_name_eng"], 
        "postprocessor": "postprocessors/drvlic_slash_right_cropper.json"
      }, 
      {
        "input_fields": ["birth_place_eng"], 
        "postprocessor": "postprocessors/drvlic_slash_right_cropper.json"
      }
    ], 
    "rejectors": {"__default__": ":/rejector/default_loyal_rejector.json"}, 
    "templates": {"kaz.drvlic.type2:front": {"path": "tpl__kaz.drvlic.type2.front.json"}}
  }
}
