{
  "kaz.id.type2": {
    "(documentation)": {
      "description": "Kazakh ID Card (Kazakh flag in the down-right corner, front)", 
      "name": "Kazakh ID Card", 
      "prado_link": "http://www.consilium.europa.eu/prado/en/KAZ-BO-02001/index.html"
    }, 
    "expected_templates": [], 
    "forensic_fields": [
      "check_cd_composite_mrz", 
      "check_cd_number_mrz", 
      "check_cd_birth_date_mrz", 
      "check_cd_expiry_date_mrz", 
      "check_birth_date", 
      "check_expiry_date", 
      "check_name", 
      "check_last_name", 
      "check_number"
    ], 
    "output_fields": [
      "last_name", 
      "name", 
      "photo", 
      "signature", 
      "number", 
      "patronymic", 
      "tin", 
      "birth_date", 
      "birth_place", 
      "ethnicity", 
      "authority", 
      "issue_date", 
      "expiry_date", 
      "full_mrz", 
      "mrz_doc_type_code", 
      "mrz_issuer", 
      "mrz_expiry_date", 
      "mrz_opt_data_1", 
      "mrz_opt_data_2", 
      "mrz_birth_date", 
      "mrz_nationality", 
      "mrz_line3", 
      "mrz_number", 
      "mrz_line1", 
      "mrz_gender", 
      "mrz_line2", 
      "mrz_last_name", 
      "mrz_name"
    ], 
    "postprocessors": [
      ":/postprocessor/mrz/mrz_postprocessor_slot.json", 
      ":/postprocessor/mrz/mrz_convention_renaming_slot_notype.json", 
      {
        "input_fields": ["issue_date"], 
        "postprocessor": ":/postprocessor/date/default_issue_date_DDMMYYYY_postprocessor.json"
      }, 
      {
        "input_fields": ["birth_date"], 
        "postprocessor": ":/postprocessor/date/default_birth_date_DDMMYYYY_postprocessor.json"
      }, 
      {
        "input_fields": ["expiry_date"], 
        "postprocessor": ":/postprocessor/date/default_expiry_date_DDMMYYYY_postprocessor.json"
      }, 
      {
        "input_fields": ["number"], 
        "postprocessor": ":/postprocessor/alphabet/digits_only_number_9_postprocessor.json"
      }, 
      {
        "input_fields": ["tin"], 
        "postprocessor": ":/postprocessor/alphabet/digits_only_number_12_postprocessor.json"
      }, 
      {
        "input_fields": ["patronymic"], 
        "postprocessor": ":/postprocessor/alphabet/kaz_letters_alphabet_postprocessor.json"
      }, 
      {
        "input_fields": ["last_name"], 
        "postprocessor": ":/postprocessor/alphabet/kaz_letters_alphabet_postprocessor.json"
      }, 
      {
        "input_fields": ["name"], 
        "postprocessor": ":/postprocessor/alphabet/kaz_letters_alphabet_postprocessor.json"
      }, 
      {
        "input_fields": ["ethnicity"], 
        "postprocessor": ":/postprocessor/alphabet/kaz_letters_alphabet_postprocessor.json"
      }, 
      {
        "input_fields": ["ethnicity"], 
        "postprocessor": ":/postprocessor/punctuation_filter.json"
      }, 
      {
        "input_fields": ["birth_place"], 
        "postprocessor": ":/postprocessor/alphabet/kaz_letters_alphabet_postprocessor.json"
      }, 
      {
        "input_fields": ["authority"], 
        "postprocessor": ":/postprocessor/alphabet/kaz_letters_alphabet_postprocessor.json"
      }, 
      {
        "input_fields": ["name"], 
        "postprocessor": "postprocessors/strings_replacer.json"
      }, 
      {
        "input_fields": ["last_name"], 
        "postprocessor": "postprocessors/strings_replacer.json"
      }, 
      {
        "input_fields": ["patronymic"], 
        "postprocessor": "postprocessors/strings_replacer.json"
      }, 
      {
        "input_fields": ["birth_place"], 
        "postprocessor": "postprocessors/strings_replacer.json"
      }, 
      {
        "input_fields": ["ethnicity"], 
        "postprocessor": "postprocessors/strings_replacer.json"
      }, 
      {
        "input_fields": ["authority"], 
        "postprocessor": "postprocessors/strings_replacer.json"
      }, 
      ":/postprocessor/check_mrz/id_check_mrz_fields_postprocessor_slot_variant17.json"
    ], 
    "rejectors": {"__default__": ":/rejector/default_loyal_rejector.json"}, 
    "templates": {
      "kaz.id.type2:back": {"path": "tpl__kaz.id.type2.back.json"}, 
      "kaz.id.type2:front1": {"path": "tpl__kaz.id.type2.front1.json"}, 
      "kaz.id.type2:front2": {"path": "tpl__kaz.id.type2.front2.json"}, 
      "kaz.id.type2:residence_front1": {"path": "tpl__kaz.id.type2.residence_front1.json"}
    }
  }
}