{
  "kaz.drvlic.type2:front": {
    "config": "templates/kaz.drvlic.type2.front.common.json",
    "expected_fields": [
      "issue_date",
      "last_name",
      "name",
      "number",
      "authority",
      "patronymic",
      "inn",
      "expiry_date",
      "birth_place",
      "birth_date"
    ],
    "field_group_preprocessors": {
      "clonning_bp": {
        "workflow": {
          "settings": {"cloning_map": {"birth_date_and_place_raw": ["birth_place_eng"]}},
          "type": "cloning"
        }
      },
      "clonning_last_name": {
        "workflow": {
          "settings": {"cloning_map": {"last_name_raw": ["last_name_eng"]}},
          "type": "cloning"
        }
      },
      "clonning_name": {
        "workflow": {
          "settings": {"cloning_map": {"name_and_patronymic_raw": ["name_eng"]}},
          "type": "cloning"
        }
      }
    },
    "fields": {
      "authority": {
        "scale": 2.2,
        "workflow": {
          "settings": {
            "custom_alphabet": "\u0410\u04d8\u0411\u0412\u0413\u0492\u0414\u0415\u0401\u0416\u0417\u0418\u0419\u041a\u049a\u041b\u041c\u041d\u04a2\u041e\u04e8\u041f\u0420\u0421\u0422\u0423\u04b0\u04ae\u0424\u0425\u04ba\u0426\u0427\u0428\u0429\u042a\u042bI\u042c\u042d\u042e\u042f -.,/4)",
            "deshearer": ":/mixangler/dummy_deshearer.json",
            "recstr": ":/recstr/kaz.drvlic__kaz_sym_recstr.json"
          },
          "type": "common"
        }
      },
      "authority_eng": {
        "scale": 2.2,
        "workflow": {
          "settings": {
            "custom_alphabet": "ABCDEFGHIJKLMNOPQRSTUVWXYZ ",
            "deshearer": ":/mixangler/dummy_deshearer.json",
            "recstr": ":/recstr/111_eu_n0404_recstr.json"
          },
          "type": "common"
        }
      },
      "birth_date_and_place_raw": {
        "scale": 2.0,
        "workflow": {
          "settings": {
            "custom_alphabet": "\u0410\u04d8\u0411\u0412\u0413\u0492\u0414\u0415\u0401\u0416\u0417\u0418\u0419\u041a\u049a\u041b\u041c\u041d\u04a2\u041e\u04e8\u041f\u0420\u0421\u0422\u0423\u04b0\u04ae\u0424\u0425\u04ba\u0426\u0427\u0428\u0429\u042a\u042bI\u042c\u042d\u042e\u042f -.,/'\\\"123456789",
            "deshearer": ":/mixangler/dummy_deshearer.json",
            "recstr": ":/recstr/kaz.drvlic__kaz_symdig_recstr.json"
          },
          "type": "common"
        }
      },
      "birth_place_eng": {
        "scale": 3.0,
        "workflow": {
          "settings": {
            "custom_alphabet": "ABCDEFGHIJKLMNOPQRSTUVWXYZ -.,/",
            "deshearer": ":/mixangler/dummy_deshearer.json",
            "recstr": ":/recstr/111_eu_n0166_recstr.json"
          },
          "type": "common"
        }
      },
      "expiry_date": {
        "scale": 2.0,
        "workflow": {
          "settings": {
            "custom_alphabet": "O123456789 .-AB)",
            "deshearer": ":/mixangler/dummy_deshearer.json",
            "recstr": ":/recstr/111_eu_n0063_recstr.json"
          },
          "type": "common"
        }
      },
      "inn": {
        "scale": 2.0,
        "workflow": {
          "settings": {
            "custom_alphabet": "DIN\u0416CH123456789 /",
            "deshearer": ":/mixangler/dummy_deshearer.json",
            "recstr": ":/recstr/kaz.drvlic__inn_recstr.json"
          },
          "type": "common"
        }
      },
      "issue_date": {
        "scale": 2.0,
        "workflow": {
          "settings": {
            "custom_alphabet": "0123456789 .-",
            "deshearer": ":/mixangler/dummy_deshearer.json",
            "recstr": ":/recstr/app_001_thin.json"
          },
          "type": "common"
        }
      },
      "last_name_eng": {
        "scale": 2.0,
        "workflow": {
          "settings": {
            "custom_alphabet": "ABCDEFGHIJKLMNOPQRSTUVWXYZ -.,/",
            "deshearer": ":/mixangler/dummy_deshearer.json",
            "recstr": ":/recstr/111_eu_n0223_recstr.json"
          },
          "type": "common"
        }
      },
      "last_name_raw": {
        "scale": 2.0,
        "workflow": {
          "settings": {
            "custom_alphabet": "\u0410\u04d8\u0411\u0412\u0413\u0492\u0414\u0415\u0401\u0416\u0417\u0418\u0419\u041a\u049a\u041b\u041c\u041d\u04a2\u041e\u04e8\u041f\u0420\u0421\u0422\u0423\u04b0\u04ae\u0424\u0425\u04ba\u0426\u0427\u0428\u0429\u042a\u042bI\u042c\u042d\u042e\u042f -.,/1",
            "deshearer": ":/mixangler/dummy_deshearer.json",
            "recstr": ":/recstr/kaz.drvlic__kaz_sym_recstr.json"
          },
          "type": "common"
        }
      },
      "name_and_patronymic_raw": {
        "scale": 2.0,
        "workflow": {
          "settings": {
            "custom_alphabet": "\u0410\u04d8\u0411\u0412\u0413\u0492\u0414\u0415\u0401\u0416\u0417\u0418\u0419\u041a\u049a\u041b\u041c\u041d\u04a2\u041e\u04e8\u041f\u0420\u0421\u0422\u0423\u04b0\u04ae\u0424\u0425\u04ba\u0426\u0427\u0428\u0429\u042a\u042bI\u042c\u042d\u042e\u042f -.,/2",
            "deshearer": ":/mixangler/dummy_deshearer.json",
            "recstr": ":/recstr/kaz.drvlic__kaz_sym_recstr.json"
          },
          "type": "common"
        }
      },
      "name_eng": {
        "scale": 2.0,
        "workflow": {
          "settings": {
            "custom_alphabet": "ABCDEFGHIJKLMNOPQRSTUVWXYZ -.,/",
            "deshearer": ":/mixangler/dummy_deshearer.json",
            "recstr": ":/recstr/111_eu_n0223_recstr.json"
          },
          "type": "common"
        }
      },
      "number": {
        "scale": 2.0,
        "workflow": {
          "settings": {
            "custom_alphabet": "ABCDEFGHIJKLMNOPQRSTUVWXYZ123456789\u2116 -/",
            "deshearer": ":/mixangler/dummy_deshearer.json",
            "recstr": ":/recstr/111_eu_n0084_recstr.json"
          },
          "type": "common"
        }
      },
      "photo": {"workflow": {"settings": {}, "type": "image"}},
      "signature": {"workflow": {"settings": {}, "type": "image"}}
    },
    "formatters": [
      {
        "formatter": "postprocessors/drvlic_4_field_name_remover.json",
        "input_fields": ["issue_date"]
      },
      {
        "formatter": "postprocessors/drvlic_4_field_name_remover.json",
        "input_fields": ["expiry_date"]
      },
      {
        "formatter": "postprocessors/drvlic_4_field_name_remover.json",
        "input_fields": ["inn"]
      },
      {
        "formatter": "postprocessors/drvlic_4_field_name_remover.json",
        "input_fields": ["authority"]
      },
      {
        "formatter": "postprocessors/drvlic_field_name_remover.json",
        "input_fields": ["last_name_raw"]
      },
      {
        "formatter": "postprocessors/drvlic_field_name_remover.json",
        "input_fields": ["name_and_patronymic_raw"]
      },
      {
        "formatter": "postprocessors/drvlic_field_name_remover.json",
        "input_fields": ["birth_date_and_place_raw"]
      },
      {
        "formatter": "postprocessors/drvlic_field_name_remover.json",
        "input_fields": ["number"]
      },
      {
        "formatter": ":/postprocessor/spaces_stripper.json",
        "input_fields": ["issue_date"]
      },
      {
        "formatter": ":/postprocessor/spaces_stripper.json",
        "input_fields": ["expiry_date"]
      },
      {"formatter": ":/postprocessor/spaces_stripper.json", "input_fields": ["inn"]},
      {
        "formatter": ":/postprocessor/spaces_stripper.json",
        "input_fields": ["authority"]
      },
      {
        "formatter": ":/postprocessor/spaces_stripper.json",
        "input_fields": ["last_name_raw"]
      },
      {
        "formatter": ":/postprocessor/spaces_stripper.json",
        "input_fields": ["name_and_patronymic_raw"]
      },
      {
        "formatter": ":/postprocessor/spaces_stripper.json",
        "input_fields": ["birth_date_and_place_raw"]
      },
      {"formatter": ":/postprocessor/spaces_stripper.json", "input_fields": ["number"]},
      {
        "formatter": ":/postprocessor/lat_cyr_replacer.json",
        "input_fields": ["last_name_raw"]
      },
      {
        "formatter": ":/postprocessor/lat_cyr_replacer.json",
        "input_fields": ["authority"]
      },
      {
        "formatter": ":/postprocessor/lat_cyr_replacer.json",
        "input_fields": ["name_and_patronymic_raw"]
      },
      {
        "formatter": "postprocessors/drvlic_surname_postprocessor.json",
        "input_fields": ["last_name_raw"],
        "output_fields": ["last_name"]
      },
      {
        "formatter": "postprocessors/drvlic_name_patronymic_postprocessor.json",
        "input_fields": ["name_and_patronymic_raw"],
        "output_fields": ["name_and_patronymic"]
      },
      {
        "formatter": {
          "settings": {
            "input_field": "name_and_patronymic",
            "output_fields_sequence": ["name", "patronymic"],
            "separator": " "
          },
          "type": "splitter"
        },
        "input_fields": ["name_and_patronymic"],
        "output_fields": ["name", "patronymic"]
      },
      {
        "formatter": "postprocessors/drvlic_birth_date_and_place_postprocessor.json",
        "input_fields": ["birth_date_and_place_raw"],
        "output_fields": ["birth_date_and_place", "birth_date", "birth_place"]
      },
      {
        "formatter": ":/postprocessor/lat_cyr_replacer.json",
        "input_fields": ["birth_place"]
      },
      {
        "formatter": "postprocessors/drvlic_number_replacer.json",
        "input_fields": ["birth_date"]
      },
      {
        "formatter": ":/postprocessor/date/default_birth_date_DDMMYYYY_formatter.json",
        "input_fields": ["birth_date"]
      },
      {
        "formatter": ":/postprocessor/date/default_issue_date_DDMMYYYY_formatter.json",
        "input_fields": ["issue_date"]
      },
      {
        "formatter": ":/postprocessor/date/default_expiry_date_DDMMYYYY_formatter.json",
        "input_fields": ["expiry_date"]
      },
      {"formatter": ":/postprocessor/punctuation_filter.json", "input_fields": ["inn"]},
      {
        "formatter": {
          "settings": {
            "input_field": "number",
            "output_fields_sequence": ["series", "N", "number"],
            "separator": " "
          },
          "type": "splitter"
        },
        "input_fields": ["number"],
        "output_fields": ["series", "N", "number"]
      },
      {
        "formatter": "postprocessors/drvlic_number_replacer.json",
        "input_fields": ["number"]
      },
      {
        "formatter": {"settings": {"value": "\u2116"}, "type": "stub"},
        "input_fields": ["N"]
      },
      {
        "formatter": ":/postprocessor/punctuation_filter.json",
        "input_fields": ["series"]
      },
      {
        "formatter": ":/postprocessor/punctuation_filter.json",
        "input_fields": ["number"]
      },
      {
        "formatter": {
          "settings": {
            "input_fields_sequence": ["series", "N", "number"],
            "output_field": "number",
            "separator": " "
          },
          "type": "merge"
        },
        "input_fields": ["series", "N", "number"],
        "output_fields": ["number"]
      },
      {
        "formatter": ":/postprocessor/lat_cyr_replacer.json",
        "input_fields": ["birth_date_and_place_raw"]
      }
    ],
    "image_integrators": {
      "__default__": ":/integrator/default_image_integrator.json",
      "photo": ":/integrator/default_photo_integrator.json"
    },
    "integrators": {"__default__": ":/integrator/default_rover_integrator.json"},
    "size": [856, 540],
    "zones": {
      "data": {
        "rect": [282, 114, 563, 280],
        "workflow": {
          "settings": {"vertsgm": "vertsgm/new_drvlic_type2.json"},
          "type": "common"
        }
      },
      "photo_zone": {
        "rect": [30, 125, 245, 345],
        "workflow": ":/photo_retriever/common_objed_photo_retriever.json"
      },
      "signature_zone": {
        "rect": [335, 365, 220, 75],
        "workflow": {
          "settings": {"output_field_name": "signature"},
          "type": "image_retriever"
        }
      }
    }
  }
}