{
  "kaz.drvlic.type1:front": {
    "config": "templates/kaz.drvlic.type1.front.common.json",
    "expected_fields": [
      "issue_date",
      "residence",
      "number",
      "surname",
      "surname_eng",
      "expiry_date",
      "residence_eng",
      "birth_date_and_place",
      "name_and_patronymic"
    ],
    "field_group_preprocessors": {
      "clonning_bp": {
        "workflow": {
          "settings": {"cloning_map": {"birth_date_and_place": ["birth_place_eng"]}},
          "type": "cloning"
        }
      },
      "clonning_last_name": {
        "workflow": {
          "settings": {"cloning_map": {"last_name": ["last_name_eng"]}},
          "type": "cloning"
        }
      },
      "clonning_name": {
        "workflow": {
          "settings": {"cloning_map": {"name_and_patronymic": ["name_eng"]}},
          "type": "cloning"
        }
      }
    },
    "fields": {
      "birth_date_and_place": {
        "scale": 2.0,
        "workflow": {
          "settings": {
            "custom_alphabet": "\u0410\u04d8\u0411\u0412\u0413\u0492\u0414\u0415\u0401\u0416\u0417\u0418\u0419\u041a\u049a\u041b\u041c\u041d\u04a2\u041e\u04e8\u041f\u0420\u0421\u0422\u0423\u04b0\u04ae\u0424\u0425\u04ba\u0426\u0427\u0428\u0429\u042a\u042bI\u042c\u042d\u042e\u042f -.,/'\\\"123456789",
            "deshearer": ":/mixangler/dummy_deshearer.json",
            "recstr": ":/recstr/kaz.drvlic__kaz_symdig_recstr.json"
          },
          "type": "common"
        }
      },
      "birth_place_eng": {
        "scale": 2.0,
        "workflow": {
          "settings": {
            "custom_alphabet": "ABCDEFGHIJKLMNOPQRSTUVWXYZ -.,/",
            "deshearer": ":/mixangler/dummy_deshearer.json",
            "recstr": ":/recstr/111_eu_n0063_recstr.json"
          },
          "type": "common"
        }
      },
      "expiry_date": {
        "scale": 2.0,
        "workflow": {
          "settings": {
            "custom_alphabet": "0123456789 .-",
            "deshearer": ":/mixangler/dummy_deshearer.json",
            "recstr": ":/recstr/001__n0057_recstr.json"
          },
          "type": "common"
        }
      },
      "issue_date": {
        "scale": 2.0,
        "workflow": {
          "settings": {
            "custom_alphabet": "0123456789 .-",
            "deshearer": ":/mixangler/dummy_deshearer.json",
            "recstr": ":/recstr/app_001_ocrblike_spacing.json"
          },
          "type": "common"
        }
      },
      "last_name": {
        "scale": 1.8,
        "workflow": {
          "settings": {
            "custom_alphabet": "\u0410\u04d8\u0411\u0412\u0413\u0492\u0414\u0415\u0401\u0416\u0417\u0418\u0419\u041a\u049a\u041b\u041c\u041d\u04a2\u041e\u04e8\u041f\u0420\u0421\u0422\u0423\u04b0\u04ae\u0424\u0425\u04ba\u0426\u0427\u0428\u0429\u042a\u042bI\u042c\u042d\u042e\u042f -.,/",
            "deshearer": ":/mixangler/dummy_deshearer.json",
            "recstr": ":/recstr/kaz.drvlic__kaz_sym_recstr.json"
          },
          "type": "common"
        }
      },
      "last_name_eng": {
        "scale": 2.0,
        "workflow": {
          "settings": {
            "custom_alphabet": "ABCDEFGHIJKLMNOPQRSTUVWXYZ -.,/",
            "deshearer": ":/mixangler/dummy_deshearer.json",
            "recstr": ":/recstr/111_eu_n0063_recstr.json"
          },
          "type": "common"
        }
      },
      "name_and_patronymic": {
        "scale": 2.0,
        "workflow": {
          "settings": {
            "custom_alphabet": "\u0410\u04d8\u0411\u0412\u0413\u0492\u0414\u0415\u0401\u0416\u0417\u0418\u0419\u041a\u049a\u041b\u041c\u041d\u04a2\u041e\u04e8\u041f\u0420\u0421\u0422\u0423\u04b0\u04ae\u0424\u0425\u04ba\u0426\u0427\u0428\u0429\u042a\u042bI\u042c\u042d\u042e\u042f -.,/",
            "deshearer": ":/mixangler/dummy_deshearer.json",
            "recstr": ":/recstr/kaz.drvlic__kaz_sym_recstr.json"
          },
          "type": "common"
        }
      },
      "name_eng": {
        "scale": 2.0,
        "workflow": {
          "settings": {
            "custom_alphabet": "ABCDEFGHIJKLMNOPQRSTUVWXYZ -.,/",
            "deshearer": ":/mixangler/dummy_deshearer.json",
            "recstr": ":/recstr/111_eu_n0223_recstr.json"
          },
          "type": "common"
        }
      },
      "number": {
        "scale": 1.4,
        "workflow": {
          "settings": {
            "custom_alphabet": "ABCDEFGHIJKLMNOPQRSTUVWXYZ123456789\u2116 -/",
            "deshearer": ":/mixangler/dummy_deshearer.json",
            "recstr": ":/recstr/111_eu_n0006_recstr.json"
          },
          "type": "common"
        }
      },
      "photo": {"workflow": {"settings": {}, "type": "image"}},
      "residence": {
        "scale": 2.0,
        "workflow": {
          "settings": {
            "custom_alphabet": "\u0410\u04d8\u0411\u0412\u0413\u0492\u0414\u0415\u0401\u0416\u0417\u0418\u0419\u041a\u049a\u041b\u041c\u041d\u04a2\u041e\u04e8\u041f\u0420\u0421\u0422\u0423\u04b0\u04ae\u0424\u0425\u04ba\u0426\u0427\u0428\u0429\u042a\u042bI\u042c\u042d\u042e\u042f -.,/",
            "deshearer": ":/mixangler/dummy_deshearer.json",
            "recstr": ":/recstr/kaz.drvlic__kaz_sym_recstr.json"
          },
          "type": "common"
        }
      },
      "residence_eng": {
        "scale": 2.0,
        "workflow": {
          "settings": {
            "custom_alphabet": "ABCDEFGHIJKLMNOPQRSTUVWXYZ -.",
            "deshearer": ":/mixangler/dummy_deshearer.json",
            "recstr": ":/recstr/111_eu_n0029_recstr.json"
          },
          "type": "common"
        }
      },
      "signature": {"workflow": {"settings": {}, "type": "image"}}
    },
    "formatters": [
      {
        "formatter": ":/postprocessor/lat_cyr_replacer.json",
        "input_fields": ["residence"]
      },
      {
        "formatter": ":/postprocessor/lat_cyr_replacer.json",
        "input_fields": ["name_and_patronymic"]
      },
      {
        "formatter": ":/postprocessor/lat_cyr_replacer.json",
        "input_fields": ["last_name"]
      },
      {
        "formatter": ":/postprocessor/slash_left_cropper.json",
        "input_fields": ["birth_date_and_place"],
        "output_fields": ["birth_date_and_place"]
      },
      {
        "formatter": {
          "settings": {
            "clutter_alphabet": " .,\"/\\-'",
            "max_clutter_left": 3,
            "max_clutter_right": 0
          },
          "type": "clutter_remover"
        },
        "input_fields": ["birth_date_and_place"],
        "output_fields": ["birth_date_and_place"]
      },
      {
        "formatter": {
          "settings": {
            "mode": "custom",
            "output_fields_sequence": [
              {"location": "left", "output_field_name": "birth_date"},
              {"location": "rest", "output_field_name": "birth_place"}
            ],
            "separator": [",", ".", " "]
          },
          "type": "splitter"
        },
        "input_fields": ["birth_date_and_place"],
        "output_fields": ["birth_date", "birth_place"]
      },
      {
        "formatter": ":/postprocessor/alphabet/digits_only_alphabet_postprocessor.json",
        "input_fields": ["birth_date"]
      },
      {
        "formatter": ":/postprocessor/spaces_stripper.json",
        "input_fields": ["birth_place"]
      },
      {
        "formatter": ":/postprocessor/date/default_issue_date_DDMMYYYY_formatter.json",
        "input_fields": ["issue_date"]
      },
      {
        "formatter": ":/postprocessor/date/default_expiry_date_DDMMYYYY_formatter.json",
        "input_fields": ["expiry_date"]
      },
      {
        "formatter": ":/postprocessor/punctuation_stripper.json",
        "input_fields": ["name_and_patronymic"]
      },
      {"formatter": ":/postprocessor/spaces_stripper.json", "input_fields": ["number"]},
      {
        "formatter": {
          "settings": {
            "input_field": "number",
            "output_fields_sequence": ["series", "N", "number"],
            "separator": " "
          },
          "type": "splitter"
        },
        "input_fields": ["number"],
        "output_fields": ["series", "N", "number"]
      },
      {
        "formatter": {"settings": {"value": "\u2116"}, "type": "stub"},
        "input_fields": ["N"]
      },
      {
        "formatter": ":/postprocessor/punctuation_filter.json",
        "input_fields": ["series"]
      },
      {
        "formatter": ":/postprocessor/punctuation_filter.json",
        "input_fields": ["number"]
      },
      {
        "formatter": {
          "settings": {
            "input_fields_sequence": ["series", "N", "number"],
            "output_field": "number",
            "separator": " "
          },
          "type": "merge"
        },
        "input_fields": ["series", "N", "number"],
        "output_fields": ["number"]
      },
      {
        "formatter": ":/postprocessor/punctuation_stripper.json",
        "input_fields": ["name_and_patronymic"]
      },
      {
        "formatter": {
          "settings": {
            "input_field": "name_and_patronymic",
            "output_fields_sequence": ["name", "patronymic"],
            "separator": " "
          },
          "type": "splitter"
        },
        "input_fields": ["name_and_patronymic"],
        "output_fields": ["name", "patronymic"]
      },
      {
        "formatter": ":/postprocessor/lat_cyr_replacer.json",
        "input_fields": ["birth_date_and_place"]
      }
    ],
    "image_integrators": {
      "__default__": ":/integrator/default_image_integrator.json",
      "photo": ":/integrator/default_photo_integrator.json"
    },
    "integrators": {"__default__": ":/integrator/default_rover_integrator.json"},
    "size": [856, 540],
    "zones": {
      "data": {
        "rect": [20, 90, 550, 410],
        "workflow": {
          "settings": {"vertsgm": "vertsgm/new_drvlic_type1.json"},
          "type": "common"
        }
      },
      "photo_zone": {
        "rect": [595, 110, 235, 335],
        "workflow": ":/photo_retriever/common_objed_photo_retriever.json"
      },
      "signature_zone": {
        "rect": [305, 310, 130, 75],
        "workflow": {
          "settings": {"output_field_name": "signature"},
          "type": "image_retriever"
        }
      }
    }
  }
}