{
  "kaz.passport.type2:main": {
    "config": "templates/kaz.passport.type2.main.common.json",
    "expected_fields": [
      "issue_date",
      "last_name_eng",
      "name_eng",
      "number",
      "authority",
      "expiry_date",
      "birth_place",
      "birth_date",
      "nationality"
    ],
    "fields": {
      "authority0": {
        "scale": 1.6,
        "workflow": {
          "settings": {
            "custom_alphabet": "ABCDEFGHIJKLMNOPQRSTUVWXYZ -.",
            "deshearer": ":/mixangler/dummy_deshearer.json",
            "recstr": ":/recstr/111_eu_n0110_recstr.json"
          },
          "type": "common"
        }
      },
      "authority1": {
        "scale": 1.6,
        "workflow": {
          "settings": {
            "custom_alphabet": "ABCDEFGHIJKLMNOPQRSTUVWXYZ -.",
            "deshearer": ":/mixangler/dummy_deshearer.json",
            "recstr": ":/recstr/111_eu_n0099_recstr.json"
          },
          "type": "common"
        }
      },
      "birth_date": {
        "scale": 1.5,
        "workflow": {
          "settings": {
            "custom_alphabet": "0123456789 .-",
            "deshearer": ":/mixangler/dummy_deshearer.json",
            "recstr": ":/recstr/app_001_wide.json"
          },
          "type": "common"
        }
      },
      "birth_place": {
        "scale": 1.5,
        "workflow": {
          "settings": {
            "custom_alphabet": "ABCDEFGHIJKLMNOPQRSTUVWXYZ -.",
            "deshearer": ":/mixangler/dummy_deshearer.json",
            "recstr": ":/recstr/111_eu_n0099_recstr.json"
          },
          "type": "common"
        }
      },
      "expiry_date": {
        "scale": 1.5,
        "workflow": {
          "settings": {
            "custom_alphabet": "0123456789 .-",
            "deshearer": ":/mixangler/dummy_deshearer.json",
            "recstr": ":/recstr/001__n0057_recstr.json"
          },
          "type": "common"
        }
      },
      "gender": {
        "scale": 1.5,
        "workflow": {
          "settings": {
            "custom_alphabet": "ABCDEFGHIJKLMNOPQRSTUVWXYZ -.",
            "deshearer": ":/mixangler/dummy_deshearer.json",
            "recstr": ":/recstr/111_eu_n0337_recstr.json"
          },
          "type": "common"
        }
      },
      "issue_date": {
        "scale": 1.5,
        "workflow": {
          "settings": {
            "custom_alphabet": "0123456789 .-",
            "deshearer": ":/mixangler/dummy_deshearer.json",
            "recstr": ":/recstr/001__n0087_recstr.json"
          },
          "type": "common"
        }
      },
      "last_name_eng": {
        "scale": 1.6,
        "workflow": {
          "settings": {
            "custom_alphabet": "ABCDEFGHIJKLMNOPQRSTUVWXYZ -.",
            "deshearer": ":/mixangler/dummy_deshearer.json",
            "recstr": ":/recstr/111_eu_n0099_recstr.json"
          },
          "type": "common"
        }
      },
      "mrz_line1": {"scale": 1.2, "workflow": ":/mrz-data/mrz_field_workflow.json"},
      "mrz_line2": {"scale": 1.2, "workflow": ":/mrz-data/mrz_field_workflow.json"},
      "name_eng": {
        "scale": 1.4,
        "workflow": {
          "settings": {
            "custom_alphabet": "ABCDEFGHIJKLMNOPQRSTUVWXYZ -.",
            "deshearer": ":/mixangler/dummy_deshearer.json",
            "recstr": ":/recstr/111_eu_n0267_recstr.json"
          },
          "type": "common"
        }
      },
      "nationality": {
        "scale": 1.6,
        "workflow": {
          "settings": {
            "custom_alphabet": "ABCDEFGHIJKLMNOPQRSTUVWXYZ -.",
            "deshearer": ":/mixangler/dummy_deshearer.json",
            "recstr": ":/recstr/111_eu_n0099_recstr.json"
          },
          "type": "common"
        }
      },
      "number": {
        "scale": 1.5,
        "workflow": {
          "settings": {
            "custom_alphabet": "ABCDEFGHIJKLMNOPQRSTUVWXYZ -.,/'\\\"123456789",
            "deshearer": ":/mixangler/dummy_deshearer.json",
            "recstr": ":/recstr/111_eu_n0114_recstr.json"
          },
          "type": "common"
        }
      },
      "photo": {"workflow": {"settings": {}, "type": "image"}},
      "type": {
        "scale": 1.5,
        "workflow": ":/field_processors/passport_type_processor.json"
      }
    },
    "formatters": [
      ":/postprocessor/mrz/mrz_formatter_slot_new_mrp.json",
      {
        "formatter": ":/postprocessor/punctuation_filter.json",
        "input_fields": ["number"]
      },
      {
        "formatter": ":/postprocessor/date/default_birth_date_DDMMYYYY_formatter.json",
        "input_fields": ["birth_date"]
      },
      {
        "formatter": ":/postprocessor/date/default_issue_date_DDMMYYYY_formatter.json",
        "input_fields": ["issue_date"]
      },
      {
        "formatter": ":/postprocessor/date/default_expiry_date_DDMMYYYY_formatter.json",
        "input_fields": ["expiry_date"]
      },
      {
        "allow_incomplete_inputs": true,
        "formatter": {
          "settings": {
            "input_fields_sequence": ["authority0", "authority1"],
            "output_field": "authority",
            "separator": " "
          },
          "type": "merge"
        },
        "input_fields": ["authority0", "authority1"],
        "output_fields": ["authority"]
      }
    ],
    "image_integrators": {
      "__default__": ":/integrator/default_image_integrator.json",
      "photo": ":/integrator/default_photo_integrator.json"
    },
    "integrators": {
      "__default__": ":/integrator/default_rover_integrator.json",
      "birth_date": ":/integrator/default_token_integrator.json",
      "expiry_date": ":/integrator/default_token_integrator.json",
      "full_mrz": ":/integrator/default_mrz_integrator.json",
      "issue_date": ":/integrator/default_token_integrator.json",
      "number": ":/integrator/default_token_integrator.json"
    },
    "size": [800, 560],
    "zones": {
      "data": {
        "rect": [254, 64, 476, 366],
        "workflow": {
          "settings": {"vertsgm": "vertsgm/new_psp_type2.json"},
          "type": "common"
        }
      },
      "mrz_zone": {
        "rect": [0, 300, 800, 260],
        "size_override": [1200, 390],
        "workflow": ":/mrz-data/mrz_zone_workflow_mrp.json"
      },
      "photo_zone": {
        "rect": [20, 100, 245, 325],
        "workflow": ":/photo_retriever/common_objed_photo_retriever.json"
      }
    }
  }
}