{
  "kaz.vrc.type1:back": {
    "config": "templates/kaz.vrc.type1.back.common.json", 
    "expected_fields": ["apartment", "building", "district"], 
    "fields": {
      "apartment": {
        "scale": 2.0, 
        "workflow": {
          "settings": {
            "custom_alphabet": "0123456789 .-", 
            "deshearer": ":/mixangler/dummy_deshearer.json", 
            "recstr": ":/recstr/001__n0031_recstr.json"
          }, 
          "type": "common"
        }
      }, 
      "building": {
        "scale": 2.0, 
        "workflow": {
          "settings": {
            "custom_alphabet": "АӘБВГҒДЕЁЖЗИЙКҚЛМНҢОӨПРСТУҰҮФХҺЦЧШЩЪЫIЬЭЮЯ -.,/'\\\"123456789", 
            "deshearer": ":/mixangler/dummy_deshearer.json", 
            "recstr": ":/recstr/kaz.drvlic__kaz_symdig_recstr.json"
          }, 
          "type": "common"
        }
      }, 
      "city_raw": {
        "scale": 2.0, 
        "workflow": {
          "settings": {
            "custom_alphabet": "АӘБВГҒДЕЁЖЗИЙКҚЛМНҢОӨПРСТУҰҮФХҺЦЧШЩЪЫIЬЭЮЯ -.,/", 
            "deshearer": ":/mixangler/dummy_deshearer.json", 
            "recstr": ":/recstr/kaz.vrc__color_recstr.json"
          }, 
          "type": "common"
        }
      }, 
      "district": {
        "scale": 2.0, 
        "workflow": {
          "settings": {
            "custom_alphabet": "АӘБВГҒДЕЁЖЗИЙКҚЛМНҢОӨПРСТУҰҮФХҺЦЧШЩЪЫIЬЭЮЯ -.,/", 
            "deshearer": ":/mixangler/dummy_deshearer.json", 
            "recstr": ":/recstr/kaz.vrc__color_recstr.json"
          }, 
          "type": "common"
        }
      }, 
      "issue_day": {
        "scale": 2.0, 
        "workflow": {
          "settings": {
            "custom_alphabet": "0123456789 .-", 
            "deshearer": ":/mixangler/dummy_deshearer.json", 
            "recstr": ":/recstr/001__n0031_recstr.json"
          }, 
          "type": "common"
        }
      }, 
      "issue_month": {
        "scale": 2.0, 
        "workflow": {
          "settings": {
            "custom_alphabet": "АӘБВГҒДЕЁЖЗИЙКҚЛМНҢОӨПРСТУҰҮФХҺЦЧШЩЪЫIЬЭЮЯ -.,/", 
            "deshearer": ":/mixangler/dummy_deshearer.json", 
            "recstr": ":/recstr/kaz.vrc__color_recstr.json"
          }, 
          "type": "common"
        }
      }, 
      "issue_year": {
        "scale": 2.0, 
        "workflow": {
          "settings": {
            "custom_alphabet": "0123456789 .-", 
            "deshearer": ":/mixangler/dummy_deshearer.json", 
            "recstr": ":/recstr/001__n0031_recstr.json"
          }, 
          "type": "common"
        }
      }, 
      "name_and_patronymic_raw_back": {
        "scale": 2.0, 
        "workflow": {
          "settings": {
            "custom_alphabet": "АӘБВГҒДЕЁЖЗИЙКҚЛМНҢОӨПРСТУҰҮФХҺЦЧШЩЪЫIЬЭЮЯ -.,/", 
            "deshearer": ":/mixangler/dummy_deshearer.json", 
            "recstr": ":/recstr/kaz.vrc__color_recstr.json"
          }, 
          "type": "common"
        }
      }, 
      "note0": {
        "scale": 2.0, 
        "workflow": {
          "settings": {
            "custom_alphabet": "АӘБВГҒДЕЁЖЗИЙКҚЛМНҢОӨПРСТУҰҮФХҺЦЧШЩЪЫIЬЭЮЯ -.,/'\\\"123456789", 
            "deshearer": ":/mixangler/dummy_deshearer.json", 
            "recstr": ":/recstr/kaz.drvlic__kaz_symdig_recstr.json"
          }, 
          "type": "common"
        }
      }, 
      "note1": {
        "scale": 2.0, 
        "workflow": {
          "settings": {
            "custom_alphabet": "АӘБВГҒДЕЁЖЗИЙКҚЛМНҢОӨПРСТУҰҮФХҺЦЧШЩЪЫIЬЭЮЯ -.,/'\\\"123456789", 
            "deshearer": ":/mixangler/dummy_deshearer.json", 
            "recstr": ":/recstr/kaz.drvlic__kaz_symdig_recstr.json"
          }, 
          "type": "common"
        }
      }, 
      "number_back": {
        "scale": 2.0, 
        "workflow": {
          "settings": {
            "custom_alphabet": "ABCDEFGHIJKLMNOPQRSTUVWXYZ123456789№ -/", 
            "deshearer": ":/mixangler/dummy_deshearer.json", 
            "recstr": ":/recstr/111_eu_n0309_recstr.json"
          }, 
          "type": "common"
        }
      }, 
      "region": {
        "scale": 2.0, 
        "workflow": {
          "settings": {
            "custom_alphabet": "АӘБВГҒДЕЁЖЗИЙКҚЛМНҢОӨПРСТУҰҮФХҺЦЧШЩЪЫIЬЭЮЯ -.,/", 
            "deshearer": ":/mixangler/dummy_deshearer.json", 
            "recstr": ":/recstr/kaz.vrc__color_recstr.json"
          }, 
          "type": "common"
        }
      }, 
      "street": {
        "scale": 2.0, 
        "workflow": {
          "settings": {
            "custom_alphabet": "АӘБВГҒДЕЁЖЗИЙКҚЛМНҢОӨПРСТУҰҮФХҺЦЧШЩЪЫIЬЭЮЯ -.,/'\\\"123456789", 
            "deshearer": ":/mixangler/dummy_deshearer.json", 
            "recstr": ":/recstr/kaz.drvlic__kaz_symdig_recstr.json"
          }, 
          "type": "common"
        }
      }, 
      "surname_raw_back": {
        "scale": 2.0, 
        "workflow": {
          "settings": {
            "custom_alphabet": "АӘБВГҒДЕЁЖЗИЙКҚЛМНҢОӨПРСТУҰҮФХҺЦЧШЩЪЫIЬЭЮЯ -.,/", 
            "deshearer": ":/mixangler/dummy_deshearer.json", 
            "recstr": ":/recstr/kaz.vrc__color_recstr.json"
          }, 
          "type": "common"
        }
      }
    }, 
    "formatters": [
      {"formatter": ":/postprocessor/lat_cyr_replacer.json", "input_fields": ["region"]}, 
      {
        "formatter": ":/postprocessor/lat_cyr_replacer.json", 
        "input_fields": ["name_and_patronymic_raw_back"]
      }, 
      {
        "formatter": ":/postprocessor/lat_cyr_replacer.json", 
        "input_fields": ["issue_month"]
      }, 
      {
        "formatter": ":/postprocessor/lat_cyr_replacer.json", 
        "input_fields": ["city_raw"]
      }, 
      {
        "formatter": ":/postprocessor/lat_cyr_replacer.json", 
        "input_fields": ["district"]
      }, 
      {
        "formatter": ":/postprocessor/lat_cyr_replacer.json", 
        "input_fields": ["surname_raw_back"]
      }, 
      {
        "formatter": {
          "settings": {
            "input_field": "number_back", 
            "output_fields_sequence": ["series_back", "N_back", "number_back"], 
            "separator": " "
          }, 
          "type": "splitter"
        }, 
        "input_fields": ["number_back"], 
        "output_fields": ["series_back", "N_back", "number_back"]
      }, 
      {
        "formatter": {"settings": {"value": "№"}, "type": "stub"}, 
        "input_fields": ["N_back"]
      }, 
      {
        "formatter": ":/postprocessor/punctuation_filter.json", 
        "input_fields": ["series_back"]
      }, 
      {
        "formatter": ":/postprocessor/punctuation_filter.json", 
        "input_fields": ["number_back"]
      }, 
      {
        "formatter": {
          "settings": {
            "input_fields_sequence": ["series_back", "N_back", "number_back"], 
            "output_field": "number_back", 
            "separator": " "
          }, 
          "type": "merge"
        }, 
        "input_fields": ["series_back", "N_back", "number_back"], 
        "output_fields": ["number_back"]
      }, 
      {
        "formatter": "postprocessors/vrc_surname_postprocessor_back.json", 
        "input_fields": ["surname_raw_back"], 
        "output_fields": ["surname_back", "surname_eng_back"]
      }, 
      {
        "formatter": "postprocessors/vrc_name_and_patronymic_postprocessor_back.json", 
        "input_fields": ["name_and_patronymic_raw_back"], 
        "output_fields": ["name_and_patronymic_back", "name_and_patronymic_eng_back"]
      }, 
      {
        "formatter": {
          "settings": {
            "input_field": "name_and_patronymic_back", 
            "output_fields_sequence": ["name_back", "patronymic_back"], 
            "separator": " "
          }, 
          "type": "splitter"
        }, 
        "input_fields": ["name_and_patronymic_back"], 
        "output_fields": ["name_back", "patronymic_back"]
      }, 
      {
        "formatter": "postprocessors/vrc_city_postprocessor.json", 
        "input_fields": ["city_raw"], 
        "output_fields": ["city", "city_eng"]
      }, 
      {
        "formatter": {
          "settings": {
            "input_fields_sequence": ["note0", "note1"], 
            "output_field": "note", 
            "separator": " "
          }, 
          "type": "merge"
        }, 
        "input_fields": ["note0", "note1"], 
        "output_fields": ["note"]
      }, 
      {
        "formatter": ":/postprocessor/punctuation_filter.json", 
        "input_fields": ["issue_day"]
      }, 
      {
        "formatter": ":/postprocessor/punctuation_filter.json", 
        "input_fields": ["issue_month"]
      }, 
      {
        "formatter": ":/postprocessor/punctuation_filter.json", 
        "input_fields": ["issue_year"]
      }, 
      {
        "formatter": ":/postprocessor/lat_cyr_replacer.json", 
        "input_fields": ["building"]
      }, 
      {"formatter": ":/postprocessor/lat_cyr_replacer.json", "input_fields": ["street"]}, 
      {"formatter": ":/postprocessor/lat_cyr_replacer.json", "input_fields": ["note1"]}, 
      {"formatter": ":/postprocessor/lat_cyr_replacer.json", "input_fields": ["note0"]}
    ], 
    "image_integrators": {"__default__": ":/integrator/default_image_integrator.json"}, 
    "integrators": {"__default__": ":/integrator/default_rover_integrator.json"}, 
    "size": [950, 650], 
    "zones": {
      "data": {
        "rect": [10, 70, 890, 575], 
        "workflow": {
          "settings": {"vertsgm": "vertsgm/new_vrc_back_type1.json"}, 
          "type": "common"
        }
      }
    }
  }
}