{
  "kaz.passport.type1:main": {
    "config": "templates/kaz.passport.type1.main.common.json",
    "expected_fields": [
      "issue_date",
      "last_name",
      "name",
      "id_number",
      "number",
      "authority",
      "name_eng",
      "expiry_date",
      "birth_place",
      "birth_date",
      "nationality",
      "last_name_eng"
    ],
    "fields": {
      "authority": {
        "scale": 2.0,
        "workflow": {
          "settings": {
            "custom_alphabet": "ABCDEFGHIJKLMNOPQRSTUVWXYZ -.",
            "deshearer": ":/mixangler/dummy_deshearer.json",
            "recstr": ":/recstr/app_111_eu_ocrblike_nospacing.json"
          },
          "type": "common"
        }
      },
      "birth_date": {
        "scale": 2.0,
        "workflow": {
          "settings": {
            "custom_alphabet": "0123456789 .-",
            "deshearer": ":/mixangler/dummy_deshearer.json",
            "recstr": ":/recstr/001__n0009_recstr.json"
          },
          "type": "common"
        }
      },
      "birth_place": {
        "scale": 2.0,
        "workflow": {
          "settings": {
            "custom_alphabet": "ABCDEFGHIJKLMNOPQRSTUVWXYZ -.",
            "deshearer": ":/mixangler/dummy_deshearer.json",
            "recstr": ":/recstr/111_eu_n0086_recstr.json"
          },
          "type": "common"
        }
      },
      "expiry_date": {
        "scale": 2.0,
        "workflow": {
          "settings": {
            "custom_alphabet": "0123456789 .-",
            "deshearer": ":/mixangler/dummy_deshearer.json",
            "recstr": ":/recstr/001__n0096_recstr.json"
          },
          "type": "common"
        }
      },
      "gender": {
        "scale": 2.0,
        "workflow": {
          "settings": {
            "custom_alphabet": "ABCDEFGHIJKLMNOPQRSTUVWXYZ -.",
            "deshearer": ":/mixangler/dummy_deshearer.json",
            "recstr": ":/recstr/111_eu_n0362_recstr.json"
          },
          "type": "common"
        }
      },
      "id_number": {
        "scale": 2.0,
        "workflow": {
          "settings": {
            "custom_alphabet": "0123456789 ",
            "deshearer": ":/mixangler/dummy_deshearer.json",
            "recstr": ":/recstr/001__n0096_recstr.json"
          },
          "type": "common"
        }
      },
      "issue_date": {
        "scale": 2.0,
        "workflow": {
          "settings": {
            "custom_alphabet": "0123456789 .-",
            "deshearer": ":/mixangler/dummy_deshearer.json",
            "recstr": ":/recstr/001__n0019_recstr.json"
          },
          "type": "common"
        }
      },
      "last_name": {
        "scale": 2.0,
        "workflow": {
          "settings": {
            "custom_alphabet": "\u0410\u04d8\u0411\u0412\u0413\u0492\u0414\u0415\u0401\u0416\u0417\u0418\u0419\u041a\u049a\u041b\u041c\u041d\u04a2\u041e\u04e8\u041f\u0420\u0421\u0422\u0423\u04b0\u04ae\u0424\u0425\u04ba\u0426\u0427\u0428\u0429\u042a\u042bI\u042c\u042d\u042e\u042f -",
            "deshearer": ":/mixangler/dummy_deshearer.json",
            "recstr": ":/recstr/kaz.id__fio_recstr.json"
          },
          "type": "common"
        }
      },
      "last_name_eng": {
        "scale": 2.0,
        "workflow": {
          "settings": {
            "custom_alphabet": "ABCDEFGHIJKLMNOPQRSTUVWXYZ -",
            "deshearer": ":/mixangler/dummy_deshearer.json",
            "recstr": ":/recstr/111_eu_n0390_recstr.json"
          },
          "type": "common"
        }
      },
      "mrz_line1": {
        "scale": 1.2,
        "workflow": {
          "settings": {
            "processors": [
              ":/mrz-data/mrz_field_workflow.json",
              "fraud/confirming_field_processor_mrz.json"
            ]
          },
          "type": "multi_sequence"
        }
      },
      "mrz_line2": {
        "scale": 1.2,
        "workflow": {
          "settings": {
            "processors": [
              ":/mrz-data/mrz_field_workflow.json",
              "fraud/confirming_field_processor_mrz.json"
            ]
          },
          "type": "multi_sequence"
        }
      },
      "mrz_status": {"workflow": {"type": "dummy"}},
      "name": {
        "scale": 1.8,
        "workflow": {
          "settings": {
            "custom_alphabet": "\u0410\u04d8\u0411\u0412\u0413\u0492\u0414\u0415\u0401\u0416\u0417\u0418\u0419\u041a\u049a\u041b\u041c\u041d\u04a2\u041e\u04e8\u041f\u0420\u0421\u0422\u0423\u04b0\u04ae\u0424\u0425\u04ba\u0426\u0427\u0428\u0429\u042a\u042bI\u042c\u042d\u042e\u042f -",
            "deshearer": ":/mixangler/dummy_deshearer.json",
            "recstr": ":/recstr/kaz.id__fio_recstr.json"
          },
          "type": "common"
        }
      },
      "name_eng": {
        "scale": 2.0,
        "workflow": {
          "settings": {
            "custom_alphabet": "ABCDEFGHIJKLMNOPQRSTUVWXYZ -",
            "deshearer": ":/mixangler/dummy_deshearer.json",
            "recstr": ":/recstr/111_eu_n0099_recstr.json"
          },
          "type": "common"
        }
      },
      "nationality": {
        "scale": 2.0,
        "workflow": {
          "settings": {
            "custom_alphabet": "ABCDEFGHIJKLMNOPQRSTUVWXYZ -.",
            "deshearer": ":/mixangler/dummy_deshearer.json",
            "recstr": ":/recstr/111_eu_n0084_recstr.json"
          },
          "type": "common"
        }
      },
      "number": {
        "scale": 1.6,
        "workflow": {
          "settings": {
            "custom_alphabet": "ABCDEFGHIJKLMNOPQRSTUVWXYZ 123456789",
            "deshearer": ":/mixangler/dummy_deshearer.json",
            "recstr": ":/recstr/111_eu_n0099_recstr.json"
          },
          "type": "common"
        }
      },
      "photo": {"workflow": {"settings": {}, "type": "image"}},
      "signature": {"workflow": {"settings": {}, "type": "image"}},
      "type": {
        "scale": 2.0,
        "workflow": ":/field_processors/passport_type_processor.json"
      }
    },
    "formatters": [
      {"formatter": ":/postprocessor/lat_cyr_replacer.json", "input_fields": ["name"]},
      {
        "formatter": ":/postprocessor/lat_cyr_replacer.json",
        "input_fields": ["last_name"]
      },
      {
        "formatter": ":/postprocessor/date/default_expiry_date_DDMMYYYY_formatter.json",
        "input_fields": ["expiry_date"]
      },
      {
        "formatter": ":/postprocessor/date/default_issue_date_DDMMYYYY_formatter.json",
        "input_fields": ["issue_date"]
      },
      {
        "formatter": ":/postprocessor/date/default_birth_date_DDMMYYYY_formatter.json",
        "input_fields": ["birth_date"]
      },
      ":/postprocessor/mrz/mrz_formatter_slot_new_mrp.json"
    ],
    "image_integrators": {
      "__default__": ":/integrator/default_image_integrator.json",
      "photo": ":/integrator/default_photo_integrator.json"
    },
    "integrators": {
      "__default__": ":/integrator/default_rover_integrator.json",
      "birth_date": ":/integrator/default_token_integrator.json",
      "expiry_date": ":/integrator/default_token_integrator.json",
      "full_mrz": ":/integrator/default_mrz_integrator.json",
      "id_number": ":/integrator/default_token_integrator.json",
      "issue_date": ":/integrator/default_token_integrator.json"
    },
    "size": [800, 540],
    "zones": {
      "data": {
        "rect": [229, 30, 502, 362],
        "workflow": {
          "settings": {"vertsgm": "vertsgm/new_psp_type1.json"},
          "type": "common"
        }
      },
      "data_number": {
        "rect": [558, 30, 173, 61],
        "workflow": {
          "settings": {"vertsgm": "vertsgm/new_psp_type1_number.json"},
          "type": "common"
        }
      },
      "mrz_zone": {
        "rect": [0, 280, 800, 260],
        "size_override": [1200, 390],
        "workflow": ":/mrz-data/mrz_zone_workflow_mrp.json"
      },
      "photo_zone": {
        "rect": [20, 110, 230, 290],
        "workflow": ":/photo_retriever/common_objed_photo_retriever.json"
      },
      "signature": {
        "rect": [500, 315, 220, 85],
        "workflow": ":/signature_retriever/signature_retriever.json"
      }
    }
  }
}