{
  "kaz.id.type1:back": {
    "config": "templates/kaz.id.type1.back.common.json", 
    "expected_fields": ["birth_place", "expiry_date", "issue_date"], 
    "fields": {
      "address_0": {
        "scale": 2.0, 
        "workflow": {
          "settings": {
            "custom_alphabet": "АӘБВГҒДЕЁЖЗИЙКҚЛМНҢОӨПРСТУҰҮФХҺЦЧШЩЪЫIЬЭЮЯ -.,/'\\\"123456789", 
            "deshearer": ":/mixangler/dummy_deshearer.json", 
            "recstr": ":/recstr/kaz.id__symdig_recstr.json"
          }, 
          "type": "common"
        }
      }, 
      "address_1": {
        "scale": 2.0, 
        "workflow": {
          "settings": {
            "custom_alphabet": "АӘБВГҒДЕЁЖЗИЙКҚЛМНҢОӨПРСТУҰҮФХҺЦЧШЩЪЫIЬЭЮЯ -.,/'\\\"123456789", 
            "deshearer": ":/mixangler/dummy_deshearer.json", 
            "recstr": ":/recstr/kaz.id__symdig_recstr.json"
          }, 
          "type": "common"
        }
      }, 
      "address_2": {
        "scale": 2.0, 
        "workflow": {
          "settings": {
            "custom_alphabet": "АӘБВГҒДЕЁЖЗИЙКҚЛМНҢОӨПРСТУҰҮФХҺЦЧШЩЪЫIЬЭЮЯ -.,/'\\\"123456789", 
            "deshearer": ":/mixangler/dummy_deshearer.json", 
            "recstr": ":/recstr/kaz.id__symdig_recstr.json"
          }, 
          "type": "common"
        }
      }, 
      "authority": {
        "scale": 2.0, 
        "workflow": {
          "settings": {
            "custom_alphabet": "АӘБВГҒДЕЁЖЗИЙКҚЛМНҢОӨПРСТУҰҮФХҺЦЧШЩЪЫIЬЭЮЯ -.,/", 
            "deshearer": ":/mixangler/dummy_deshearer.json", 
            "recstr": ":/recstr/kaz.vrc__color_recstr.json"
          }, 
          "type": "common"
        }
      }, 
      "birth_place": {
        "scale": 2.0, 
        "workflow": {
          "settings": {
            "custom_alphabet": "АӘБВГҒДЕЁЖЗИЙКҚЛМНҢОӨПРСТУҰҮФХҺЦЧШЩЪЫIЬЭЮЯ -.,/'\\\"123456789", 
            "deshearer": ":/mixangler/dummy_deshearer.json", 
            "recstr": ":/recstr/kaz.id__symdig_recstr.json"
          }, 
          "type": "common"
        }
      }, 
      "ethnicity": {
        "scale": 2.0, 
        "workflow": {
          "settings": {
            "custom_alphabet": "АӘБВГҒДЕЁЖЗИЙКҚЛМНҢОӨПРСТУҰҮФХҺЦЧШЩЪЫIЬЭЮЯ -.,/'\\\"123456789", 
            "deshearer": ":/mixangler/dummy_deshearer.json", 
            "recstr": ":/recstr/kaz.id__symdig_recstr.json"
          }, 
          "type": "common"
        }
      }, 
      "expiry_date": {
        "scale": 2.0, 
        "workflow": {
          "settings": {
            "custom_alphabet": "0123456789 .-", 
            "deshearer": ":/mixangler/dummy_deshearer.json", 
            "recstr": ":/recstr/001__n0057_recstr.json"
          }, 
          "type": "common"
        }
      }, 
      "issue_date": {
        "scale": 2.0, 
        "workflow": {
          "settings": {
            "custom_alphabet": "0123456789 .-", 
            "deshearer": ":/mixangler/dummy_deshearer.json", 
            "recstr": ":/recstr/app_001_wide.json"
          }, 
          "type": "common"
        }
      }, 
      "number": {
        "scale": 1.7, 
        "workflow": {
          "settings": {
            "custom_alphabet": "0123456789 .-", 
            "deshearer": ":/mixangler/dummy_deshearer.json", 
            "recstr": ":/recstr/001__n0004_recstr.json"
          }, 
          "type": "common"
        }
      }, 
      "signature": {"workflow": {"settings": {}, "type": "image"}}
    }, 
    "formatters": [
      {
        "formatter": ":/postprocessor/lat_cyr_replacer.json", 
        "input_fields": ["authority"]
      }, 
      {
        "formatter": ":/postprocessor/date/default_issue_date_DDMMYYYY_formatter.json", 
        "input_fields": ["issue_date"]
      }, 
      {
        "formatter": ":/postprocessor/date/default_expiry_date_DDMMYYYY_formatter.json", 
        "input_fields": ["expiry_date"]
      }, 
      {
        "formatter": ":/postprocessor/punctuation_filter.json", 
        "input_fields": ["number"]
      }, 
      {
        "allow_incomplete_inputs": true, 
        "input_fields": ["address_0", "address_1", "address_2"], 
        "output_fields": ["address"], 
        "postprocessor": {
          "settings": {
            "input_fields_sequence": ["address_0", "address_1", "address_2"], 
            "output_field": "address", 
            "separator": " "
          }, 
          "type": "merge"
        }
      }, 
      {
        "formatter": ":/postprocessor/lat_cyr_replacer.json", 
        "input_fields": ["address_2"]
      }, 
      {
        "formatter": ":/postprocessor/lat_cyr_replacer.json", 
        "input_fields": ["address_0"]
      }, 
      {
        "formatter": ":/postprocessor/lat_cyr_replacer.json", 
        "input_fields": ["address_1"]
      }, 
      {
        "formatter": ":/postprocessor/lat_cyr_replacer.json", 
        "input_fields": ["birth_place"]
      }, 
      {
        "formatter": ":/postprocessor/lat_cyr_replacer.json", 
        "input_fields": ["ethnicity"]
      }
    ], 
    "image_integrators": {"__default__": ":/integrator/default_image_integrator.json"}, 
    "integrators": {
      "__default__": ":/integrator/default_rover_integrator.json", 
      "expiry_date": ":/integrator/default_token_integrator.json", 
      "issue_date": ":/integrator/default_token_integrator.json", 
      "number": ":/integrator/default_token_integrator.json"
    }, 
    "size": [1050, 740], 
    "zones": {
      "data_zone": {
        "rect": [10, 130, 1035, 470], 
        "workflow": {
          "settings": {"vertsgm": "vertsgm/idcard_old_back_data_dp.json"}, 
          "type": "common"
        }
      }, 
      "number_zone": {
        "rect": [650, 0, 400, 150], 
        "workflow": {
          "settings": {"vertsgm": "vertsgm/idcard_old_back.json"}, 
          "type": "common"
        }
      }, 
      "signature": {
        "rect": [40, 590, 840, 120], 
        "workflow": ":/signature_retriever/signature_retriever.json"
      }
    }
  }
}