{
  "kaz.id.type2:back": {
    "config": "templates/kaz.id.type2.back.common.json",
    "expected_fields": ["birth_place", "expiry_date", "issue_date", "full_mrz"],
    "fields": {
      "authority": {
        "scale": 2.0,
        "workflow": {
          "settings": {
            "custom_alphabet": "\u0410\u04d8\u0411\u0412\u0413\u0492\u0414\u0415\u0401\u0416\u0417\u0418\u0419\u041a\u049a\u041b\u041c\u041d\u04a2\u041e\u04e8\u041f\u0420\u0421\u0422\u0423\u04b0\u04ae\u0424\u0425\u04ba\u0426\u0427\u0428\u0429\u042a\u042bI\u042c\u042d\u042e\u042f -.,/'\\\"123456789",
            "deshearer": ":/mixangler/dummy_deshearer.json",
            "recstr": ":/recstr/kaz.id__symdig_recstr.json"
          },
          "type": "common"
        }
      },
      "birth_place": {
        "scale": 2.0,
        "workflow": {
          "settings": {
            "custom_alphabet": "\u0410\u04d8\u0411\u0412\u0413\u0492\u0414\u0415\u0401\u0416\u0417\u0418\u0419\u041a\u049a\u041b\u041c\u041d\u04a2\u041e\u04e8\u041f\u0420\u0421\u0422\u0423\u04b0\u04ae\u0424\u0425\u04ba\u0426\u0427\u0428\u0429\u042a\u042bI\u042c\u042d\u042e\u042f -.,/'\\\"123456789",
            "deshearer": ":/mixangler/dummy_deshearer.json",
            "recstr": ":/recstr/kaz.id__symdig_recstr.json"
          },
          "type": "common"
        }
      },
      "ethnicity": {
        "scale": 2.0,
        "workflow": {
          "settings": {
            "custom_alphabet": "\u0410\u04d8\u0411\u0412\u0413\u0492\u0414\u0415\u0401\u0416\u0417\u0418\u0419\u041a\u049a\u041b\u041c\u041d\u04a2\u041e\u04e8\u041f\u0420\u0421\u0422\u0423\u04b0\u04ae\u0424\u0425\u04ba\u0426\u0427\u0428\u0429\u042a\u042bI\u042c\u042d\u042e\u042f -.,/'\\\"123456789",
            "deshearer": ":/mixangler/dummy_deshearer.json",
            "recstr": ":/recstr/kaz.id__symdig_recstr.json"
          },
          "type": "common"
        }
      },
      "expiry_date": {
        "scale": 2.0,
        "workflow": {
          "settings": {
            "custom_alphabet": "0123456789 .-",
            "deshearer": ":/mixangler/dummy_deshearer.json",
            "recstr": ":/recstr/app_001_wide.json"
          },
          "type": "common"
        }
      },
      "issue_date": {
        "scale": 2.0,
        "workflow": {
          "settings": {
            "custom_alphabet": "0123456789 .-",
            "deshearer": ":/mixangler/dummy_deshearer.json",
            "recstr": ":/recstr/001__n0019_recstr.json"
          },
          "type": "common"
        }
      },
      "mrz_line1": {"scale": 1.2, "workflow": ":/mrz-data/mrz_field_workflow.json"},
      "mrz_line2": {"scale": 1.2, "workflow": ":/mrz-data/mrz_field_workflow.json"},
      "mrz_line3": {"scale": 1.2, "workflow": ":/mrz-data/mrz_field_workflow.json"},
      "number": {
        "scale": 2.0,
        "workflow": {
          "settings": {
            "custom_alphabet": "0123456789 .-",
            "deshearer": ":/mixangler/dummy_deshearer.json",
            "recstr": ":/recstr/001__n0004_recstr.json"
          },
          "type": "common"
        }
      }
    },
    "formatters": [
      {
        "formatter": ":/postprocessor/lat_cyr_replacer.json",
        "input_fields": ["ethnicity"]
      },
      {
        "formatter": ":/postprocessor/lat_cyr_replacer.json",
        "input_fields": ["birth_place"]
      },
      {
        "formatter": ":/postprocessor/lat_cyr_replacer.json",
        "input_fields": ["authority"]
      },
      {
        "formatter": ":/postprocessor/date/default_expiry_date_DDMMYYYY_formatter.json",
        "input_fields": ["expiry_date"]
      },
      {
        "formatter": ":/postprocessor/date/default_issue_date_DDMMYYYY_formatter.json",
        "input_fields": ["issue_date"]
      },
      {
        "formatter": ":/postprocessor/dummy_postprocessor.json",
        "input_fields": ["authority"]
      },
      {
        "formatter": ":/postprocessor/dummy_postprocessor.json",
        "input_fields": ["ethnicity"]
      },
      {
        "formatter": ":/postprocessor/dummy_postprocessor.json",
        "input_fields": ["birth_place"]
      },
      {
        "formatter": ":/postprocessor/punctuation_filter.json",
        "input_fields": ["number"]
      },
      ":/postprocessor/mrz/mrz_formatter_slot_new_td1.json"
    ],
    "image_integrators": {"__default__": ":/integrator/default_image_integrator.json"},
    "integrators": {
      "__default__": ":/integrator/default_rover_integrator.json",
      "full_mrz": ":/integrator/default_mrz_integrator.json",
      "number": ":/integrator/default_token_integrator.json"
    },
    "size": [856, 540],
    "zones": {
      "data_zone": {
        "rect": [230, 100, 550, 220],
        "workflow": {
          "settings": {"vertsgm": "vertsgm/idcard_new_back_data_dp.json"},
          "type": "common"
        }
      },
      "mrz_zone": {
        "rect": [0, 330, 856, 210],
        "size_override": [800, 196],
        "workflow": ":/mrz-data/mrz_zone_workflow_td1.json"
      },
      "number_zone": {
        "rect": [550, 0, 280, 100],
        "workflow": {
          "settings": {"vertsgm": "vertsgm/idcard_new_back.json"},
          "type": "common"
        }
      }
    }
  }
}