{
  "kaz.id.type2:front1": {
    "config": "templates/kaz.id.type2.front1.common.json",
    "expected_fields": ["birth_date", "name", "tin"],
    "fields": {
      "birth_date": {
        "scale": 2.0,
        "workflow": {
          "settings": {
            "custom_alphabet": "0123456789 .-",
            "deshearer": ":/mixangler/dummy_deshearer.json",
            "recstr": ":/recstr/001__n0042_recstr.json"
          },
          "type": "common"
        }
      },
      "tin": {
        "scale": 2.0,
        "workflow": {
          "settings": {
            "custom_alphabet": "0123456789 .-",
            "deshearer": ":/mixangler/dummy_deshearer.json",
            "recstr": ":/recstr/001__n0031_recstr.json"
          },
          "type": "common"
        }
      },
      "name": {
        "scale": 2.0,
        "workflow": {
          "settings": {
            "custom_alphabet": "АӘБВГҒДЕЁЖЗИЙКҚЛМНҢОӨПРСТУҰҮФХҺЦЧШЩЪЫIЬЭЮЯ -.",
            "deshearer": ":/mixangler/dummy_deshearer.json",
            "recstr": ":/recstr/kaz.id__fio_recstr.json"
          },
          "type": "common"
        }
      },
      "patronymic": {
        "scale": 2.0,
        "workflow": {
          "settings": {
            "custom_alphabet": "АӘБВГҒДЕЁЖЗИЙКҚЛМНҢОӨПРСТУҰҮФХҺЦЧШЩЪЫIЬЭЮЯ -.",
            "deshearer": ":/mixangler/dummy_deshearer.json",
            "recstr": ":/recstr/kaz.id__fio_recstr.json"
          },
          "type": "common"
        }
      },
      "photo": {"workflow": {"settings": {}, "type": "image"}},
      "signature": {"workflow": {"settings": {}, "type": "image"}},
      "last_name": {
        "scale": 2.0,
        "workflow": {
          "settings": {
            "custom_alphabet": "АӘБВГҒДЕЁЖЗИЙКҚЛМНҢОӨПРСТУҰҮФХҺЦЧШЩЪЫIЬЭЮЯ -.",
            "deshearer": ":/mixangler/dummy_deshearer.json",
            "recstr": ":/recstr/kaz.id__fio_recstr.json"
          },
          "type": "common"
        }
      }
    },
    "formatters": [
      {
        "formatter": ":/postprocessor/lat_cyr_replacer.json",
        "input_fields": ["patronymic"]
      },
      {"formatter": ":/postprocessor/lat_cyr_replacer.json", "input_fields": ["name"]},
      {
        "formatter": ":/postprocessor/lat_cyr_replacer.json",
        "input_fields": ["last_name"]
      },
      {
        "formatter": ":/postprocessor/dummy_postprocessor.json",
        "input_fields": ["name"]
      },
      {
        "formatter": ":/postprocessor/dummy_postprocessor.json",
        "input_fields": ["last_name"]
      },
      {
        "formatter": ":/postprocessor/dummy_postprocessor.json",
        "input_fields": ["patronymic"]
      },
      {
        "formatter": ":/postprocessor/date/default_birth_date_DDMMYYYY_formatter.json",
        "input_fields": ["birth_date"]
      },
      {"formatter": ":/postprocessor/punctuation_filter.json", "input_fields": ["tin"]}
    ],
    "image_integrators": {
      "__default__": ":/integrator/default_image_integrator.json",
      "photo": ":/integrator/default_photo_integrator.json"
    },
    "integrators": {
      "__default__": ":/integrator/default_rover_integrator.json",
      "birth_date": ":/integrator/default_token_integrator.json",
      "tin": ":/integrator/default_token_integrator.json"
    },
    "size": [856, 540],
    "zones": {
      "data_zone": {
        "rect": [270, 200, 550, 300],
        "workflow": {
          "settings": {"vertsgm": "vertsgm/idcard_new_front_dp.json"},
          "type": "common"
        }
      },
      "photo_zone": {
        "rect": [30, 125, 210, 285],
        "workflow": ":/photo_retriever/common_objed_photo_retriever.json"
      },
      "signature": {
        "rect": [30, 405, 210, 75],
        "workflow": ":/signature_retriever/signature_retriever.json"
      }
    }
  }
}