{
  "kaz.id.type2:residence_front1": {
    "expected_fields": ["birth_date", "tin", "name"],
    "fields": {
      "last_name": {
        "scale": 2.0,
        "workflow": {
          "type": "common",
          "settings": {
            "custom_alphabet": "\u0410\u04d8\u0411\u0412\u0413\u0492\u0414\u0415\u0401\u0416\u0417\u0418\u0419\u041a\u049a\u041b\u041c\u041d\u04a2\u041e\u04e8\u041f\u0420\u0421\u0422\u0423\u04b0\u04ae\u0424\u0425\u04ba\u0426\u0427\u0428\u0429\u042a\u042bI\u042c\u042d\u042e\u042f -.",
            "deshearer": ":/mixangler/dummy_deshearer.json",
            "recstr": ":/recstr/kaz.id__fio_recstr.json"
          }
        }
      },
      "name": {
        "scale": 2.0,
        "workflow": {
          "type": "common",
          "settings": {
            "custom_alphabet": "\u0410\u04d8\u0411\u0412\u0413\u0492\u0414\u0415\u0401\u0416\u0417\u0418\u0419\u041a\u049a\u041b\u041c\u041d\u04a2\u041e\u04e8\u041f\u0420\u0421\u0422\u0423\u04b0\u04ae\u0424\u0425\u04ba\u0426\u0427\u0428\u0429\u042a\u042bI\u042c\u042d\u042e\u042f -.",
            "deshearer": ":/mixangler/dummy_deshearer.json",
            "recstr": ":/recstr/kaz.id__fio_recstr.json"
          }
        }
      },
      "photo": {"workflow": {"type": "image", "settings": {}}},
      "birth_date": {
        "scale": 1.2,
        "workflow": {
          "type": "common",
          "settings": {
            "custom_alphabet": "0123456789 .-",
            "deshearer": ":/mixangler/dummy_deshearer.json",
            "recstr": ":/recstr/001__n0087_recstr.json"
          }
        }
      },
      "tin": {
        "scale": 2.0,
        "workflow": {
          "type": "common",
          "settings": {
            "custom_alphabet": "0123456789 .-",
            "deshearer": ":/mixangler/dummy_deshearer.json",
            "recstr": ":/recstr/001__n0031_recstr.json"
          }
        }
      },
      "signature": {"workflow": {"type": "image", "settings": {}}},
      "patronymic": {
        "scale": 2.0,
        "workflow": {
          "type": "common",
          "settings": {
            "custom_alphabet": "\u0410\u04d8\u0411\u0412\u0413\u0492\u0414\u0415\u0401\u0416\u0417\u0418\u0419\u041a\u049a\u041b\u041c\u041d\u04a2\u041e\u04e8\u041f\u0420\u0421\u0422\u0423\u04b0\u04ae\u0424\u0425\u04ba\u0426\u0427\u0428\u0429\u042a\u042bI\u042c\u042d\u042e\u042f -.",
            "deshearer": ":/mixangler/dummy_deshearer.json",
            "recstr": ":/recstr/kaz.id__fio_recstr.json"
          }
        }
      }
    },
    "formatters": [
      {
        "formatter": ":/postprocessor/lat_cyr_replacer.json",
        "input_fields": ["patronymic"]
      },
      {"formatter": ":/postprocessor/lat_cyr_replacer.json", "input_fields": ["name"]},
      {
        "formatter": ":/postprocessor/lat_cyr_replacer.json",
        "input_fields": ["last_name"]
      },
      {
        "formatter": ":/postprocessor/dummy_postprocessor.json",
        "input_fields": ["name"]
      },
      {
        "formatter": ":/postprocessor/dummy_postprocessor.json",
        "input_fields": ["last_name"]
      },
      {
        "formatter": ":/postprocessor/dummy_postprocessor.json",
        "input_fields": ["patronymic"]
      },
      {
        "formatter": ":/postprocessor/date/default_birth_date_DDMMYYYY_formatter.json",
        "input_fields": ["birth_date"]
      },
      {"formatter": ":/postprocessor/punctuation_filter.json", "input_fields": ["tin"]}
    ],
    "zones": {
      "photo_zone": {
        "rect": [0, 100, 300, 400],
        "workflow": ":/photo_retriever/common_objed_photo_retriever.json"
      },
      "data_zone": {
        "rect": [120, 195, 700, 335],
        "workflow": {
          "type": "common",
          "settings": {"vertsgm": "vertsgm/idcard_ext_multi_res.json"}
        }
      },
      "signature": {
        "rect": [465, 430, 190, 110],
        "workflow": ":/signature_retriever/signature_retriever.json"
      }
    },
    "integrators": {
      "__default__": ":/integrator/default_rover_integrator.json",
      "birth_date": ":/integrator/default_token_integrator.json",
      "tin": ":/integrator/default_token_integrator.json"
    },
    "image_integrators": {
      "__default__": ":/integrator/default_image_integrator.json",
      "photo": ":/integrator/default_photo_integrator.json"
    },
    "config": "templates/kaz.id.type2.residence_front1.common.json",
    "size": [856, 540]
  }
}