{
  "kaz.vrc.type1:front": {
    "config": "templates/kaz.vrc.type1.front.common.json", 
    "expected_fields": ["body", "category", "color", "engine"], 
    "fields": {
      "body": {
        "scale": 2.0, 
        "workflow": {
          "settings": {
            "custom_alphabet": "ABCDEFGHIJKLMNOPQRSTUVWXYZ123456789№ -/", 
            "deshearer": ":/mixangler/dummy_deshearer.json", 
            "recstr": ":/recstr/111_eu_n0309_recstr.json"
          }, 
          "type": "common"
        }
      }, 
      "category": {
        "scale": 2.0, 
        "workflow": {
          "settings": {
            "custom_alphabet": "ABCDEFGHIJKLMNOPQRSTUVWXYZ -.", 
            "deshearer": ":/mixangler/dummy_deshearer.json", 
            "recstr": ":/recstr/111_eu_n0130_recstr.json"
          }, 
          "type": "common"
        }
      }, 
      "chassis": {
        "scale": 2.0, 
        "workflow": {
          "settings": {
            "custom_alphabet": "ABCDEFGHIJKLMNOPQRSTUVWXYZ123456789№ -/", 
            "deshearer": ":/mixangler/dummy_deshearer.json", 
            "recstr": ":/recstr/111_eu_n0309_recstr.json"
          }, 
          "type": "common"
        }
      }, 
      "color": {
        "scale": 2.0, 
        "workflow": {
          "settings": {
            "custom_alphabet": "ЁАБВГДЕЖЗИЙКЛМНОПРСТУФХЦЧШЩЪЫЬЭЮЯ -", 
            "deshearer": ":/mixangler/dummy_deshearer.json", 
            "recstr": ":/recstr/kaz.vrc__color_recstr.json"
          }, 
          "type": "common"
        }
      }, 
      "engine": {
        "scale": 2.0, 
        "workflow": {
          "settings": {
            "custom_alphabet": "ABCDEFGHIJKLMNOPQRSTUVWXYZ123456789№ -/", 
            "deshearer": ":/mixangler/dummy_deshearer.json", 
            "recstr": ":/recstr/111_eu_n0309_recstr.json"
          }, 
          "type": "common"
        }
      }, 
      "max_weight": {
        "scale": 1.8, 
        "workflow": {
          "settings": {
            "custom_alphabet": "0123456789 .-", 
            "deshearer": ":/mixangler/dummy_deshearer.json", 
            "recstr": ":/recstr/001__n0031_recstr.json"
          }, 
          "type": "common"
        }
      }, 
      "model": {
        "scale": 2.0, 
        "workflow": {
          "settings": {
            "custom_alphabet": "ABCDEFGHIJKLMNOPQRSTUVWXYZ123456789 -./()", 
            "deshearer": ":/mixangler/dummy_deshearer.json", 
            "recstr": ":/recstr/111_eu_n0130_recstr.json"
          }, 
          "type": "common"
        }
      }, 
      "name_and_patronymic_raw": {
        "scale": 2.0, 
        "workflow": {
          "settings": {
            "custom_alphabet": "АӘБВГҒДЕЁЖЗИЙКҚЛМНҢОӨПРСТУҰҮФХҺЦЧШЩЪЫIЬЭЮЯ -.,/", 
            "deshearer": ":/mixangler/dummy_deshearer.json", 
            "recstr": ":/recstr/kaz.vrc__color_recstr.json"
          }, 
          "type": "common"
        }
      }, 
      "number": {
        "scale": 2.0, 
        "workflow": {
          "settings": {
            "custom_alphabet": "ABCDEFGHIJKLMNOPQRSTUVWXYZ123456789№ -/", 
            "deshearer": ":/mixangler/dummy_deshearer.json", 
            "recstr": ":/recstr/111_eu_n0309_recstr.json"
          }, 
          "type": "common"
        }
      }, 
      "reg_number": {
        "scale": 2.0, 
        "workflow": {
          "settings": {
            "custom_alphabet": "ABCDEFGHIJKLMNOPQRSTUVWXYZ123456789№ -/", 
            "deshearer": ":/mixangler/dummy_deshearer.json", 
            "recstr": ":/recstr/111_eu_n0309_recstr.json"
          }, 
          "type": "common"
        }
      }, 
      "surname_raw": {
        "scale": 2.0, 
        "workflow": {
          "settings": {
            "custom_alphabet": "АӘБВГҒДЕЁЖЗИЙКҚЛМНҢОӨПРСТУҰҮФХҺЦЧШЩЪЫIЬЭЮЯ -.,/", 
            "deshearer": ":/mixangler/dummy_deshearer.json", 
            "recstr": ":/recstr/kaz.vrc__color_recstr.json"
          }, 
          "type": "common"
        }
      }, 
      "volume": {
        "scale": 1.8, 
        "workflow": {
          "settings": {
            "custom_alphabet": "0123456789 .-", 
            "deshearer": ":/mixangler/dummy_deshearer.json", 
            "recstr": ":/recstr/001__n0031_recstr.json"
          }, 
          "type": "common"
        }
      }, 
      "weight": {
        "scale": 1.8, 
        "workflow": {
          "settings": {
            "custom_alphabet": "0123456789 .-", 
            "deshearer": ":/mixangler/dummy_deshearer.json", 
            "recstr": ":/recstr/001__n0031_recstr.json"
          }, 
          "type": "common"
        }
      }, 
      "year": {
        "scale": 2.0, 
        "workflow": {
          "settings": {
            "custom_alphabet": "0123456789 .-", 
            "deshearer": ":/mixangler/dummy_deshearer.json", 
            "recstr": ":/recstr/001__n0031_recstr.json"
          }, 
          "type": "common"
        }
      }
    }, 
    "formatters": [
      {
        "formatter": ":/postprocessor/lat_cyr_replacer.json", 
        "input_fields": ["name_and_patronymic_raw"]
      }, 
      {
        "formatter": ":/postprocessor/lat_cyr_replacer.json", 
        "input_fields": ["surname_raw"]
      }, 
      {
        "formatter": ":/postprocessor/dummy_postprocessor.json", 
        "input_fields": ["chassis"]
      }, 
      {
        "formatter": ":/postprocessor/dummy_postprocessor.json", 
        "input_fields": ["engine"]
      }, 
      {
        "formatter": {
          "settings": {
            "input_field": "name_and_patronymic", 
            "output_fields_sequence": ["name", "patronymic"], 
            "separator": " "
          }, 
          "type": "splitter"
        }, 
        "input_fields": ["name_and_patronymic"], 
        "output_fields": ["name", "patronymic"]
      }, 
      {
        "formatter": "postprocessors/vrc_name_and_patronymic_postprocessor.json", 
        "input_fields": ["name_and_patronymic_raw"], 
        "output_fields": ["name_and_patronymic", "name_and_patronymic_eng"]
      }, 
      {
        "formatter": "postprocessors/vrc_surname_postprocessor.json", 
        "input_fields": ["surname_raw"], 
        "output_fields": ["surname", "surname_eng"]
      }, 
      {
        "formatter": ":/postprocessor/punctuation_filter.json", 
        "input_fields": ["category"]
      }, 
      {"formatter": ":/postprocessor/punctuation_filter.json", "input_fields": ["year"]}, 
      {
        "formatter": ":/postprocessor/dummy_postprocessor.json", 
        "input_fields": ["model"]
      }, 
      {
        "formatter": ":/postprocessor/dummy_postprocessor.json", 
        "input_fields": ["reg_number"]
      }, 
      {
        "formatter": ":/postprocessor/dummy_postprocessor.json", 
        "input_fields": ["color"]
      }, 
      {
        "formatter": ":/postprocessor/dummy_postprocessor.json", 
        "input_fields": ["body"]
      }, 
      {
        "formatter": {
          "settings": {
            "input_fields_sequence": ["series", "N", "number"], 
            "output_field": "number", 
            "separator": " "
          }, 
          "type": "merge"
        }, 
        "input_fields": ["series", "N", "number"], 
        "output_fields": ["number"]
      }, 
      {
        "formatter": ":/postprocessor/punctuation_filter.json", 
        "input_fields": ["number"]
      }, 
      {
        "formatter": ":/postprocessor/punctuation_filter.json", 
        "input_fields": ["series"]
      }, 
      {"formatter": {"settings": {"value": "№"}, "type": "stub"}, "input_fields": ["N"]}, 
      {
        "formatter": {
          "settings": {
            "input_field": "number", 
            "output_fields_sequence": ["series", "N", "number"], 
            "separator": " "
          }, 
          "type": "splitter"
        }, 
        "input_fields": ["number"], 
        "output_fields": ["series", "N", "number"]
      }, 
      {
        "formatter": ":/postprocessor/punctuation_filter.json", 
        "input_fields": ["weight"]
      }, 
      {
        "formatter": ":/postprocessor/punctuation_filter.json", 
        "input_fields": ["max_weight"]
      }, 
      {
        "formatter": ":/postprocessor/punctuation_filter.json", 
        "input_fields": ["volume"]
      }
    ], 
    "image_integrators": {"__default__": ":/integrator/default_image_integrator.json"}, 
    "integrators": {"__default__": ":/integrator/default_rover_integrator.json"}, 
    "size": [950, 650], 
    "zones": {
      "data": {
        "rect": [10, 120, 900, 520], 
        "workflow": {
          "settings": {"vertsgm": "vertsgm/new_vrc_front_type1.json"}, 
          "type": "common"
        }
      }, 
      "engine_zone": {
        "rect": [195, 355, 265, 40], 
        "workflow": {"settings": {"vertsgm": "vertsgm/vrc_engine.json"}, "type": "common"}
      }
    }
  }
}