{
  "common_options": {},
  "documents": [
    "docs/mrz/mrz.json",
    "docs/rus.drvlic/rus.drvlic.type1_with_dp.json",
    "docs/rus.drvlic/rus.drvlic.type2_with_dp.json",
    "docs/rus.drvlic/rus.drvlic.type3.json",
    "docs/rus.passport.international/rus.passport.biometric.json",
    "docs/rus.passport.international/rus.passport.international.json",
    "docs/rus.passport.national/rus.passport.national_mobile.json",
    "docs/arm/arm.id.type1.json",
    "docs/arm/arm.drvlic.type1.json",
    "docs/arm/arm.drvlic.type2.json",
    "docs/arm/arm.passport.type1.json",
    "docs/arm/arm.passport.type2.json",
    "docs/aze/aze.id.type1.json",
    "docs/aze/aze.id.type2.json",
    "docs/aze/aze.drvlic.type1.json",
    "docs/aze/aze.drvlic.type2.json",
    "docs/aze/aze.passport.type1.json",
    "docs/aze/aze.passport.type2.json",
    "docs/blr/blr.drvlic.type1.json",
    "docs/blr/blr.drvlic.type2.json",
    "docs/blr/blr.id.type1.json",
    "docs/blr/blr.passport.internal.type1.json",
    "docs/blr/blr.passport.type1.json",
    "docs/kaz/kaz.id.type1.json",
    "docs/kaz/kaz.id.type2.json",
    "docs/kaz/kaz.passport.type1.json",
    "docs/kaz/kaz.passport.type2.json",
    "docs/kaz/kaz.passport.type3.json",
    "docs/kaz/kaz.drvlic.type1.json",
    "docs/kaz/kaz.drvlic.type2.json",
    "docs/kgz/kgz.id.type1.json",
    "docs/kgz/kgz.id.type2.json",
    "docs/kgz/kgz.drvlic.type1.json",
    "docs/kgz/kgz.drvlic.type2.json",
    "docs/kgz/kgz.passport.type1.json",
    "docs/mda/mda.drvlic.type1.json",
    "docs/mda/mda.drvlic.type2.json",
    "docs/mda/mda.drvlic.type3.json",
    "docs/mda/mda.id.type1.json",
    "docs/mda/mda.id.type2.json",
    "docs/mda/mda.id.type3.json",
    "docs/mda/mda.passport.type1.json",
    "docs/mda/mda.passport.type2.json",
    "docs/tjk/tjk.drvlic.type1.json",
    "docs/tjk/tjk.drvlic.type2.json",
    "docs/tjk/tjk.id.type1.json",
    "docs/tjk/tjk.passport.type1.json",
    "docs/tjk/tjk.passport.type2.json",
    "docs/tjk/tjk.passport.type3.json",
    "docs/tkm/tkm.drvlic.type1.json",
    "docs/tkm/tkm.passport.type1.json",
    "docs/tkm/tkm.passport.type2.json",
    "docs/tls/tls.passport.type1.json",
    "docs/uzb/uzb.drvlic.type1.json",
    "docs/uzb/uzb.drvlic.type2.json",
    "docs/uzb/uzb.drvlic.type3.json",
    "docs/uzb/uzb.passport.type1.json",
    "docs/uzb/uzb.passport.type2.json",
    "docs/ukr/ukr.id.type1.json",
    "docs/ukr/ukr.passport.type1.json",
    "docs/ukr/ukr.passport.type2.json",
    "docs/ukr/ukr.drvlic.type1.json",
    "docs/ukr/ukr.drvlic.type2.json",
    "docs/ukr/ukr.drvlic.type3.json",
    "docs/ukr/ukr.drvlic.type4.json"
  ],
  "engines": {
    "smartid": {
      "doctypes": [
        "mrz.mrp",
        "mrz.td1",
        "mrz.td2",
        "mrz.mrva",
        "mrz.mrvb",
        "mrz.rus.visa",
        "mrz.fra.id",
        "mrz.rus.passport",
        "mrz.che.drvlic",
        "mrz.bgr.vrd",
        "rus.drvlic.type1",
        "rus.drvlic.type2",
        "rus.drvlic.type3",
        "rus.passport.biometric",
        "rus.passport.national",
        "rus.passport.international",
        "arm.id.type1", 
        "arm.drvlic.type1",
        "arm.passport.type1",
        "arm.passport.type2",
        "aze.id.type1",
        "aze.id.type2",
        "aze.drvlic.type1",
        "aze.drvlic.type2",
        "aze.passport.type1",
        "aze.passport.type2",
        "blr.passport.type1", 
        "blr.passport.internal.type1",       
        "blr.id.type1", 
        "blr.drvlic.type1",
        "blr.drvlic.type2",
        "kaz.id.type1",
        "kaz.id.type2", 
        "kaz.passport.type1",
        "kaz.passport.type2",
        "kaz.passport.type3",
        "kaz.drvlic.type1",
        "kaz.drvlic.type2",
        "kgz.id.type1",
        "kgz.id.type2",
        "kgz.drvlic.type1",
        "kgz.drvlic.type2",
        "kgz.passport.type1",
        "mda.id.type1",
        "mda.id.type2",
        "mda.id.type3", 
        "mda.drvlic.type1",
        "mda.drvlic.type2",
        "mda.drvlic.type3", 
        "mda.passport.type1",
        "mda.passport.type2",
        "tjk.id.type1", 
        "tjk.drvlic.type1",
        "tjk.drvlic.type2", 
        "tjk.passport.type1", 
        "tjk.passport.type2",
        "tjk.passport.type3",
        "tkm.drvlic.type1",
        "tkm.passport.type1",
        "tkm.passport.type2",
        "tls.passport.type1",
        "ukr.id.type1",
        "ukr.passport.type1",
        "ukr.passport.type2",
        "ukr.drvlic.type1", 
        "ukr.drvlic.type2",
        "ukr.drvlic.type3",
        "ukr.drvlic.type4",
        "uzb.drvlic.type1",
        "uzb.passport.type1",
        "uzb.passport.type2"
      ],
      "options": {
        "extractFieldImages": "false",
        "extractPhoto": "true",
        "extractTemplateImages": "false"
      },
      "path": "anycis.json",
      "type": "smartid_engine"
    }
  },
  "tplfinder": "docs/anycis/anycis_tplfinder_config_mobile.json",
  "type": "smartid_bundle"
}