{
  "common_options": {},
  "documents": [
    "docs/arm/arm.id.type1.json",
    "docs/arm/arm.drvlic.type1.json",
    "docs/arm/arm.drvlic.type2.json",
    "docs/arm/arm.passport.type1.json", 
    "docs/arm/arm.passport.type2.json",
    "docs/arm/arm.visa.type1.json"
  ],
  "engines": {
    "smartid": {
      "doctypes": [
        "arm.id.type1",
        "arm.drvlic.type1",
        "arm.drvlic.type2",
        "arm.passport.type1",
        "arm.passport.type2",
        "arm.visa.type1"
      ],
      "options": {
        "extractFieldImages": "false",
        "extractPhoto": "true",
        "extractTemplateImages": "false"
      },
      "path": "arm.json",
      "type": "smartid_engine"
    }
  },
  "tplfinder": ":/tplfinder/common_tplfinder_mobile.json",
  "type": "smartid_bundle"
}