{
  "common_options": {},
  "documents": [
    "docs/aze/aze.id.type1.json",
    "docs/aze/aze.id.type2.json",
    "docs/aze/aze.vrd.type1.json",
    "docs/aze/aze.drvlic.type1.json",
    "docs/aze/aze.drvlic.type2.json",
    "docs/aze/aze.passport.type1.json",
    "docs/aze/aze.passport.type2.json"
  ],
  "engines": {
    "smartid": {
      "doctypes": [
        "aze.id.type1",
        "aze.id.type2",
        "aze.vrd.type1",
        "aze.drvlic.type1",
        "aze.drvlic.type2",
        "aze.passport.type1",
        "aze.passport.type2"
      ],
      "options": {
        "extractFieldImages": "false",
        "extractPhoto": "false",
        "extractTemplateImages": "false"
      },
      "path": "aze.json",
      "type": "smartid_engine"
    }
  },
  "tplfinder": ":/tplfinder/common_tplfinder_mobile.json",
  "type": "smartid_bundle"
}