{
  "common_options": {},
  "documents": [
    "docs/blr/blr.drvlic.type1.json",
    "docs/blr/blr.drvlic.type2.json",
    "docs/blr/blr.id.type1.json",
    "docs/blr/blr.passport.internal.type1.json",
    "docs/blr/blr.passport.type1.json",
    "docs/blr/blr.vrc.type1.json",
    "docs/blr/blr.visa.type1.json",
    "docs/blr/blr.visa.type2.json"
  ],
  "engines": {
    "smartid": {
      "doctypes": [
        "blr.passport.type1",
        "blr.passport.internal.type1",
        "blr.id.type1",
        "blr.drvlic.type1",
        "blr.drvlic.type2",
        "blr.vrc.type1",
        "blr.visa.type1",
        "blr.visa.type2"
      ],
      "options": {
        "extractFieldImages": "false",
        "extractPhoto": "true",
        "extractTemplateImages": "false"
      },
      "path": "blr.json",
      "type": "smartid_engine"
    }
  },
  "tplfinder": ":/tplfinder/common_tplfinder_mobile.json",
  "type": "smartid_bundle"
}