{
  "type": "smartid_bundle",
  "engines": {
    "barcode": {
      "lazy_config": true,
      "doctypes": [ "barcode" ], 
      "options": { }, 
      "path": "barcode.json"
    },
    "card": {
      "lazy_config": true,
      "doctypes": [ "card.embossed", "card.indent", "card.freeform" ],
      "options": { },
      "path": "cardreader.json"
    },
    "document_crop": {
      "lazy_config": true,
      "doctypes": ["crop"], 
      "options": { }, 
      "path": "document_crop.json"
    },    
    "mrz": {
      "lazy_config": true,
      "doctypes": [ "mrz.mrp", "mrz.td1", "mrz.td2",
                    "mrz.mrva", "mrz.mrvb", "mrz.rus.visa",
                    "mrz.fra.id", "mrz.rus.passport", "mrz.che.drvlic",
                    "mrz.bgr.vrd" ],      
      "options": { },
      "path": "mrz_mobile.json"
    },
    "arm": {
      "lazy_config": true,
      "doctypes": [
        "arm.id.type1", 
        "arm.drvlic.type1",
        "arm.passport.type1",
        "arm.passport.type2",
        "arm.visa.type1"        
      ], 
      "options": { }, 
      "path": "arm.json"
    },
    "aze": {
      "lazy_config": true,
      "doctypes": [
        "aze.id.type1",
        "aze.vrd.type1",
        "aze.drvlic.type1",
        "aze.drvlic.type2",
        "aze.passport.type1",
        "aze.passport.type2"
      ], 
      "options": { }, 
      "path": "aze.json"
    },
    "blr": {
      "lazy_config": true,
      "doctypes": [
        "blr.passport.type1", 
        "blr.passport.internal.type1",        
        "blr.id.type1", 
        "blr.drvlic.type1",
        "blr.drvlic.type2",
        "blr.vrc.type1",
        "blr.visa.type1",
        "blr.visa.type2"
      ], 
      "options": { }, 
      "path": "blr.json"
    },
    "kaz": {
      "lazy_config": true,
      "doctypes": ["kaz.id.type1", "kaz.id.type2", 
                   "kaz.passport.type1", "kaz.passport.type2", "kaz.passport.type3",
                   "kaz.drvlic.type1", "kaz.drvlic.type2",
                   "kaz.vrc.type1", "kaz.visa.type1", "kaz.visa.type2"], 
      "options": { },
      "path": "kaz.json"
    },
    "kgz": {
      "lazy_config": true,
      "doctypes": [
        "kgz.id.type1",
        "kgz.id.type2",
        "kgz.drvlic.type1",
        "kgz.drvlic.type2",
        "kgz.passport.type1",
        "kgz.vrc.type1"
      ], 
      "options": { }, 
      "path": "kgz.json"
    },
    "mda": {
      "lazy_config": true,
      "doctypes": [ "mda.id.type1", "mda.id.type2", "mda.id.type3", 
                    "mda.drvlic.type1", "mda.drvlic.type2", "mda.drvlic.type3",
                    "mda.passport.type1", "mda.passport.type2" ], 
      "options": { }, 
      "path": "mda.json"
    },
    "rus.2p": {
      "lazy_config": true,
      "doctypes": ["rus.2p.type1"], 
      "options": { }, 
      "path": "rus.2p.json"
    },
    "rus.birth_certificate": {
      "lazy_config": true,
      "doctypes": ["rus.birth_certificate.type1"], 
      "options": { }, 
      "path": "rus.birth_certificate.json"
    },
    "rus.name_change_certificate": {
      "doctypes": [
        "rus.name_change_certificate.type1"
      ], 
      "lazy_config": true, 
      "options": {}, 
      "path": "rus.name_change_certificate.json"
    }, 
    "rus.drvlic": {
      "lazy_config": true,
      "doctypes": [ "rus.drvlic.type1", "rus.drvlic.type2", "rus.drvlic.type3" ],
      "options": { },
      "path": "rus.drvlic.json"
    },    
    "rus.passport.international": {
      "lazy_config": true,
      "doctypes": [ "rus.passport.biometric", "rus.passport.international" ],
      "options": { },
      "path": "rus.passport.international.json"
    },    
    "rus.passport.national": {
      "lazy_config": true,
      "doctypes": [ "rus.passport.national" ],
      "options": { },
      "path": "rus.passport.national_mobile.json"
    },
    "rus.snils": {
      "lazy_config": true,
      "doctypes": [ "rus.snils.type1", "rus.snils.type2" ],
      "options": { },
      "path": "snils.json"
    },
    "rus.sts": {
      "lazy_config": true,
      "doctypes": [ "rus.sts.new", "rus.sts.old" ],
      "options": { },
      "path": "stsrecog.json"
    },
    "rus.visa": {
      "lazy_config": true,
      "doctypes": [ "rus.visa.type1" ],      
      "options": { },
      "path": "rus.visa.json"
    },
    "rus.inn": {
      "lazy_config": true,
      "doctypes": ["rus.inn.entity.type1", "rus.inn.entity.type2",
                   "rus.inn.citizen.type1", "rus.inn.citizen.type2",
                   "rus.inn.citizen.type3", "rus.inn.citizen.type4"],      
      "options": { },
      "path": "rus.inn.json"
    },
    "rus.id": {
      "lazy_config": true,
      "doctypes": [
        "rus.id.police.type1",        
        "rus.id.lawyer.type1",
        "rus.id.military.type1", 
        "rus.id.military.type2",
        "rus.id.military.type3",        
        "rus.id.military.type4",
        "rus.id.military.type5",
        "rus.id.soldier.type1",
        "rus.id.prosecutor.type1",
        "rus.id.prosecutor.type2"
      ],
      "options": { },
      "path": "rus.id.json"
    },
    "rus.marriage_certificate": {
      "lazy_config": true,
      "doctypes": ["rus.marriage_certificate.type1"], 
      "options": { }, 
      "path": "rus.marriage_certificate.json"
    },
    "rus.death_certificate": {
      "lazy_config": true,
      "doctypes": ["rus.death_certificate.type1"], 
      "options": { }, 
      "path": "rus.death_certificate.json"
    },
    "rus.divorce_certificate": {
      "lazy_config": true,
      "doctypes": ["rus.divorce_certificate.type1"], 
      "options": { }, 
      "path": "rus.divorce_certificate.json"
    },
    "rus.oms": {
      "lazy_config": true,
      "doctypes": [
        "rus.oms.type1",
        "rus.oms.type2",
        "rus.oms.type3",
        "rus.oms.type4"
      ], 
      "options": { }, 
      "path": "rus.oms.json"
    },
    "rus.migration_card": {
      "lazy_config": true,
      "doctypes": ["rus.migration_card.type1"], 
      "options": { }, 
      "path": "rus.migration_card.json"
    },
    "rus.work_permit": {
      "doctypes": ["rus.work_permit.type1"], 
      "options": { }, 
      "path": "rus.work_permit.json"
    },
    "rus.pts": {
      "lazy_config": true,
      "doctypes": ["rus.pts.type1"], 
      "options": { }, 
      "path": "rus.pts.json"
    },
    "rus.residence": {
      "lazy_config": true,
      "doctypes": ["rus.residence.old", "rus.residence.biometric"], 
      "options": { }, 
      "path": "rus.residence.json"
    },
    "tjk": {
      "lazy_config": true,
      "doctypes": [
        "tjk.drvlic.type1",
        "tjk.drvlic.type2", 
        "tjk.id.type1", 
        "tjk.passport.type1", 
        "tjk.passport.type2"
      ], 
      "options": { }, 
      "path": "tjk.json"
    },
    "tkm": {
      "lazy_config": true,
      "doctypes": [
        "tkm.drvlic.type1",
        "tkm.passport.type1",
        "tkm.passport.type2",
        "tkm.visa.type1",
        "tkm.visa.type2"
      ], 
      "options": { }, 
      "path": "tkm.json"
    },
    "ukr": {
      "lazy_config": true,
      "doctypes": [
        "ukr.id.type1",
        "ukr.passport.type1",
        "ukr.passport.type2",
        "ukr.drvlic.type1", 
        "ukr.drvlic.type2",
        "ukr.drvlic.type3",
        "ukr.drvlic.type4",
        "ukr.vrc.type1",
        "ukr.visa.type1"
      ], 
      "options": { }, 
      "path": "ukr.json"
    }, 
    "uzb": {
      "lazy_config": true,
      "doctypes": [
        "uzb.visa.type1",
        "uzb.vrc.type1",
        "uzb.drvlic.type1",
        "uzb.passport.type1",
        "uzb.passport.type2"
      ], 
      "options": { }, 
      "path": "uzb.json"
    },
    "anycis": {
      "mode": "anycis",
      "lazy_config": true,
      "options": { }, 
      "doctypes": [
        "mrz.mrp",
        "mrz.td1",
        "mrz.td2",
        "mrz.mrva",
        "mrz.mrvb",
        "mrz.rus.visa",
        "mrz.fra.id",
        "mrz.rus.passport",
        "mrz.che.drvlic",
        "mrz.bgr.vrd",
        "rus.drvlic.type1",
        "rus.drvlic.type2",
        "rus.drvlic.type3",
        "rus.passport.biometric",
        "rus.passport.national",
        "rus.passport.international",
        "arm.id.type1", 
        "arm.drvlic.type1",
        "arm.passport.type1",
        "arm.passport.type2",
        "aze.id.type1",
        "aze.drvlic.type1",
        "aze.drvlic.type2",
        "aze.passport.type1",
        "aze.passport.type2",
        "blr.passport.type1", 
        "blr.passport.internal.type1",       
        "blr.id.type1", 
        "blr.drvlic.type1",
        "blr.drvlic.type2",
        "kaz.id.type1",
        "kaz.id.type2", 
        "kaz.passport.type1",
        "kaz.passport.type2",
        "kaz.passport.type3",
        "kaz.drvlic.type1",
        "kaz.drvlic.type2",
        "kgz.id.type1",
        "kgz.id.type2",
        "kgz.drvlic.type1",
        "kgz.drvlic.type2",
        "kgz.passport.type1",
        "mda.id.type1",
        "mda.id.type2",
        "mda.id.type3", 
        "mda.drvlic.type1",
        "mda.drvlic.type2",
        "mda.drvlic.type3", 
        "mda.passport.type1",
        "mda.passport.type2",
        "tjk.id.type1", 
        "tjk.drvlic.type1",
        "tjk.drvlic.type2", 
        "tjk.passport.type1", 
        "tjk.passport.type2",
        "tjk.passport.type3",
        "tkm.drvlic.type1",
        "tkm.passport.type1",
        "tkm.passport.type2",
        "ukr.id.type1",
        "ukr.passport.type1",
        "ukr.passport.type2",
        "ukr.drvlic.type1", 
        "ukr.drvlic.type2",
        "ukr.drvlic.type3",
        "ukr.drvlic.type4",
        "uzb.drvlic.type1",
        "uzb.passport.type1",
        "uzb.passport.type2"
      ], 
      "path": "anycis.json"
    }
  },
  "common_options": {
    "sessionTimeout": "5.0"
  }
}
