{
  "common_options": {},
  "documents": [    
    ":/docs/card/card.type1.json",
    ":/docs/card/card.type2.json",
    ":/docs/card/card.freeform.json"
  ],
  "engines": {
    "smartid": {
      "doctypes": [
        "card.embossed",
        "card.indent",
        "card.freeform"
      ],
      "options": {
        "extractFieldImages": "false",
        "extractTemplateImages": "false"
      },
      "path": "cardreader.json",
      "type": "smartid_engine"
    }
  },
  "tplfinder": ":/docs/card/tplfinder_config_mobile.json",
  "type": "smartid_bundle"
}
