[
    {
        "(source)": "sources/kaz.passport.type3.main.common.sample0.png",
        "descriptors": [
            {
                "angle": 0,
                "path": "variants/kaz.passport.type3.main.common.sample0_0.desc"
            },
            {
                "angle": 90,
                "path": "variants/kaz.passport.type3.main.common.sample0_1.desc"
            },
            {
                "angle": 180,
                "path": "variants/kaz.passport.type3.main.common.sample0_2.desc"
            },
            {
                "angle": 270,
                "path": "variants/kaz.passport.type3.main.common.sample0_3.desc"
            }
        ],
        "keypoints": "variants/kaz.passport.type3.main.common.sample0.txt"
    }
]
