[
    {
        "descriptors": [
            {
                "angle": 0,
                "path": "variants/kaz.id.type2.back.common.sample0_0.desc"
            },
            {
                "angle": 90,
                "path": "variants/kaz.id.type2.back.common.sample0_1.desc"
            },
            {
                "angle": 180,
                "path": "variants/kaz.id.type2.back.common.sample0_2.desc"
            },
            {
                "angle": 270,
                "path": "variants/kaz.id.type2.back.common.sample0_3.desc"
            }
        ],
        "keypoints": "variants/kaz.id.type2.back.common.sample0.txt",
        "(source)": "sources/kaz.id.type2.back.common.sample0.png"
    },
    {
        "descriptors": [
            {
                "angle": 0,
                "path": "variants/kaz_id_type2_back_sample1_0.desc"
            },
            {
                "angle": 90,
                "path": "variants/kaz_id_type2_back_sample1_1.desc"
            },
            {
                "angle": 180,
                "path": "variants/kaz_id_type2_back_sample1_2.desc"
            },
            {
                "angle": 270,
                "path": "variants/kaz_id_type2_back_sample1_3.desc"
            }
        ],
        "keypoints": "variants/kaz_id_type2_back_sample1.txt",
        "(source)": "sources/kaz_id_type2_back_sample1.png"
    }
]