{
  "type": "pattern",
  "settings": {
    "field_name": "number",
    "side_spaces": 0,
    "patterns": {
      "number_dinersclub": {
        "value": "3### ###### ####",
        "weight": 0.9,
        "min_top_characters": 7
      },
      "number_amex": {
        "value": "3### ###### #####",
        "weight": 1.0,
        "min_top_characters": 7
      },
      "number_standard": {
        "value": "#### #### #### ####",
        "weight": 1.0,
        "min_top_characters": 8
      },
      "number_maestro": {
        "value": "6####### ##########",
        "weight": 1.0,
        "min_top_characters": 9
      },
      "number_maestro_3grouped": {
        "value": "6####### ###### ###",
        "weight": 1.0,
        "min_top_characters": 15
      },
      "number_unionpay_2grouped": {
        "value": "62#### #############",
        "weight": 1.0,
        "min_top_characters": 15
      },
      "number_mir19": {
        "value": "2##################",
        "weight": 1.0,
        "min_top_characters": 10
      },
      "number_mir18": {
        "value": "2####### ##########",
        "weight": 1.0,
        "min_top_characters": 13
      },
      "number_mir19_spaced": {
        "value": "2### #### #### #######",
        "weight": 1.0,
        "min_top_characters": 13
      }
    }
  }
}