{
  "type": "card_field_selector",
  "settings": {
    "expdate_output_field_name": "expiry_date",
    "name_output_field_name": "name",

    "expdate_candidate_fields": [ 
      "text_line_0", "text_line_1" 
    ],
    
    "input_line_fields": [ 
        { 
          "expdate": "text_line_0"
        }, 
        { 
          "expdate": "text_line_1",
          "name": "text_line_1_clone"
        }, 
        { 
          "name": "text_line_2"
        }
    ],

    "expdate_pattern_postprocessor": {
      "type": "pattern",
      "settings": {
        "field_name": "expiry_date",
        "side_spaces": 1,
        "all_side_spaces": true,
        "patterns": {
          "expdate_00": {
            "value": "&#/##",
            "sym_weights": [ 1, 1, 1, 1, 1 ],
            "side_space_weight": 0.2,
            "weight": 1.0
          },
          "expdate_01": {
            "value": "&#-##",
            "sym_weights": [ 1, 1, 1, 1, 1 ],
            "side_space_weight": 0.2,
            "weight": 1.0
          },
          "expdate_02": {
            "value": "&#/##-&#/##",
            "sym_weights": [ 1, 1, 1, 1, 1, 0.5, 1, 1, 1, 1, 1 ],
            "side_space_weight": 0.2,
            "weight": 1.0
          },
          "expdate_03": {
            "value": "&#/^#/##",
            "sym_weights": [ 1, 1, 1, 1, 1, 1, 1, 1 ],
            "side_space_weight": 0.2,
            "weight": 1.0
          },
          "expdate_04": {
            "value": "&#/ ##",
            "sym_weights": [ 1, 1, 1, 0.5, 1, 1 ],
            "side_space_weight": 0.2,
            "weight": 0.9
          },
          "expdate_05": {
            "value": "&#/20##",
            "sym_weights": [ 1, 1, 1, 1, 1, 1, 1 ],
            "side_space_weight": 0.2,
            "weight": 1.0
          },
          "expdate_06": {
            "value": "&#/##  &#/##",
            "sym_weights": [ 1, 1, 1, 1, 1, 0.5, 0.5, 1, 1, 1, 1, 1 ],
            "side_space_weight": 0.2,
            "weight": 1.0
          },
          "expdate_07": {
            "value": "&#/##   &#/##",
            "sym_weights": [ 1, 1, 1, 1, 1, 0.5, 0.5, 0.5, 1, 1, 1, 1, 1 ],
            "side_space_weight": 0.2,
            "weight": 1.0
          },
          "expdate_08": {
            "value": "&#/##    &#/##",
            "sym_weights": [ 1, 1, 1, 1, 1, 0.5, 0.5, 0.5, 0.5, 1, 1, 1, 1, 1 ],
            "side_space_weight": 0.5,
            "weight": 1.0
          },
          "expdate_09": {
            "value": "&#/##     &#/##",
            "sym_weights": [ 1, 1, 1, 1, 1, 0.5, 0.5, 0.5, 0.5, 0.5, 1, 1, 1, 1, 1 ],
            "side_space_weight": 0.5,
            "weight": 1.0
          },
          "expdate_10": {
            "value": "&#/##      &#/##",
            "sym_weights": [ 1, 1, 1, 1, 1, 0.5, 0.5, 0.5, 0.5, 0.5, 0.5, 1, 1, 1, 1, 1 ],
            "side_space_weight": 0.5,
            "weight": 1.0
          },
          "expdate_11": {
            "value": "&#/##       &#/##",
            "sym_weights": [ 1, 1, 1, 1, 1, 0.5, 0.5, 0.5, 0.5, 0.5, 0.5, 0.5, 1, 1, 1, 1, 1 ],
            "side_space_weight": 0.5,
            "weight": 1.0
          },
          "expdate_12": {
            "value": "####         &#/##",
            "sym_weights": [ 1, 1, 1, 1, 0.5, 0.5, 0.5, 0.5, 0.5, 0.5, 0.5, 0.5, 0.5, 1, 1, 1, 1, 1 ],
            "side_space_weight": 0.5,
            "weight": 1.0
          },
          "expdate_13": {
            "value": "##/## &#/^#/##",
            "sym_weights": [ 1, 1, 1, 1, 1, 0.5, 1, 1, 1, 1, 1, 1, 1, 1 ],
            "side_space_weight": 0.2,
            "weight": 1.0
          }
        }
      }
    },
    "expdate_pattern_extraction_indices": {
      "expdate_00": [ 0, 1, 2, 3, 4 ],
      "expdate_01": [ 0, 1, 2, 3, 4 ],
      "expdate_02": [ 6, 7, 8, 9, 10 ],
      "expdate_03": [ 0, 1, 2, 6, 7 ],
      "expdate_04": [ 0, 1, 2, 4, 5 ],
      "expdate_05": [ 0, 1, 2, 5, 6 ],
      "expdate_06": [ 7, 8, 9, 10, 11 ],
      "expdate_07": [ 8, 9, 10, 11, 12 ],
      "expdate_08": [ 9, 10, 11, 12, 13 ],
      "expdate_09": [ 10, 11, 12, 13, 14 ],
      "expdate_10": [ 11, 12, 13, 14, 15 ],
      "expdate_11": [ 12, 13, 14, 15, 16 ],
      "expdate_12": [ 13, 14, 15, 16, 17 ],
      "expdate_13": [ 6, 7, 8, 12, 13 ]
    },
    "name_trigrams_path": ":/docs/card/dictionaries/name_surname_trigrams.pb",
    "trigram_correction": [
      "HMNW",
      "COUDQ",
      "BEFPR",
      "YV",
      "TIJ"
    ]
  }
}
