{
  "type": "card_field_selector",
  "settings": {
    "expdate_output_field_name": "expiry_date",
    "name_output_field_name": "name",

    "expdate_candidate_fields": [ 
      "text_line_0", "text_line_1" 
    ],
    
    "input_line_fields": [ 
        { 
          "expdate": "text_line_0"
        }, 
        { 
          "expdate": "text_line_1",
          "name": "text_line_1_clone"
        }, 
        { 
          "name": "text_line_2"
        }
    ],

    "expdate_pattern_postprocessor": {
      "type": "pattern",
      "settings": {
        "field_name": "expiry_date",
        "side_spaces": 1,
	"all_side_spaces": true,
        "patterns": {
          "expdate_0": {
            "value": "&#/##",
	    "sym_weights": [ 1, 1, 1, 1, 1 ],
	    "side_space_weight": 0.2,
            "weight": 1.0
          },
          "expdate_1": {
            "value": "&#-##",
	    "sym_weights": [ 1, 1, 1, 1, 1 ],
	    "side_space_weight": 0.2,
            "weight": 1.0
          },
          "expdate_2": {
            "value": "&#/##-&#/##",
	    "sym_weights": [ 1, 1, 1, 1, 1, 0.5, 1, 1, 1, 1, 1 ],
	    "side_space_weight": 0.2,
            "weight": 1.0
          },
          "expdate_3": {
            "value": "&#/^#/##",
	    "sym_weights": [ 1, 1, 1, 1, 1, 1, 1, 1 ],
	    "side_space_weight": 0.2,
            "weight": 1.0
          },
          "expdate_4": {
            "value": "&#/##     &#/##",
	    "sym_weights": [ 1, 1, 1, 1, 1, 0.5, 0.5, 0.5, 0.5, 0.5, 1, 1, 1, 1, 1 ],
	    "side_space_weight": 0.2,
            "weight": 1.0
          }
        }
      }
    },
    "expdate_pattern_extraction_indices": {
      "expdate_0": [ 0, 1, 2, 3, 4 ],
      "expdate_1": [ 0, 1, 2, 3, 4 ],
      "expdate_2": [ 6, 7, 8, 9, 10 ],
      "expdate_3": [ 0, 1, 2, 6, 7 ],
      "expdate_4": [ 10, 11, 12, 13, 14 ]
    },
    "name_trigrams_path": ":/docs/card/dictionaries/name_surname_trigrams.pb",
    "trigram_correction": [
      "HMN",
      "ODQ",
      "EF"
    ]
  }
}
