{
  "type": "date",
  "settings": {
    "separators_alphabet": " -./",
    "remove_separators": false,
    "pattern_match_confidence": 0.9,
    "input_patterns": [
      "MM.YY"
    ],
    "alphabet_postprocessor": {
      "type": "alphabet",
      "settings": {
        "type_app": "const_alph",
        "mask_str": "0123456789 -./",
        "min_confidence": 0.2,
        "sum_alph_confidence": 0.98,
        "matchs" : {
          "O" : "0",
          "О" : "0",
          "Q" : "0",
          "З" : "3",
          "I" : "1",
          "D" : "0",
          "L" : "1",
          "U" : "0",
          "T" : "1",
          "A" : "4",
          "S" : "5"
        }
      }
    },
    "output_pattern": "MM/YY",
    "wrdgen_depth": 100,
    "substitution_weight": 0.8,
    "min_date": "01.01.1990",
    "max_date": "31.12.2029",
    "delta_year": 50,
    "remove_nonsense_fields": true
  }
}
