{
  "type": "multisequence",
  "settings": {
    "postprocessors": [
      {
        "type": "alphabet",
        "settings": {
          "type_app": "const_alph",
          "mask_str": " .ABCDEFGHIJKLMNOPQRSTUVWXYZ",
          "min_confidence": 0.2,
          "sum_alph_confidence": 0.98,
          "matchs" : {
            "1" : "I",
            "0" : "O",
            "5" : "S",
            "6" : "G",
            "7" : "T"
          }
        }
      },
      {
        "type": "card_name",
        "settings": {
          "min_word_length": 2,
          "min_num_words": 2,
          "allowed_short_words": [
            "MR",
            "MS",
            "JR"
          ]
        }
      }
    ]
  }
}
