{
  "type": "pattern",
  "settings": {
    "field_name": "number",
    "side_spaces": 0,
    "patterns": {
      "number_dinersclub": {
        "value": "3### ###### ####",
        "weight": 0.8,
        "min_top_characters": 7
      },
      "number_amex": {
        "value": "3### ###### #####",
        "weight": 1.0,
        "min_top_characters": 7
      },
      "number_standard": {
        "value": "#### #### #### ####",
        "weight": 1.0,
        "min_top_characters": 8
      },
      "number_maestro": {
        "value": "6####### ##########",
        "weight": 1.0,
        "min_top_characters": 9
      },  
      "number_standard_nsp1": {
        "value": "!####### #### ####",
        "weight": 1.0,
        "min_top_characters": 8,
        "output_pattern": "#### #### #### ####"
      },
      "number_standard_nsp2": {
        "value": "!### ######## ####",
        "weight": 1.0,
        "min_top_characters": 8,
        "output_pattern": "#### #### #### ####"
      },
      "number_standard_nsp3": {
        "value": "!### #### ########",
        "weight": 1.0,
        "min_top_characters": 8,
        "output_pattern": "#### #### #### ####"
      },
      "number_standard_nsp12": {
        "value": "!########### ####",
        "weight": 1.0,
        "min_top_characters": 8,
        "output_pattern": "#### #### #### ####"
      },
      "number_standard_nsp13": {
        "value": "!####### ########",
        "weight": 1.0,
        "min_top_characters": 8,
        "output_pattern": "#### #### #### ####"
      },
      "number_standard_nsp23": {
        "value": "!### ############",
        "weight": 1.0,
        "min_top_characters": 8,
        "output_pattern": "#### #### #### ####"
      },      
      "number_standard_nsp123": {
        "value": "!###############",
        "weight": 1.0,
        "min_top_characters": 8,
        "output_pattern": "#### #### #### ####"
      },
      "number_standard_nonspaced": {
        "value": "################",
        "weight": 1.0,
        "min_top_characters": 14,
        "output_pattern": "#### #### #### ####"
      }
    }
  }
}