{
    "(sample)": "aze.vrd.type1.front.common/sample.jpg",
    "features": {
        "content": {
            "(ffe)": ":/docs/aze/ffe_config_mobile.json",
            "descriptor_size": 296,
            "descriptor_type": "uint1",
            "rotations": 4,
            "variants": "aze.vrd.type1.front.common/variants.json"
        },
        "type": "common"
    },
    "name": "aze.vrd.type1:front",
    "size_mm": [
        84.0,
        59.0
    ],
    "size_px": [
        840,
        590
    ]
}