{
  "type": "multisequence",
  "settings": {
    "postprocessors": [
      {
        "type": "clutter_remover",
        "settings": {
          "clutter_alphabet": "Ж6NI ",
          "max_clutter_left": 5,
          "max_clutter_right": 0
        }
      },
      {
        "type": "replacer",
        "settings": {
          "matchs": {
            "O": "0",
            "D": "0",
            "I": "1",
            "S": "5"
          }
        }
      },
      {
        "type": "symbols_inserter",
        "settings": {
          "insertions": [
            {
              "position": 0,
              "value": "ЖСН/IIN "
            }
          ]
        }
      },
      {
        "type": "alphabet",
        "settings": {
          "type_app": "univ_alph",
          "str_size": 20,    
          "mask_str": [
            "Ж",
            "С",
            "Н",
            "/",
            "I",
            "I",
            "N",
            " ",
            "0123456789",
            "0123456789",
            "0123456789",
            "0123456789",
            "0123456789",
            "0123456789",
            "0123456789",
            "0123456789",
            "0123456789",
            "0123456789",
            "0123456789",
            "0123456789"
          ],
          "min_confidence": 0.2,
          "sum_alph_confidence": 0.98,
          "matchs" : {
          }
        }
      }
    ]
  }
}