{
  "type": "multisequence",
  "settings": {
    "postprocessors": [
      {
        "type": "splitter",
        "settings": {
          "separator": [
            "/"
          ],
          "mode": "custom",
          "output_fields_sequence": [ 
            { 
              "output_field_name": "last_name", 
              "location": "left"
            },
            { 
              "output_field_name": "trash", 
              "location": "rest" 
            }
          ]
        } 
      },
      ":/postprocessor/punctuation_stripper.json"    
    ]
  }
}