{
  "type": "multisequence",
  "settings": {
    "postprocessors": [
      {
        "type": "clutter_remover",
        "settings": {
          "clutter_alphabet": "DLA OFI",
          "max_clutter_left": 6,
          "max_clutter_right": 0
        }
      },
      {
        "type": "clutter_remover",
        "settings": {
          "clutter_alphabet": " ",
          "max_clutter_left": 3,
          "max_clutter_right": 3
        }
      },
      {
        "settings": {
          "deletion_base_penalty": 1.0,
          "deletion_streak_penalty": 1.0,
          "dictionary": {
            "data": "kaz_authority.dict",
            "type": "file"
          },
          "max_input_confidence": 2.0,
          "max_input_dict_weight": 1000000000,
          "min_change_dict_weight": 0,
          "max_levenshtein_penalty": 2.5,
          "insertion_base_penalty": 1.0,
          "insertion_streak_penalty": 1.0,
          "substitution_weight": 0.9,
          "max_states_count": 100
        },
        "type": "levdict"
      },
      {
        "type": "symbols_inserter",
        "settings": {
          "insertions": [
            {
              "position": 0,
              "value": "DIA OF "
            }
          ]
        }
      }
    ]
  }
}