{
  "type": "multisequence",
  "settings": {
    "postprocessors": [
      {
        "type": "clutter_remover",
        "settings": {
          "clutter_alphabet": "ІД ",
          "max_clutter_left": 3,
          "max_clutter_right": 0
        }
      },
      {
        "type": "clutter_remover",
        "settings": {
          "clutter_alphabet": " ",
          "max_clutter_left": 3,
          "max_clutter_right": 3
        }
      },
      {
        "type": "symbols_inserter",
        "settings": {
          "insertions": [
            {
              "position": 0,
              "value": "ІІД "
            }
          ]
        }
      }
    ]
  }
}