{
    "type": "dynamic",
    "settings": {
        "preprocessing": {
            "processing_steps": [
                {
                    "type": "blink_removing",
                    "settings": {
                        "blink_removing_percent": 0.1
                    }
                },
                {
                    "type": "background_closing",
                    "settings": {
                        "background_closing_wy": 4,
                        "background_closing_wx": 4
                    }
                },
                {
                    "type": "morphology_open",
                    "settings": {
                        "morphology_open_wy": 0,
                        "morphology_open_wx": 15
                    }
                },
                {
                    "type": "morphology_close",
                    "settings": {
                        "morphology_close_wy": 6,
                        "morphology_close_wx": 0
                    }
                },
                {
                    "type": "autocontrast",
                    "settings": {
                        "autocontrast_satur_white": 0.05,
                        "autocontrast_satur_black": 0.01
                    }
                },
                {
                    "type": "saturation"
                },
                {
                    "type": "angle_detection",
                    "settings": {
                        "width_downscale": 0.5,
                        "height_downscale": 1.0
                    }
                }
            ],
            "settings": {}
        },
        "settings": {
            "grid_step_y": 1,
            "grid_step_x": 1,
            "gap_right": 15,
            "gap_left": 12,
            "gap_bot": 10,
            "gap_top": 10,
            "score_type": "otsu",
            "rejection_threshold": 0.15,
            "default_gap_dp_cost": 0.0,
            "default_gap_otsu_cost": 0.7,
            "local_otsu_window_wing": -1
        },
        "layout": [
            {
                "delta_height": 35,
                "line_type": "gap",
                "height": 35
            },
            {
                "line_type": "text",
                "height": 25,
                "delta_height": 7,
                "fields": [
                    {
                        "field_type": "gap",
                        "delta_width": 45,
                        "width": 55
                    },
                    {
                        "field_type": "text",
                        "cost": 1.75,
                        "field_name": "birth_place",
                        "is_optional": false,
                        "delta_width": 450,
                        "width": 490
                    },
                    {
                        "field_type": "gap",
                        "delta_width": 450,
                        "width": 470
                    }
                ]
            },
            {
                "delta_height": 15,
                "line_type": "gap",
                "height": 40
            },
            {
                "line_type": "text",
                "height": 25,
                "delta_height": 7,
                "fields": [
                    {
                        "field_type": "gap",
                        "delta_width": 40,
                        "width": 55
                    },
                    {
                        "field_type": "text",
                        "cost": 1.75,
                        "field_name": "ethnicity",
                        "is_optional": false,
                        "delta_width": 450,
                        "width": 490
                    },
                    {
                        "field_type": "gap",
                        "delta_width": 450,
                        "width": 470
                    }
                ]
            },
            {
                "delta_height": 15,
                "line_type": "gap",
                "height": 40
            },
            {
                "line_type": "text",
                "height": 25,
                "delta_height": 7,
                "fields": [
                    {
                        "field_type": "gap",
                        "delta_width": 35,
                        "width": 55
                    },
                    {
                        "field_type": "text",
                        "cost": 1.75,
                        "field_name": "authority",
                        "is_optional": false,
                        "delta_width": 450,
                        "width": 490
                    },
                    {
                        "field_type": "gap",
                        "delta_width": 450,
                        "width": 470
                    }
                ]
            },
            {
                "delta_height": 15,
                "line_type": "gap",
                "height": 40
            },
            {
                "line_type": "text",
                "height": 25,
                "delta_height": 7,
                "fields": [
                    {
                        "field_type": "gap",
                        "delta_width": 35,
                        "width": 55
                    },
                    {
                        "field_type": "text",
                        "cost": 1.0,
                        "field_name": "issue_date",
                        "is_optional": true,
                        "delta_width": 25,
                        "width": 130
                    },
                    {
                        "field_type": "gap",
                        "delta_width": 30,
                        "width": 70
                    },
                    {
                        "field_type": "text",
                        "cost": 1.0,
                        "field_name": "expiry_date",
                        "is_optional": true,
                        "delta_width": 25,
                        "width": 130
                    },
                    {
                        "field_type": "gap",
                        "delta_width": 70,
                        "width": 250
                    }
                ]
            },
            {
                "delta_height": 30,
                "line_type": "gap",
                "height": 30
            }
        ]
    }
}