{
    "type": "dynamic",
    "settings": {
        "preprocessing": {
            "processing_steps": [
                {
                    "type": "blink_removing",
                    "settings": {
                        "blink_removing_percent": 0.1
                    }
                },
                {
                    "type": "background_closing",
                    "settings": {
                        "background_closing_wy": 4,
                        "background_closing_wx": 4
                    }
                },
                {
                    "type": "morphology_open",
                    "settings": {
                        "morphology_open_wy": 4,
                        "morphology_open_wx": 15
                    }
                },
                {
                    "type": "morphology_close",
                    "settings": {
                        "morphology_close_wy": 10,
                        "morphology_close_wx": 0
                    }
                },
                {
                    "type": "autocontrast",
                    "settings": {
                        "autocontrast_satur_white": 0.05,
                        "autocontrast_satur_black": 0.01
                    }
                },
                {
                    "type": "saturation"
                },
                {
                    "type": "angle_detection",
                    "settings": {
                        "width_downscale": 0.5,
                        "height_downscale": 1.0
                    }
                }
            ],
            "settings": {}
        },
        "settings": {
            "grid_step_y": 1,
            "grid_step_x": 1,
            "gap_right": 20,
            "gap_left": 20,
            "gap_bot": 12,
            "gap_top": 12,
            "score_type": "otsu",
            "rejection_threshold": 0.15,
            "default_gap_dp_cost": 0.0,
            "default_gap_otsu_cost": 0.7,
            "local_otsu_window_wing": -1
        },
        "layout": [
            {
                "delta_height": 30,
                "line_type": "gap",
                "height": 70
            },
            {
                "line_type": "text",
                "height": 25,
                "delta_height": 5,
                "fields": [
                    {
                        "field_type": "gap",
                        "delta_width": 25,
                        "width": 55
                    },
                    {
                        "field_type": "text",
                        "cost": 1.75,
                        "field_name": "birth_place",
                        "is_optional": false,
                        "delta_width": 880,
                        "width": 960
                    },
                    {
                        "field_type": "gap",
                        "delta_width": 860,
                        "width": 900
                    }
                ]
            },
            {
                "delta_height": 15,
                "line_type": "gap",
                "height": 45
            },
            {
                "line_type": "text",
                "height": 25,
                "delta_height": 5,
                "fields": [
                    {
                        "field_type": "gap",
                        "delta_width": 25,
                        "width": 55
                    },
                    {
                        "field_type": "text",
                        "cost": 1.0,
                        "field_name": "ethnicity",
                        "is_optional": false,
                        "delta_width": 880,
                        "width": 960
                    },
                    {
                        "field_type": "gap",
                        "delta_width": 860,
                        "width": 900
                    }
                ]
            },
            {
                "delta_height": 15,
                "line_type": "gap",
                "height": 50
            },
            {
                "line_type": "text",
                "height": 25,
                "delta_height": 5,
                "fields": [
                    {
                        "field_type": "gap",
                        "delta_width": 25,
                        "width": 55
                    },
                    {
                        "field_type": "text",
                        "cost": 1.0,
                        "field_name": "address_1",
                        "is_optional": false,
                        "delta_width": 880,
                        "width": 960
                    },
                    {
                        "field_type": "gap",
                        "delta_width": 940,
                        "width": 980
                    }
                ]
            },
            {
                "delta_height": 10,
                "line_type": "gap",
                "height": 25
            },
            {
                "line_type": "text",
                "height": 25,
                "delta_height": 5,
                "fields": [
                    {
                        "field_type": "gap",
                        "delta_width": 25,
                        "width": 55
                    },
                    {
                        "field_type": "text",
                        "cost": 0.6,
                        "field_name": "address_2",
                        "is_optional": true,
                        "delta_width": 880,
                        "width": 960
                    },
                    {
                        "field_type": "gap",
                        "delta_width": 980,
                        "width": 980
                    }
                ]
            },
            {
                "delta_height": 50,
                "line_type": "gap",
                "height": 75
            },
            {
                "line_type": "text",
                "height": 25,
                "delta_height": 5,
                "fields": [
                    {
                        "field_type": "gap",
                        "delta_width": 30,
                        "width": 55
                    },
                    {
                        "field_type": "text",
                        "cost": 1.0,
                        "field_name": "authority",
                        "is_optional": true,
                        "delta_width": 880,
                        "width": 960
                    },
                    {
                        "field_type": "gap",
                        "delta_width": 980,
                        "width": 980
                    }
                ]
            },
            {
                "delta_height": 20,
                "line_type": "gap",
                "height": 50
            },
            {
                "line_type": "text",
                "height": 25,
                "delta_height": 5,
                "fields": [
                    {
                        "field_type": "gap",
                        "delta_width": 30,
                        "width": 55
                    },
                    {
                        "field_type": "text",
                        "cost": 1.0,
                        "field_name": "issue_date",
                        "is_optional": true,
                        "delta_width": 15,
                        "width": 150
                    },
                    {
                        "field_type": "gap",
                        "delta_width": 10,
                        "width": 45
                    },
                    {
                        "field_type": "text",
                        "cost": 1.0,
                        "field_name": "expiry_date",
                        "is_optional": true,
                        "delta_width": 15,
                        "width": 150
                    },
                    {
                        "field_type": "gap",
                        "delta_width": 980,
                        "width": 980
                    }
                ]
            },
            {
                "delta_height": 30,
                "line_type": "gap",
                "height": 50
            }
        ]
    }
}