{
    "type": "dynamic",
    "settings": {
        "preprocessing": {
            "processing_steps": [
                {
                    "type": "blink_removing",
                    "settings": {
                        "blink_removing_percent": 0.1
                    }
                },
                {
                    "type": "background_closing",
                    "settings": {
                        "background_closing_wy": 4,
                        "background_closing_wx": 4
                    }
                },
                {
                    "type": "morphology_open",
                    "settings": {
                        "morphology_open_wy": 1,
                        "morphology_open_wx": 13
                    }
                },
                {
                    "type": "morphology_close",
                    "settings": {
                        "morphology_close_wy": 3,
                        "morphology_close_wx": 0
                    }
                },
                {
                    "type": "saturation"
                },
                {
                    "type": "angle_detection",
                    "settings": {
                        "width_downscale": 0.5,
                        "height_downscale": 1.0
                    }
                }
            ],
            "settings": {}
        },
        "settings": {
            "grid_step_y": 1,
            "grid_step_x": 1,
            "gap_right": 15,
            "gap_left": 12,
            "gap_bot": 7,
            "gap_top": 7,
            "score_type": "otsu",
            "rejection_threshold": 0.15,
            "default_gap_dp_cost": 0.0,
            "default_gap_otsu_cost": 0.7,
            "local_otsu_window_wing": -1
        },
        "layout": [
            {
                "delta_height": 20,
                "line_type": "gap",
                "height": 50
            },
            {
                "line_type": "text",
                "height": 25,
                "delta_height": 10,
                "fields": [
                    {
                        "field_type": "gap",
                        "delta_width": 15,
                        "width": 40
                    },
                    {
                        "field_type": "text",
                        "cost": 1.75,
                        "field_name": "last_name",
                        "is_optional": false,
                        "delta_width": 450,
                        "width": 480
                    },
                    {
                        "field_type": "gap",
                        "delta_width": 460,
                        "width": 490
                    }
                ]
            },
            {
                "delta_height": 15,
                "line_type": "gap",
                "height": 50
            },
            {
                "line_type": "text",
                "height": 25,
                "delta_height": 10,
                "fields": [
                    {
                        "field_type": "gap",
                        "delta_width": 15,
                        "width": 40
                    },
                    {
                        "field_type": "text",
                        "cost": 1.0,
                        "field_name": "name",
                        "is_optional": false,
                        "delta_width": 450,
                        "width": 480
                    },
                    {
                        "field_type": "gap",
                        "delta_width": 460,
                        "width": 490
                    }
                ]
            },
            {
                "delta_height": 15,
                "line_type": "gap",
                "height": 50
            },
            {
                "line_type": "text",
                "height": 20,
                "delta_height": 10,
                "fields": [
                    {
                        "field_type": "gap",
                        "delta_width": 15,
                        "width": 40
                    },
                    {
                        "field_type": "text",
                        "cost": 0.6,
                        "field_name": "patronymic",
                        "is_optional": true,
                        "delta_width": 480,
                        "width": 480
                    },
                    {
                        "field_type": "gap",
                        "delta_width": 460,
                        "width": 490
                    }
                ]
            },
            {
                "delta_height": 15,
                "line_type": "gap",
                "height": 50
            },
            {
                "line_type": "text",
                "height": 25,
                "delta_height": 15,
                "fields": [
                    {
                        "field_type": "gap",
                        "delta_width": 15,
                        "width": 40
                    },
                    {
                        "field_type": "text",
                        "cost": 1.0,
                        "field_name": "birth_date",
                        "is_optional": false,
                        "delta_width": 30,
                        "width": 130
                    },
                    {
                        "field_type": "gap",
                        "delta_width": 100,
                        "width": 200
                    },
                    {
                        "field_type": "text",
                        "cost": 0.6,
                        "field_name": "tin",
                        "delta_width": 10,
                        "width": 160
                    },
                    {
                        "field_type": "gap",
                        "delta_width": 440,
                        "width": 490
                    }
                ]
            },
            {
                "delta_height": 50,
                "line_type": "gap",
                "height": 70
            }
        ]
    }
}