{
    "type": "dynamic",
    "settings": {
        "preprocessing": {
            "processing_steps": [
                {
                    "type": "blink_removing",
                    "settings": {
                        "blink_removing_percent": 0.1
                    }
                },
                {
                    "type": "background_closing",
                    "settings": {
                        "background_closing_wy": 4,
                        "background_closing_wx": 4
                    }
                },
                {
                    "type": "morphology_open",
                    "settings": {
                        "morphology_open_wy": 4,
                        "morphology_open_wx": 20
                    }
                },
                {
                    "type": "autocontrast",
                    "settings": {
                        "autocontrast_satur_white": 0.05,
                        "autocontrast_satur_black": 0.01
                    }
                },
                {
                    "type": "saturation"
                },
                {
                    "type": "angle_detection",
                    "settings": {
                        "width_downscale": 0.5,
                        "height_downscale": 1.0
                    }
                }
            ],
            "settings": {}
        },
        "settings": {
            "grid_step_y": 1,
            "grid_step_x": 1,
            "gap_right": 15,
            "gap_left": 15,
            "gap_bot": 10,
            "gap_top": 10,
            "score_type": "otsu",
            "rejection_threshold": 0.15,
            "default_gap_dp_cost": 0.0,
            "default_gap_otsu_cost": 0.7,
            "local_otsu_window_wing": -1
        },
        "layout": [
            {
                "delta_height": 20,
                "line_type": "gap",
                "height": 40
            },
            {
                "line_type": "text",
                "height": 30,
                "delta_height": 10,
                "fields": [
                    {
                        "field_type": "gap",
                        "delta_width": 25,
                        "width": 30
                    },
                    {
                        "field_type": "text",
                        "cost": 1.75,
                        "field_name": "last_name",
                        "is_optional": false,
                        "delta_width": 450,
                        "width": 480
                    },
                    {
                        "field_type": "gap",
                        "delta_width": 440,
                        "width": 490
                    }
                ]
            },
            {
                "delta_height": 20,
                "line_type": "gap",
                "height": 50
            },
            {
                "line_type": "text",
                "height": 30,
                "delta_height": 10,
                "fields": [
                    {
                        "field_type": "gap",
                        "delta_width": 25,
                        "width": 30
                    },
                    {
                        "field_type": "text",
                        "cost": 1.0,
                        "field_name": "name",
                        "is_optional": false,
                        "delta_width": 450,
                        "width": 480
                    },
                    {
                        "field_type": "gap",
                        "delta_width": 440,
                        "width": 490
                    }
                ]
            },
            {
                "delta_height": 25,
                "line_type": "gap",
                "height": 55
            },
            {
                "line_type": "text",
                "height": 30,
                "delta_height": 10,
                "fields": [
                    {
                        "field_type": "gap",
                        "delta_width": 25,
                        "width": 30
                    },
                    {
                        "field_type": "text",
                        "cost": 1.0,
                        "field_name": "patronymic",
                        "is_optional": false,
                        "delta_width": 450,
                        "width": 480
                    },
                    {
                        "field_type": "gap",
                        "delta_width": 440,
                        "width": 490
                    }
                ]
            },
            {
                "delta_height": 15,
                "line_type": "gap",
                "height": 45
            },
            {
                "line_type": "text",
                "height": 30,
                "delta_height": 10,
                "fields": [
                    {
                        "field_type": "gap",
                        "delta_width": 25,
                        "width": 30
                    },
                    {
                        "field_type": "text",
                        "cost": 1.0,
                        "field_name": "birth_date",
                        "is_optional": false,
                        "delta_width": 450,
                        "width": 480
                    },
                    {
                        "field_type": "gap",
                        "delta_width": 440,
                        "width": 490
                    }
                ]
            },
            {
                "delta_height": 35,
                "line_type": "gap",
                "height": 40
            },
            {
                "line_type": "text",
                "height": 30,
                "delta_height": 10,
                "fields": [
                    {
                        "field_type": "gap",
                        "delta_width": 30,
                        "width": 40
                    },
                    {
                        "field_type": "text",
                        "cost": 0.6,
                        "field_name": "tin",
                        "is_optional": true,
                        "delta_width": 40,
                        "width": 220
                    },
                    {
                        "field_type": "gap",
                        "delta_width": 440,
                        "width": 490
                    }
                ]
            },
            {
                "delta_height": 45,
                "line_type": "gap",
                "height": 60
            }
        ]
    }
}