{
    "type": "common",
    "settings": {    
        "processing": {
            "use_background_closing": true,
            "background_closing_wx": 4,
            "background_closing_wy": 4,
            "use_morphology_open": true,
            "morphology_open_wx": 15,
            "morphology_open_wy": 3,
            "use_morphology_close": true,
            "morphology_close_wx": 0,
            "morphology_close_wy": 3,
            "use_autocontrast": true,
            "autocontrast_satur_black": 0,
            "autocontrast_satur_white": 0.55,
            "use_saturation": true
        },
        "settings": {
            "max_v_size": 28,
            "min_v_size": 18,
            "min_h_size": 40,
            "min_h_gap": 32,
            "step_x": 20,
            "step_y": 10
        },
        "layout": [
            {
                "objects": [
                    {
                        "name": "number"
                    }
                ]
            }
        ]
    }
}