{
    "type": "dynamic",
    "settings": {
        "preprocessing": {
            "processing_steps": [
                {
                    "type": "blink_removing",
                    "settings": {
                        "blink_removing_percent": 0.1
                    }
                },
                {
                    "type": "background_closing",
                    "settings": {
                        "background_closing_wy": 4,
                        "background_closing_wx": 4
                    }
                },
                {
                    "type": "morphology_open",
                    "settings": {
                        "morphology_open_wy": 0,
                        "morphology_open_wx": 10
                    }
                },
                {
                    "type": "morphology_close",
                    "settings": {
                        "morphology_close_wy": 3,
                        "morphology_close_wx": 0
                    }
                },
                {
                    "type": "autocontrast",
                    "settings": {
                        "autocontrast_satur_white": 0.05,
                        "autocontrast_satur_black": 0.01
                    }
                }
            ],
            "settings": {}
        },
        "settings": {
            "grid_step_y": 1,
            "grid_step_x": 1,
            "gap_right": 12,
            "gap_left": 8,
            "gap_bot": 8,
            "gap_top": 7,
            "score_type": "otsu",
            "rejection_threshold": 0.15,
            "default_gap_dp_cost": 0.0,
            "default_gap_otsu_cost": 0.7,
            "local_otsu_window_wing": -1
        },
        "layout": [
            {
                "delta_height": 10,
                "line_type": "gap",
                "height": 25
            },
            {
                "line_type": "text",
                "height": 22,
                "delta_height": 6,
                "fields": [
                    {
                        "field_type": "gap",
                        "delta_width": 580,
                        "width": 800
                    },
                    {
                        "field_type": "text",
                        "cost": 1.0,
                        "field_name": "surname_raw_back",
                        "is_optional": false,
                        "delta_width": 580,
                        "width": 660
                    },
                    {
                        "field_type": "gap",
                        "delta_width": 20,
                        "width": 40
                    }
                ]
            },
            {
                "delta_height": 10,
                "line_type": "gap",
                "height": 30
            },
            {
                "line_type": "text",
                "height": 22,
                "delta_height": 6,
                "fields": [
                    {
                        "field_type": "gap",
                        "delta_width": 620,
                        "width": 700
                    },
                    {
                        "field_type": "text",
                        "cost": 1.0,
                        "field_name": "name_and_patronymic_raw_back",
                        "is_optional": false,
                        "delta_width": 620,
                        "width": 800
                    },
                    {
                        "field_type": "gap",
                        "delta_width": 20,
                        "width": 40
                    }
                ]
            },
            {
                "delta_height": 10,
                "line_type": "gap",
                "height": 35
            },
            {
                "line_type": "text",
                "height": 22,
                "delta_height": 6,
                "fields": [
                    {
                        "field_type": "gap",
                        "delta_width": 420,
                        "width": 780
                    },
                    {
                        "field_type": "text",
                        "cost": 1.0,
                        "field_name": "region",
                        "is_optional": false,
                        "delta_width": 420,
                        "width": 490
                    },
                    {
                        "field_type": "gap",
                        "delta_width": 20,
                        "width": 40
                    }
                ]
            },
            {
                "delta_height": 10,
                "line_type": "gap",
                "height": 30
            },
            {
                "line_type": "text",
                "height": 22,
                "delta_height": 6,
                "fields": [
                    {
                        "field_type": "gap",
                        "delta_width": 420,
                        "width": 780
                    },
                    {
                        "field_type": "text",
                        "cost": 1.0,
                        "field_name": "district",
                        "is_optional": false,
                        "delta_width": 420,
                        "width": 490
                    },
                    {
                        "field_type": "gap",
                        "delta_width": 20,
                        "width": 40
                    }
                ]
            },
            {
                "delta_height": 10,
                "line_type": "gap",
                "height": 30
            },
            {
                "line_type": "text",
                "height": 22,
                "delta_height": 6,
                "fields": [
                    {
                        "field_type": "gap",
                        "delta_width": 420,
                        "width": 780
                    },
                    {
                        "field_type": "text",
                        "cost": 1.0,
                        "field_name": "city_raw",
                        "is_optional": false,
                        "delta_width": 420,
                        "width": 490
                    },
                    {
                        "field_type": "gap",
                        "delta_width": 20,
                        "width": 40
                    }
                ]
            },
            {
                "delta_height": 10,
                "line_type": "gap",
                "height": 30
            },
            {
                "line_type": "text",
                "height": 22,
                "delta_height": 6,
                "fields": [
                    {
                        "field_type": "gap",
                        "delta_width": 420,
                        "width": 780
                    },
                    {
                        "field_type": "text",
                        "cost": 1.0,
                        "field_name": "street",
                        "is_optional": false,
                        "delta_width": 420,
                        "width": 490
                    },
                    {
                        "field_type": "gap",
                        "delta_width": 20,
                        "width": 40
                    }
                ]
            },
            {
                "delta_height": 10,
                "line_type": "gap",
                "height": 30
            },
            {
                "line_type": "text",
                "height": 22,
                "delta_height": 6,
                "fields": [
                    {
                        "field_type": "gap",
                        "delta_width": 75,
                        "width": 440
                    },
                    {
                        "field_type": "text",
                        "cost": 1.0,
                        "field_name": "building",
                        "is_optional": false,
                        "delta_width": 75,
                        "width": 95
                    },
                    {
                        "field_type": "gap",
                        "delta_width": 70,
                        "width": 374
                    },
                    {
                        "field_type": "text",
                        "cost": 0.6,
                        "field_name": "apartment",
                        "is_optional": true,
                        "delta_width": 70,
                        "width": 100
                    },
                    {
                        "field_type": "gap",
                        "delta_width": 20,
                        "width": 40
                    }
                ]
            },
            {
                "delta_height": 10,
                "line_type": "gap",
                "height": 30
            },
            {
                "line_type": "text",
                "height": 22,
                "delta_height": 6,
                "fields": [
                    {
                        "field_type": "gap",
                        "delta_width": 120,
                        "width": 630
                    },
                    {
                        "field_type": "text",
                        "cost": 1.0,
                        "field_name": "note0",
                        "is_optional": false,
                        "delta_width": 300,
                        "width": 350
                    },
                    {
                        "field_type": "gap",
                        "delta_width": 210,
                        "width": 230
                    }
                ]
            },
            {
                "delta_height": 10,
                "line_type": "gap",
                "height": 30
            },
            {
                "line_type": "text",
                "height": 22,
                "delta_height": 6,
                "fields": [
                    {
                        "field_type": "gap",
                        "delta_width": 390,
                        "width": 440
                    },
                    {
                        "field_type": "text",
                        "cost": 1.0,
                        "field_name": "note1",
                        "is_optional": false,
                        "delta_width": 790,
                        "width": 800
                    },
                    {
                        "field_type": "gap",
                        "delta_width": 415,
                        "width": 440
                    }
                ]
            },
            {
                "delta_height": 20,
                "line_type": "gap",
                "height": 115
            },
            {
                "line_type": "text",
                "height": 22,
                "delta_height": 6,
                "fields": [
                    {
                        "field_type": "gap",
                        "delta_width": 15,
                        "width": 485
                    },
                    {
                        "field_type": "text",
                        "cost": 1.0,
                        "field_name": "issue_day",
                        "is_optional": false,
                        "delta_width": 25,
                        "width": 40
                    },
                    {
                        "field_type": "gap",
                        "delta_width": 30,
                        "width": 150
                    },
                    {
                        "field_type": "text",
                        "cost": 1.0,
                        "field_name": "issue_month",
                        "is_optional": false,
                        "delta_width": 30,
                        "width": 120
                    },
                    {
                        "field_type": "gap",
                        "delta_width": 15,
                        "width": 60
                    },
                    {
                        "field_type": "text",
                        "cost": 1.0,
                        "field_name": "issue_year",
                        "is_optional": false,
                        "delta_width": 8,
                        "width": 75
                    },
                    {
                        "field_type": "gap",
                        "delta_width": 15,
                        "width": 75
                    }
                ]
            },
            {
                "delta_height": 10,
                "line_type": "gap",
                "height": 55
            },
            {
                "line_type": "text",
                "height": 28,
                "delta_height": 6,
                "fields": [
                    {
                        "field_type": "gap",
                        "delta_width": 15,
                        "width": 390
                    },
                    {
                        "field_type": "text",
                        "cost": 1.0,
                        "field_name": "number_back",
                        "is_optional": false,
                        "delta_width": 20,
                        "width": 260
                    },
                    {
                        "field_type": "gap",
                        "delta_width": 20,
                        "width": 280
                    }
                ]
            },
            {
                "delta_height": 30,
                "line_type": "gap",
                "height": 30
            }
        ]
    }
}