{
    "type": "dynamic",
    "settings": {
        "preprocessing": {
            "processing_steps": [
                {
                    "type": "blink_removing",
                    "settings": {
                        "blink_removing_percent": 0.1
                    }
                },
                {
                    "type": "background_closing",
                    "settings": {
                        "background_closing_wy": 4,
                        "background_closing_wx": 4
                    }
                },
                {
                    "type": "morphology_open",
                    "settings": {
                        "morphology_open_wy": 0,
                        "morphology_open_wx": 15
                    }
                },
                {
                    "type": "morphology_close",
                    "settings": {
                        "morphology_close_wy": 3,
                        "morphology_close_wx": 0
                    }
                },
                {
                    "type": "autocontrast",
                    "settings": {
                        "autocontrast_satur_white": 0.05,
                        "autocontrast_satur_black": 0.01
                    }
                }
            ],
            "settings": {}
        },
        "settings": {
            "grid_step_y": 1,
            "grid_step_x": 1,
            "gap_right": 12,
            "gap_left": 8,
            "gap_bot": 8,
            "gap_top": 7,
            "score_type": "otsu",
            "rejection_threshold": 0.15,
            "default_gap_dp_cost": 0.0,
            "default_gap_otsu_cost": 0.7,
            "local_otsu_window_wing": -1
        },
        "layout": [
            {
                "delta_height": 10,
                "line_type": "gap",
                "height": 25
            },
            {
                "line_type": "text",
                "height": 22,
                "delta_height": 6,
                "fields": [
                    {
                        "field_type": "gap",
                        "delta_width": 580,
                        "width": 800
                    },
                    {
                        "field_type": "text",
                        "cost": 1.0,
                        "field_name": "surname_raw",
                        "is_optional": false,
                        "delta_width": 580,
                        "width": 660
                    },
                    {
                        "field_type": "gap",
                        "delta_width": 20,
                        "width": 40
                    }
                ]
            },
            {
                "delta_height": 10,
                "line_type": "gap",
                "height": 20
            },
            {
                "line_type": "text",
                "height": 22,
                "delta_height": 6,
                "fields": [
                    {
                        "field_type": "gap",
                        "delta_width": 620,
                        "width": 700
                    },
                    {
                        "field_type": "text",
                        "cost": 1.0,
                        "field_name": "name_and_patronymic_raw",
                        "is_optional": false,
                        "delta_width": 620,
                        "width": 800
                    },
                    {
                        "field_type": "gap",
                        "delta_width": 20,
                        "width": 40
                    }
                ]
            },
            {
                "delta_height": 10,
                "line_type": "gap",
                "height": 20
            },
            {
                "line_type": "text",
                "height": 22,
                "delta_height": 6,
                "fields": [
                    {
                        "field_type": "gap",
                        "delta_width": 30,
                        "width": 750
                    },
                    {
                        "field_type": "text",
                        "cost": 1.0,
                        "field_name": "reg_number",
                        "is_optional": false,
                        "delta_width": 20,
                        "width": 150
                    },
                    {
                        "field_type": "gap",
                        "delta_width": 20,
                        "width": 40
                    }
                ]
            },
            {
                "delta_height": 10,
                "line_type": "gap",
                "height": 20
            },
            {
                "line_type": "text",
                "height": 22,
                "delta_height": 6,
                "fields": [
                    {
                        "field_type": "gap",
                        "delta_width": 150,
                        "width": 800
                    },
                    {
                        "field_type": "text",
                        "cost": 1.0,
                        "field_name": "model",
                        "is_optional": false,
                        "delta_width": 150,
                        "width": 230
                    },
                    {
                        "field_type": "gap",
                        "delta_width": 20,
                        "width": 40
                    }
                ]
            },
            {
                "delta_height": 10,
                "line_type": "gap",
                "height": 20
            },
            {
                "line_type": "text",
                "height": 22,
                "delta_height": 6,
                "fields": [
                    {
                        "field_type": "gap",
                        "delta_width": 30,
                        "width": 820
                    },
                    {
                        "field_type": "text",
                        "cost": 1.0,
                        "field_name": "year",
                        "is_optional": false,
                        "delta_width": 30,
                        "width": 80
                    },
                    {
                        "field_type": "gap",
                        "delta_width": 20,
                        "width": 40
                    }
                ]
            },
            {
                "delta_height": 10,
                "line_type": "gap",
                "height": 20
            },
            {
                "line_type": "text",
                "height": 22,
                "delta_height": 6,
                "fields": [
                    {
                        "field_type": "gap",
                        "delta_width": 30,
                        "width": 860
                    },
                    {
                        "field_type": "text",
                        "cost": 1.0,
                        "field_name": "category",
                        "is_optional": false,
                        "delta_width": 45,
                        "width": 60
                    },
                    {
                        "field_type": "gap",
                        "delta_width": 20,
                        "width": 40
                    }
                ]
            },
            {
                "delta_height": 10,
                "line_type": "gap",
                "height": 20
            },
            {
                "line_type": "text",
                "height": 22,
                "delta_height": 6,
                "fields": [
                    {
                        "field_type": "gap",
                        "delta_width": 120,
                        "width": 730
                    },
                    {
                        "field_type": "text",
                        "cost": 0.6,
                        "field_name": "chassis",
                        "is_optional": true,
                        "delta_width": 120,
                        "width": 260
                    },
                    {
                        "field_type": "gap",
                        "delta_width": 20,
                        "width": 40
                    }
                ]
            },
            {
                "delta_height": 10,
                "line_type": "gap",
                "height": 20
            },
            {
                "line_type": "text",
                "height": 22,
                "delta_height": 6,
                "fields": [
                    {
                        "field_type": "gap",
                        "delta_width": 220,
                        "width": 700
                    },
                    {
                        "field_type": "text",
                        "cost": 1,
                        "field_name": "body",
                        "is_optional": false,
                        "delta_width": 220,
                        "width": 400
                    },
                    {
                        "field_type": "gap",
                        "delta_width": 20,
                        "width": 40
                    }
                ]
            },
            {
                "delta_height": 10,
                "line_type": "gap",
                "height": 20
            },
            {
                "line_type": "text",
                "height": 22,
                "delta_height": 6,
                "fields": [
                    {
                        "field_type": "gap",
                        "delta_width": 350,
                        "width": 780
                    },
                    {
                        "field_type": "text",
                        "cost": 1,
                        "field_name": "color",
                        "is_optional": false,
                        "delta_width": 350,
                        "width": 460
                    },
                    {
                        "field_type": "gap",
                        "delta_width": 20,
                        "width": 40
                    }
                ]
            },
            {
                "delta_height": 10,
                "line_type": "gap",
                "height": 20
            },
            {
                "line_type": "text",
                "height": 22,
                "delta_height": 6,
                "fields": [
                    {
                        "field_type": "gap",
                        "delta_width": 50,
                        "width": 830
                    },
                    {
                        "field_type": "text",
                        "cost": 1,
                        "field_name": "volume",
                        "is_optional": false,
                        "delta_width": 50,
                        "width": 85
                    },
                    {
                        "field_type": "gap",
                        "delta_width": 20,
                        "width": 40
                    }
                ]
            },
            {
                "delta_height": 10,
                "line_type": "gap",
                "height": 20
            },
            {
                "line_type": "text",
                "height": 22,
                "delta_height": 6,
                "fields": [
                    {
                        "field_type": "gap",
                        "delta_width": 50,
                        "width": 830
                    },
                    {
                        "field_type": "text",
                        "cost": 1,
                        "field_name": "max_weight",
                        "is_optional": false,
                        "delta_width": 50,
                        "width": 85
                    },
                    {
                        "field_type": "gap",
                        "delta_width": 20,
                        "width": 40
                    }
                ]
            },
            {
                "delta_height": 10,
                "line_type": "gap",
                "height": 20
            },
            {
                "line_type": "text",
                "height": 22,
                "delta_height": 6,
                "fields": [
                    {
                        "field_type": "gap",
                        "delta_width": 50,
                        "width": 830
                    },
                    {
                        "field_type": "text",
                        "cost": 1,
                        "field_name": "weight",
                        "is_optional": false,
                        "delta_width": 50,
                        "width": 85
                    },
                    {
                        "field_type": "gap",
                        "delta_width": 20,
                        "width": 40
                    }
                ]
            },
            {
                "delta_height": 10,
                "line_type": "gap",
                "height": 25
            },
            {
                "line_type": "text",
                "height": 28,
                "delta_height": 5,
                "fields": [
                    {
                        "field_type": "gap",
                        "delta_width": 30,
                        "width": 370
                    },
                    {
                        "field_type": "text",
                        "cost": 1,
                        "field_name": "number",
                        "is_optional": false,
                        "delta_width": 30,
                        "width": 250
                    },
                    {
                        "field_type": "gap",
                        "delta_width": 20,
                        "width": 310
                    }
                ]
            },
            {
                "delta_height": 40,
                "line_type": "gap",
                "height": 40
            }
        ]
    }
}