{
    "type": "dynamic",
    "settings": {
        "preprocessing": {
            "processing_steps": [
                {
                    "type": "blink_removing",
                    "settings": {
                        "blink_removing_percent": 0.1
                    }
                },
                {
                    "type": "background_closing",
                    "settings": {
                        "background_closing_wy": 4,
                        "background_closing_wx": 4
                    }
                },
                {
                    "type": "morphology_open",
                    "settings": {
                        "morphology_open_wy": 0,
                        "morphology_open_wx": 15
                    }
                },
                {
                    "type": "morphology_close",
                    "settings": {
                        "morphology_close_wy": 3,
                        "morphology_close_wx": 0
                    }
                },
                {
                    "type": "autocontrast",
                    "settings": {
                        "autocontrast_satur_white": 0.05,
                        "autocontrast_satur_black": 0.01
                    }
                },
                {
                    "type": "angle_detection",
                    "settings": {
                        "width_downscale": 0.5,
                        "height_downscale": 1.0
                    }
                }
            ],
            "settings": {}
        },
        "settings": {
            "grid_step_y": 1,
            "grid_step_x": 1,
            "gap_right": 15,
            "gap_left": 8,
            "gap_bot": 8,
            "gap_top": 7,
            "score_type": "otsu",
            "rejection_threshold": 0.15,
            "default_gap_dp_cost": 0.0,
            "default_gap_otsu_cost": 0.7,
            "local_otsu_window_wing": -1
        },
        "layout": [
            {
                "delta_height": 30,
                "line_type": "gap",
                "height": 50
            },
            {
                "line_type": "text",
                "height": 15,
                "delta_height": 5,
                "fields": [
                    {
                        "field_type": "gap",
                        "delta_width": 45,
                        "width": 45
                    },
                    {
                        "field_type": "text",
                        "cost": 1.0,
                        "field_name": "type",
                        "is_optional": false,
                        "delta_width": 15,
                        "width": 30
                    },
                    {
                        "field_type": "gap",
                        "delta_width": 460,
                        "width": 460
                    }
                ]
            },
            {
                "delta_height": 15,
                "line_type": "gap",
                "height": 45
            },
            {
                "line_type": "text",
                "height": 17,
                "delta_height": 6,
                "fields": [
                    {
                        "field_type": "gap",
                        "delta_width": 10,
                        "width": 25
                    },
                    {
                        "field_type": "text",
                        "cost": 1.0,
                        "field_name": "last_name",
                        "is_optional": false,
                        "delta_width": 500,
                        "width": 500
                    },
                    {
                        "field_type": "gap",
                        "delta_width": 500,
                        "width": 500
                    }
                ]
            },
            {
                "delta_height": 10,
                "line_type": "gap",
                "height": 10
            },
            {
                "line_type": "text",
                "height": 17,
                "delta_height": 6,
                "fields": [
                    {
                        "field_type": "gap",
                        "delta_width": 10,
                        "width": 25
                    },
                    {
                        "field_type": "text",
                        "cost": 1.0,
                        "field_name": "last_name_eng",
                        "is_optional": false,
                        "delta_width": 500,
                        "width": 500
                    },
                    {
                        "field_type": "gap",
                        "delta_width": 500,
                        "width": 500
                    }
                ]
            },
            {
                "delta_height": 10,
                "line_type": "gap",
                "height": 30
            },
            {
                "line_type": "text",
                "height": 17,
                "delta_height": 6,
                "fields": [
                    {
                        "field_type": "gap",
                        "delta_width": 10,
                        "width": 25
                    },
                    {
                        "field_type": "text",
                        "cost": 1.0,
                        "field_name": "name",
                        "is_optional": false,
                        "delta_width": 500,
                        "width": 500
                    },
                    {
                        "field_type": "gap",
                        "delta_width": 500,
                        "width": 500
                    }
                ]
            },
            {
                "delta_height": 10,
                "line_type": "gap",
                "height": 10
            },
            {
                "line_type": "text",
                "height": 17,
                "delta_height": 6,
                "fields": [
                    {
                        "field_type": "gap",
                        "delta_width": 10,
                        "width": 25
                    },
                    {
                        "field_type": "text",
                        "cost": 1.0,
                        "field_name": "name_eng",
                        "is_optional": false,
                        "delta_width": 500,
                        "width": 500
                    },
                    {
                        "field_type": "gap",
                        "delta_width": 500,
                        "width": 500
                    }
                ]
            },
            {
                "delta_height": 10,
                "line_type": "gap",
                "height": 30
            },
            {
                "line_type": "text",
                "height": 17,
                "delta_height": 6,
                "fields": [
                    {
                        "field_type": "gap",
                        "delta_width": 10,
                        "width": 25
                    },
                    {
                        "field_type": "text",
                        "cost": 1.0,
                        "field_name": "nationality",
                        "is_optional": false,
                        "delta_width": 100,
                        "width": 140
                    },
                    {
                        "field_type": "gap",
                        "delta_width": 130,
                        "width": 200
                    },
                    {
                        "field_type": "text",
                        "cost": 1.0,
                        "field_name": "gender",
                        "is_optional": false,
                        "delta_width": 25,
                        "width": 30
                    },
                    {
                        "field_type": "gap",
                        "delta_width": 30,
                        "width": 100
                    },
                    {
                        "field_type": "text",
                        "cost": 1.0,
                        "field_name": "id_number",
                        "is_optional": false,
                        "delta_width": 60,
                        "width": 150
                    },
                    {
                        "field_type": "gap",
                        "delta_width": 80,
                        "width": 90
                    }
                ]
            },
            {
                "delta_height": 20,
                "line_type": "gap",
                "height": 40
            },
            {
                "line_type": "text",
                "height": 17,
                "delta_height": 6,
                "fields": [
                    {
                        "field_type": "gap",
                        "delta_width": 10,
                        "width": 25
                    },
                    {
                        "field_type": "text",
                        "cost": 1.0,
                        "field_name": "birth_date",
                        "is_optional": false,
                        "delta_width": 30,
                        "width": 90
                    },
                    {
                        "field_type": "gap",
                        "delta_width": 30,
                        "width": 180
                    },
                    {
                        "field_type": "text",
                        "cost": 1.0,
                        "field_name": "birth_place",
                        "is_optional": false,
                        "delta_width": 100,
                        "width": 170
                    },
                    {
                        "field_type": "gap",
                        "delta_width": 150,
                        "width": 200
                    }
                ]
            },
            {
                "delta_height": 20,
                "line_type": "gap",
                "height": 40
            },
            {
                "line_type": "text",
                "height": 17,
                "delta_height": 6,
                "fields": [
                    {
                        "field_type": "gap",
                        "delta_width": 10,
                        "width": 25
                    },
                    {
                        "field_type": "text",
                        "cost": 1.0,
                        "field_name": "issue_date",
                        "is_optional": false,
                        "delta_width": 30,
                        "width": 90
                    },
                    {
                        "field_type": "gap",
                        "delta_width": 30,
                        "width": 430
                    }
                ]
            },
            {
                "delta_height": 20,
                "line_type": "gap",
                "height": 40
            },
            {
                "line_type": "text",
                "height": 17,
                "delta_height": 6,
                "fields": [
                    {
                        "field_type": "gap",
                        "delta_width": 10,
                        "width": 25
                    },
                    {
                        "field_type": "text",
                        "cost": 1.0,
                        "field_name": "expiry_date",
                        "is_optional": false,
                        "delta_width": 30,
                        "width": 90
                    },
                    {
                        "field_type": "gap",
                        "delta_width": 30,
                        "width": 430
                    }
                ]
            },
            {
                "delta_height": 20,
                "line_type": "gap",
                "height": 40
            },
            {
                "line_type": "text",
                "height": 17,
                "delta_height": 6,
                "fields": [
                    {
                        "field_type": "gap",
                        "delta_width": 10,
                        "width": 25
                    },
                    {
                        "field_type": "text",
                        "cost": 1.0,
                        "field_name": "authority",
                        "is_optional": false,
                        "delta_width": 200,
                        "width": 270
                    },
                    {
                        "field_type": "gap",
                        "delta_width": 300,
                        "width": 400
                    }
                ]
            },
            {
                "delta_height": 30,
                "line_type": "gap",
                "height": 40
            }
        ]
    }
}