{
    "type": "dynamic",
    "settings": {
        "preprocessing": {
            "processing_steps": [
                {
                    "type": "blink_removing",
                    "settings": {
                        "blink_removing_percent": 0.1
                    }
                },
                {
                    "type": "background_closing",
                    "settings": {
                        "background_closing_wy": 4,
                        "background_closing_wx": 4
                    }
                },
                {
                    "type": "morphology_open",
                    "settings": {
                        "morphology_open_wy": 0,
                        "morphology_open_wx": 13
                    }
                },
                {
                    "type": "autocontrast",
                    "settings": {
                        "autocontrast_satur_white": 0.05,
                        "autocontrast_satur_black": 0.17
                    }
                },
                {
                    "type": "saturation"
                },
                {
                    "type": "angle_detection",
                    "settings": {
                        "width_downscale": 0.5,
                        "height_downscale": 1.0
                    }
                }
            ],
            "settings": {}
        },
        "settings": {
            "grid_step_y": 1,
            "grid_step_x": 1,
            "gap_right": 15,
            "gap_left": 15,
            "gap_bot": 7,
            "gap_top": 7,
            "score_type": "otsu",
            "rejection_threshold": 0.15,
            "default_gap_dp_cost": 0.0,
            "default_gap_otsu_cost": 0.7,
            "local_otsu_window_wing": -1
        },
        "layout": [
            {
                "delta_height": 20,
                "line_type": "gap",
                "height": 30
            },
            {
                "line_type": "text",
                "height": 40,
                "delta_height": 10,
                "fields": [
                    {
                        "field_type": "gap",
                        "delta_width": 25,
                        "width": 300
                    },
                    {
                        "field_type": "text",
                        "cost": 1.0,
                        "field_name": "number",
                        "is_optional": false,
                        "delta_width": 25,
                        "width": 240
                    },
                    {
                        "field_type": "gap",
                        "delta_width": 25,
                        "width": 280
                    }
                ]
            },
            {
                "delta_height": 20,
                "line_type": "gap",
                "height": 120
            },
            {
                "line_type": "text",
                "height": 22,
                "delta_height": 6,
                "fields": [
                    {
                        "field_type": "gap",
                        "delta_width": 10,
                        "width": 40
                    },
                    {
                        "field_type": "text",
                        "cost": 0.6,
                        "field_name": "remarks0",
                        "is_optional": true,
                        "delta_width": 25,
                        "width": 175
                    },
                    {
                        "field_type": "gap",
                        "delta_width": 40,
                        "width": 590
                    }
                ]
            },
            {
                "delta_height": 35,
                "line_type": "gap",
                "height": 120
            },
            {
                "line_type": "text",
                "height": 22,
                "delta_height": 6,
                "fields": [
                    {
                        "field_type": "gap",
                        "delta_width": 35,
                        "width": 450
                    },
                    {
                        "field_type": "text",
                        "cost": 1.0,
                        "field_name": "last_name",
                        "is_optional": false,
                        "delta_width": 280,
                        "width": 380
                    },
                    {
                        "field_type": "gap",
                        "delta_width": 280,
                        "width": 280
                    }
                ]
            },
            {
                "delta_height": 500,
                "line_type": "gap",
                "height": 500
            }
        ]
    }
}