{
    "type": "dynamic",
    "settings": {
        "preprocessing": {
            "processing_steps": [
                {
                    "type": "blink_removing",
                    "settings": {
                        "blink_removing_percent": 0.1
                    }
                },
                {
                    "type": "background_closing",
                    "settings": {
                        "background_closing_wy": 3,
                        "background_closing_wx": 3
                    }
                },
                {
                    "type": "morphology_open",
                    "settings": {
                        "morphology_open_wy": 0,
                        "morphology_open_wx": 15
                    }
                },
                {
                    "type": "morphology_close",
                    "settings": {
                        "morphology_close_wy": 5,
                        "morphology_close_wx": 0
                    }
                },
                {
                    "type": "autocontrast",
                    "settings": {
                        "autocontrast_satur_white": 0.05,
                        "autocontrast_satur_black": 0.05
                    }
                },
                {
                    "type": "saturation"
                },
                {
                    "type": "angle_detection",
                    "settings": {
                        "width_downscale": 0.5,
                        "height_downscale": 1.0
                    }
                }
            ],
            "settings": {}
        },
        "settings": {
            "grid_step_y": 1,
            "grid_step_x": 1,
            "gap_right": 15,
            "gap_left": 7,
            "gap_bot": 7,
            "gap_top": 7,
            "score_type": "otsu",
            "rejection_threshold": 0.15,
            "default_gap_dp_cost": 0.0,
            "default_gap_otsu_cost": 0.7,
            "local_otsu_window_wing": -1
        },
        "layout": [
            {
                "delta_height": 30,
                "line_type": "gap",
                "height": 30
            },
            {
                "line_type": "text",
                "height": 28,
                "delta_height": 10,
                "fields": [
                    {
                        "field_type": "gap",
                        "delta_width": 30,
                        "width": 40
                    },
                    {
                        "field_type": "text",
                        "cost": 1.0,
                        "field_name": "number",
                        "is_optional": false,
                        "delta_width": 20,
                        "width": 230,
                        "gap_right": 7
                    },
                    {
                        "field_type": "gap",
                        "delta_width": 30,
                        "width": 330
                    }
                ]
            },
            {
                "delta_height": 15,
                "line_type": "gap",
                "height": 35
            },
            {
                "line_type": "text",
                "height": 28,
                "delta_height": 7,
                "fields": [
                    {
                        "field_type": "gap",
                        "delta_width": 30,
                        "width": 320
                    },
                    {
                        "field_type": "text",
                        "cost": 1.0,
                        "field_name": "residence",
                        "is_optional": false,
                        "delta_width": 200,
                        "width": 230,
                        "gap_left": 15
                    },
                    {
                        "field_type": "gap",
                        "delta_width": 200,
                        "width": 230
                    }
                ]
            },
            {
                "delta_height": 15,
                "line_type": "gap",
                "height": 30
            },
            {
                "line_type": "text",
                "height": 28,
                "delta_height": 7,
                "fields": [
                    {
                        "field_type": "gap",
                        "delta_width": 30,
                        "width": 320
                    },
                    {
                        "field_type": "text",
                        "cost": 1.0,
                        "field_name": "residence_eng",
                        "is_optional": false,
                        "delta_width": 200,
                        "width": 230,
                        "gap_left": 15
                    },
                    {
                        "field_type": "gap",
                        "delta_width": 200,
                        "width": 230
                    }
                ]
            },
            {
                "delta_height": 15,
                "line_type": "gap",
                "height": 30
            },
            {
                "line_type": "text",
                "height": 28,
                "delta_height": 7,
                "fields": [
                    {
                        "field_type": "gap",
                        "delta_width": 30,
                        "width": 320
                    },
                    {
                        "field_type": "text",
                        "cost": 1.0,
                        "field_name": "issue_date",
                        "is_optional": false,
                        "delta_width": 30,
                        "width": 140,
                        "gap_left": 15
                    },
                    {
                        "field_type": "gap",
                        "delta_width": 30,
                        "width": 160
                    }
                ]
            },
            {
                "delta_height": 15,
                "line_type": "gap",
                "height": 30
            },
            {
                "line_type": "text",
                "height": 28,
                "delta_height": 7,
                "fields": [
                    {
                        "field_type": "gap",
                        "delta_width": 30,
                        "width": 320
                    },
                    {
                        "field_type": "text",
                        "cost": 1.0,
                        "field_name": "expiry_date",
                        "is_optional": false,
                        "delta_width": 30,
                        "width": 140,
                        "gap_left": 15
                    },
                    {
                        "field_type": "gap",
                        "delta_width": 30,
                        "width": 160
                    }
                ]
            },
            {
                "delta_height": 30,
                "line_type": "gap",
                "height": 120
            },
            {
                "line_type": "text",
                "height": 28,
                "delta_height": 10,
                "fields": [
                    {
                        "field_type": "gap",
                        "delta_width": 10,
                        "width": 50
                    },
                    {
                        "field_type": "text",
                        "cost": 1.0,
                        "field_name": "last_name",
                        "is_optional": false,
                        "delta_width": 540,
                        "width": 540
                    },
                    {
                        "field_type": "gap",
                        "delta_width": 540,
                        "width": 540
                    }
                ]
            },
            {
                "delta_height": 15,
                "line_type": "gap",
                "height": 30
            },
            {
                "line_type": "text",
                "height": 28,
                "delta_height": 10,
                "fields": [
                    {
                        "field_type": "gap",
                        "delta_width": 10,
                        "width": 50
                    },
                    {
                        "field_type": "text",
                        "cost": 1.0,
                        "field_name": "name_and_patronymic",
                        "is_optional": false,
                        "delta_width": 540,
                        "width": 540
                    },
                    {
                        "field_type": "gap",
                        "delta_width": 540,
                        "width": 540
                    }
                ]
            },
            {
                "delta_height": 15,
                "line_type": "gap",
                "height": 30
            },
            {
                "line_type": "text",
                "height": 28,
                "delta_height": 10,
                "fields": [
                    {
                        "field_type": "gap",
                        "delta_width": 10,
                        "width": 50
                    },
                    {
                        "field_type": "text",
                        "cost": 1.0,
                        "field_name": "birth_date_and_place",
                        "is_optional": false,
                        "delta_width": 400,
                        "width": 420
                    },
                    {
                        "field_type": "gap",
                        "delta_width": 370,
                        "width": 440
                    }
                ]
            },
            {
                "delta_height": 50,
                "line_type": "gap",
                "height": 50
            }
        ]
    }
}