{
    "type": "dynamic",
    "settings": {
        "preprocessing": {
            "processing_steps": [
                {
                    "type": "blink_removing",
                    "settings": {
                        "blink_removing_percent": 0.1
                    }
                },
                {
                    "type": "background_closing",
                    "settings": {
                        "background_closing_wy": 4,
                        "background_closing_wx": 4
                    }
                },
                {
                    "type": "morphology_open",
                    "settings": {
                        "morphology_open_wy": 0,
                        "morphology_open_wx": 17
                    }
                },
                {
                    "type": "autocontrast",
                    "settings": {
                        "autocontrast_satur_white": 0.05,
                        "autocontrast_satur_black": 0.01
                    }
                },
                {
                    "type": "saturation"
                },
                {
                    "type": "angle_detection",
                    "settings": {
                        "width_downscale": 0.5,
                        "height_downscale": 1.0
                    }
                }
            ],
            "settings": {}
        },
        "settings": {
            "grid_step_y": 1,
            "grid_step_x": 1,
            "gap_right": 15,
            "gap_left": 15,
            "gap_bot": 7,
            "gap_top": 7,
            "score_type": "otsu",
            "rejection_threshold": 0.15,
            "default_gap_dp_cost": 0.0,
            "default_gap_otsu_cost": 0.7,
            "local_otsu_window_wing": -1
        },
        "layout": [
            {
                "delta_height": 20,
                "line_type": "gap",
                "height": 25
            },
            {
                "line_type": "text",
                "height": 22,
                "delta_height": 6,
                "fields": [
                    {
                        "field_type": "gap",
                        "delta_width": 10,
                        "width": 25
                    },
                    {
                        "field_type": "text",
                        "cost": 1.0,
                        "field_name": "issue_place",
                        "is_optional": false,
                        "delta_width": 80,
                        "width": 100
                    },
                    {
                        "field_type": "gap",
                        "delta_width": 80,
                        "width": 275
                    },
                    {
                        "field_type": "text",
                        "cost": 1.0,
                        "field_name": "entry_date",
                        "is_optional": false,
                        "delta_width": 20,
                        "width": 150
                    },
                    {
                        "field_type": "gap",
                        "delta_width": 30,
                        "width": 560
                    }
                ]
            },
            {
                "delta_height": 35,
                "line_type": "gap",
                "height": 50
            },
            {
                "line_type": "text",
                "height": 22,
                "delta_height": 6,
                "fields": [
                    {
                        "field_type": "gap",
                        "delta_width": 10,
                        "width": 25
                    },
                    {
                        "field_type": "text",
                        "cost": 1.0,
                        "field_name": "entries_number",
                        "is_optional": false,
                        "delta_width": 25,
                        "width": 30
                    },
                    {
                        "field_type": "gap",
                        "delta_width": 30,
                        "width": 280
                    },
                    {
                        "field_type": "text",
                        "cost": 1.0,
                        "field_name": "until_date",
                        "is_optional": false,
                        "delta_width": 20,
                        "width": 150
                    },
                    {
                        "field_type": "gap",
                        "delta_width": 30,
                        "width": 560
                    }
                ]
            },
            {
                "delta_height": 35,
                "line_type": "gap",
                "height": 50
            },
            {
                "line_type": "text",
                "height": 22,
                "delta_height": 6,
                "fields": [
                    {
                        "field_type": "gap",
                        "delta_width": 10,
                        "width": 25
                    },
                    {
                        "field_type": "text",
                        "cost": 1.0,
                        "field_name": "type",
                        "is_optional": false,
                        "delta_width": 95,
                        "width": 120
                    },
                    {
                        "field_type": "gap",
                        "delta_width": 100,
                        "width": 290
                    },
                    {
                        "field_type": "text",
                        "cost": 1.0,
                        "field_name": "invitation",
                        "is_optional": false,
                        "delta_width": 200,
                        "width": 400
                    },
                    {
                        "field_type": "gap",
                        "delta_width": 150,
                        "width": 500
                    }
                ]
            },
            {
                "delta_height": 35,
                "line_type": "gap",
                "height": 50
            },
            {
                "line_type": "text",
                "height": 22,
                "delta_height": 6,
                "fields": [
                    {
                        "field_type": "gap",
                        "delta_width": 10,
                        "width": 25
                    },
                    {
                        "field_type": "text",
                        "cost": 1.0,
                        "field_name": "issue_date",
                        "is_optional": false,
                        "delta_width": 30,
                        "width": 150
                    },
                    {
                        "field_type": "gap",
                        "delta_width": 30,
                        "width": 850
                    }
                ]
            },
            {
                "delta_height": 35,
                "line_type": "gap",
                "height": 50
            },
            {
                "line_type": "text",
                "height": 22,
                "delta_height": 6,
                "fields": [
                    {
                        "field_type": "gap",
                        "delta_width": 10,
                        "width": 25
                    },
                    {
                        "field_type": "text",
                        "cost": 1.0,
                        "field_name": "name",
                        "is_optional": false,
                        "delta_width": 460,
                        "width": 500
                    },
                    {
                        "field_type": "gap",
                        "delta_width": 460,
                        "width": 900
                    }
                ]
            },
            {
                "delta_height": 35,
                "line_type": "gap",
                "height": 50
            },
            {
                "line_type": "text",
                "height": 22,
                "delta_height": 6,
                "fields": [
                    {
                        "field_type": "gap",
                        "delta_width": 10,
                        "width": 25
                    },
                    {
                        "field_type": "text",
                        "cost": 1.0,
                        "field_name": "passport_number",
                        "is_optional": false,
                        "delta_width": 30,
                        "width": 150
                    },
                    {
                        "field_type": "gap",
                        "delta_width": 30,
                        "width": 170
                    },
                    {
                        "field_type": "text",
                        "cost": 1.0,
                        "field_name": "fee",
                        "is_optional": false,
                        "delta_width": 20,
                        "width": 120
                    },
                    {
                        "field_type": "gap",
                        "delta_width": 30,
                        "width": 580
                    }
                ]
            },
            {
                "delta_height": 30,
                "line_type": "gap",
                "height": 40
            }
        ]
    }
}