{
    "type": "dynamic",
    "settings": {
        "preprocessing": {
            "processing_steps": [
                {
                    "type": "blink_removing",
                    "settings": {
                        "blink_removing_percent": 0.1
                    }
                },
                {
                    "type": "background_closing",
                    "settings": {
                        "background_closing_wy": 8,
                        "background_closing_wx": 8
                    }
                },
                {
                    "type": "morphology_open",
                    "settings": {
                        "morphology_open_wy": 0,
                        "morphology_open_wx": 12
                    }
                },
                {
                    "type": "morphology_close",
                    "settings": {
                        "morphology_close_wy": 5,
                        "morphology_close_wx": 0
                    }
                },
                {
                    "type": "autocontrast",
                    "settings": {
                        "autocontrast_satur_white": 0.15,
                        "autocontrast_satur_black": 0.25
                    }
                },
                {
                    "type": "saturation"
                },
                {
                    "type": "angle_detection",
                    "settings": {
                        "width_downscale": 0.5,
                        "height_downscale": 1.0
                    }
                }
            ],
            "settings": {}
        },
        "settings": {
            "grid_step_y": 1,
            "grid_step_x": 1,
            "gap_right": 20,
            "gap_left": 7,
            "gap_bot": 10,
            "gap_top": 7,
            "score_type": "otsu",
            "rejection_threshold": 0.15,
            "default_gap_dp_cost": 0.0,
            "default_gap_otsu_cost": 0.7,
            "local_otsu_window_wing": -1
        },
        "layout": [
            {
                "delta_height": 20,
                "line_type": "gap",
                "height": 30
            },
            {
                "line_type": "text",
                "height": 28,
                "delta_height": 7,
                "fields": [
                    {
                        "field_type": "gap",
                        "delta_width": 40,
                        "width": 40
                    },
                    {
                        "field_type": "text",
                        "cost": 1.0,
                        "field_name": "last_name_raw",
                        "is_optional": false,
                        "delta_width": 580,
                        "width": 580
                    },
                    {
                        "field_type": "gap",
                        "delta_width": 580,
                        "width": 580
                    }
                ]
            },
            {
                "delta_height": 15,
                "line_type": "gap",
                "height": 30
            },
            {
                "line_type": "text",
                "height": 28,
                "delta_height": 7,
                "fields": [
                    {
                        "field_type": "gap",
                        "delta_width": 40,
                        "width": 40
                    },
                    {
                        "field_type": "text",
                        "cost": 1.0,
                        "field_name": "name_and_patronymic_raw",
                        "is_optional": false,
                        "delta_width": 580,
                        "width": 580
                    },
                    {
                        "field_type": "gap",
                        "delta_width": 580,
                        "width": 580
                    }
                ]
            },
            {
                "delta_height": 15,
                "line_type": "gap",
                "height": 30
            },
            {
                "line_type": "text",
                "height": 28,
                "delta_height": 7,
                "fields": [
                    {
                        "field_type": "gap",
                        "delta_width": 40,
                        "width": 40
                    },
                    {
                        "field_type": "text",
                        "cost": 1.0,
                        "field_name": "birth_date_and_place_raw",
                        "is_optional": false,
                        "delta_width": 580,
                        "width": 580
                    },
                    {
                        "field_type": "gap",
                        "delta_width": 580,
                        "width": 580
                    }
                ]
            },
            {
                "delta_height": 15,
                "line_type": "gap",
                "height": 30
            },
            {
                "line_type": "text",
                "height": 25,
                "delta_height": 6,
                "fields": [
                    {
                        "field_type": "gap",
                        "delta_width": 40,
                        "width": 40
                    },
                    {
                        "field_type": "text",
                        "cost": 1.0,
                        "field_name": "issue_date",
                        "is_optional": false,
                        "delta_width": 15,
                        "width": 155
                    },
                    {
                        "field_type": "gap",
                        "delta_width": 10,
                        "width": 30
                    },
                    {
                        "field_type": "text",
                        "cost": 1.0,
                        "field_name": "expiry_date",
                        "is_optional": false,
                        "delta_width": 15,
                        "width": 155
                    },
                    {
                        "field_type": "gap",
                        "delta_width": 20,
                        "width": 250
                    }
                ]
            },
            {
                "delta_height": 20,
                "line_type": "gap",
                "height": 30
            },
            {
                "line_type": "text",
                "height": 25,
                "delta_height": 6,
                "fields": [
                    {
                        "field_type": "gap",
                        "delta_width": 40,
                        "width": 40
                    },
                    {
                        "field_type": "text",
                        "cost": 1.0,
                        "field_name": "authority",
                        "is_optional": false,
                        "delta_width": 580,
                        "width": 580,
                        "gap_bot": 4
                    },
                    {
                        "field_type": "gap",
                        "delta_width": 580,
                        "width": 580
                    }
                ]
            },
            {
                "delta_height": 15,
                "line_type": "gap",
                "height": 15
            },
            {
                "line_type": "text",
                "height": 25,
                "delta_height": 6,
                "fields": [
                    {
                        "field_type": "gap",
                        "delta_width": 10,
                        "width": 55
                    },
                    {
                        "field_type": "text",
                        "cost": 1.0,
                        "field_name": "authority_eng",
                        "is_optional": false,
                        "delta_width": 580,
                        "width": 580
                    },
                    {
                        "field_type": "gap",
                        "delta_width": 580,
                        "width": 580
                    }
                ]
            },
            {
                "delta_height": 15,
                "line_type": "gap",
                "height": 15
            },
            {
                "line_type": "text",
                "height": 25,
                "delta_height": 6,
                "fields": [
                    {
                        "field_type": "gap",
                        "delta_width": 40,
                        "width": 40
                    },
                    {
                        "field_type": "text",
                        "cost": 1.0,
                        "field_name": "inn",
                        "is_optional": false,
                        "delta_width": 30,
                        "width": 285
                    },
                    {
                        "field_type": "gap",
                        "delta_width": 40,
                        "width": 300
                    }
                ]
            },
            {
                "delta_height": 15,
                "line_type": "gap",
                "height": 15
            },
            {
                "line_type": "text",
                "height": 25,
                "delta_height": 6,
                "fields": [
                    {
                        "field_type": "gap",
                        "delta_width": 40,
                        "width": 40
                    },
                    {
                        "field_type": "text",
                        "cost": 1.0,
                        "field_name": "number",
                        "is_optional": false,
                        "delta_width": 30,
                        "width": 215
                    },
                    {
                        "field_type": "gap",
                        "delta_width": 30,
                        "width": 360
                    }
                ]
            },
            {
                "delta_height": 15,
                "line_type": "gap",
                "height": 20
            }
        ]
    }
}