{
    "type": "dynamic",
    "settings": {
        "preprocessing": {
            "processing_steps": [
                {
                    "type": "blink_removing",
                    "settings": {
                        "blink_removing_percent": 0.1
                    }
                },
                {
                    "type": "background_closing",
                    "settings": {
                        "background_closing_wy": 4,
                        "background_closing_wx": 4
                    }
                },
                {
                    "type": "morphology_open",
                    "settings": {
                        "morphology_open_wy": 0,
                        "morphology_open_wx": 10
                    }
                },
                {
                    "type": "morphology_close",
                    "settings": {
                        "morphology_close_wy": 3,
                        "morphology_close_wx": 0
                    }
                },
                {
                    "type": "autocontrast",
                    "settings": {
                        "autocontrast_satur_white": 0.05,
                        "autocontrast_satur_black": 0.0
                    }
                }
            ],
            "settings": {}
        },
        "settings": {
            "grid_step_y": 1,
            "grid_step_x": 1,
            "gap_right": 23,
            "gap_left": 8,
            "gap_bot": 8,
            "gap_top": 7,
            "score_type": "otsu",
            "rejection_threshold": 0.15,
            "default_gap_dp_cost": 0.0,
            "default_gap_otsu_cost": 0.7,
            "local_otsu_window_wing": -1
        },
        "layout": [
            {
                "delta_height": 20,
                "line_type": "gap",
                "height": 30
            },
            {
                "line_type": "text",
                "height": 21,
                "delta_height": 6,
                "fields": [
                    {
                        "field_type": "gap",
                        "delta_width": 40,
                        "width": 40
                    },
                    {
                        "field_type": "text",
                        "cost": 1.0,
                        "field_name": "type",
                        "is_optional": false,
                        "delta_width": 20,
                        "width": 35
                    },
                    {
                        "field_type": "gap",
                        "delta_width": 20,
                        "width": 270
                    },
                    {
                        "field_type": "text",
                        "cost": 1.0,
                        "field_name": "number",
                        "is_optional": false,
                        "delta_width": 20,
                        "width": 95
                    },
                    {
                        "field_type": "gap",
                        "delta_width": 50,
                        "width": 140
                    }
                ]
            },
            {
                "delta_height": 20,
                "line_type": "gap",
                "height": 30
            },
            {
                "line_type": "text",
                "height": 21,
                "delta_height": 6,
                "fields": [
                    {
                        "field_type": "gap",
                        "delta_width": 40,
                        "width": 40
                    },
                    {
                        "field_type": "text",
                        "cost": 1.0,
                        "field_name": "last_name_eng",
                        "is_optional": false,
                        "delta_width": 470,
                        "width": 490
                    },
                    {
                        "field_type": "gap",
                        "delta_width": 460,
                        "width": 480
                    }
                ]
            },
            {
                "delta_height": 20,
                "line_type": "gap",
                "height": 30
            },
            {
                "line_type": "text",
                "height": 21,
                "delta_height": 6,
                "fields": [
                    {
                        "field_type": "gap",
                        "delta_width": 40,
                        "width": 40
                    },
                    {
                        "field_type": "text",
                        "cost": 1.0,
                        "field_name": "name_eng",
                        "is_optional": false,
                        "delta_width": 470,
                        "width": 490
                    },
                    {
                        "field_type": "gap",
                        "delta_width": 460,
                        "width": 480
                    }
                ]
            },
            {
                "delta_height": 20,
                "line_type": "gap",
                "height": 30
            },
            {
                "line_type": "text",
                "height": 21,
                "delta_height": 6,
                "fields": [
                    {
                        "field_type": "gap",
                        "delta_width": 40,
                        "width": 40
                    },
                    {
                        "field_type": "text",
                        "cost": 1.0,
                        "field_name": "nationality",
                        "is_optional": false,
                        "delta_width": 250,
                        "width": 275
                    },
                    {
                        "field_type": "gap",
                        "delta_width": 250,
                        "width": 270
                    },
                    {
                        "field_type": "text",
                        "cost": 1.0,
                        "field_name": "id_number",
                        "is_optional": false,
                        "delta_width": 20,
                        "width": 140
                    },
                    {
                        "field_type": "gap",
                        "delta_width": 50,
                        "width": 100
                    }
                ]
            },
            {
                "delta_height": 20,
                "line_type": "gap",
                "height": 30
            },
            {
                "line_type": "text",
                "height": 21,
                "delta_height": 6,
                "fields": [
                    {
                        "field_type": "gap",
                        "delta_width": 40,
                        "width": 40
                    },
                    {
                        "field_type": "text",
                        "cost": 1.0,
                        "field_name": "birth_date",
                        "is_optional": false,
                        "delta_width": 20,
                        "width": 100
                    },
                    {
                        "field_type": "gap",
                        "delta_width": 50,
                        "width": 220
                    },
                    {
                        "field_type": "text",
                        "cost": 1.0,
                        "field_name": "gender",
                        "is_optional": false,
                        "delta_width": 40,
                        "width": 80
                    },
                    {
                        "field_type": "gap",
                        "delta_width": 50,
                        "width": 180
                    }
                ]
            },
            {
                "delta_height": 20,
                "line_type": "gap",
                "height": 30
            },
            {
                "line_type": "text",
                "height": 21,
                "delta_height": 6,
                "fields": [
                    {
                        "field_type": "gap",
                        "delta_width": 40,
                        "width": 40
                    },
                    {
                        "field_type": "text",
                        "cost": 1.0,
                        "field_name": "birth_place",
                        "is_optional": false,
                        "delta_width": 480,
                        "width": 500
                    },
                    {
                        "field_type": "gap",
                        "delta_width": 460,
                        "width": 480
                    }
                ]
            },
            {
                "delta_height": 20,
                "line_type": "gap",
                "height": 30
            },
            {
                "line_type": "text",
                "height": 21,
                "delta_height": 6,
                "fields": [
                    {
                        "field_type": "gap",
                        "delta_width": 40,
                        "width": 40
                    },
                    {
                        "field_type": "text",
                        "cost": 1.0,
                        "field_name": "issue_date",
                        "is_optional": false,
                        "delta_width": 20,
                        "width": 100
                    },
                    {
                        "field_type": "gap",
                        "delta_width": 50,
                        "width": 430
                    }
                ]
            },
            {
                "delta_height": 20,
                "line_type": "gap",
                "height": 30
            },
            {
                "line_type": "text",
                "height": 21,
                "delta_height": 6,
                "fields": [
                    {
                        "field_type": "gap",
                        "delta_width": 40,
                        "width": 40
                    },
                    {
                        "field_type": "text",
                        "cost": 1.0,
                        "field_name": "expiry_date",
                        "is_optional": false,
                        "delta_width": 20,
                        "width": 100
                    },
                    {
                        "field_type": "gap",
                        "delta_width": 50,
                        "width": 430
                    }
                ]
            },
            {
                "delta_height": 20,
                "line_type": "gap",
                "height": 30
            },
            {
                "line_type": "text",
                "height": 21,
                "delta_height": 6,
                "fields": [
                    {
                        "field_type": "gap",
                        "delta_width": 40,
                        "width": 40
                    },
                    {
                        "field_type": "text",
                        "cost": 1.0,
                        "field_name": "authority",
                        "is_optional": false,
                        "delta_width": 480,
                        "width": 500
                    },
                    {
                        "field_type": "gap",
                        "delta_width": 460,
                        "width": 480
                    }
                ]
            },
            {
                "delta_height": 50,
                "line_type": "gap",
                "height": 50
            }
        ]
    }
}