{
    "type": "common",
    "settings": {    
        "processing": {
            "use_background_closing": true,
            "background_closing_wx": 4,
            "background_closing_wy": 4,
            "use_morphology_open": true,
            "morphology_open_wx": 10,
            "morphology_open_wy": 0,
            "use_morphology_close": true,
            "morphology_close_wx": 0,
            "morphology_close_wy": 5,
            "use_autocontrast": true,
            "autocontrast_satur_black": 0.05,
            "autocontrast_satur_white": 0.55,
            "use_saturation": true
        },
        "settings": {
            "max_v_size": 30,
            "min_v_size": 13,
            "min_h_size": 60,
            "min_h_gap": 5,
            "step_x": 10,
            "step_y": 5
        },
        "layout": [
            {
                "objects": [
                    {
                        "is_optional": true,
                        "name": "engine"
                    }
                ]
            }
        ]
    }
}