{
    "descriptors": {
        "descriptor_size": 37,
        "descriptors_path": "kaz_id_type3_front_common_0.bst.desc"
    },
    "boosting_params": [
        {
            "weight": 0.027544855499718572112,
            "threshold": 59
        },
        {
            "weight": 0.021520273173836142883,
            "threshold": 47
        },
        {
            "weight": 0.024243410304376843134,
            "threshold": 43
        },
        {
            "weight": 0.026896892947585262362,
            "threshold": 52
        },
        {
            "weight": 0.019749392154830205243,
            "threshold": 57
        },
        {
            "weight": 0.01934571101750767394,
            "threshold": 46
        },
        {
            "weight": 0.02147780151128470677,
            "threshold": 52
        },
        {
            "weight": 0.024269879647789829868,
            "threshold": 46
        },
        {
            "weight": 0.024464881376516877526,
            "threshold": 60
        },
        {
            "weight": 0.021477551723005503664,
            "threshold": 47
        },
        {
            "weight": 0.020244595499213639822,
            "threshold": 51
        },
        {
            "weight": 0.019955513844276649704,
            "threshold": 52
        },
        {
            "weight": 0.017806644700971763218,
            "threshold": 44
        },
        {
            "weight": 0.021059582857147658708,
            "threshold": 47
        },
        {
            "weight": 0.018165787564995140163,
            "threshold": 63
        },
        {
            "weight": 0.017968773140596569493,
            "threshold": 54
        },
        {
            "weight": 0.018678069420102891979,
            "threshold": 45
        },
        {
            "weight": 0.014926231219031131647,
            "threshold": 48
        },
        {
            "weight": 0.016644782250611771246,
            "threshold": 62
        },
        {
            "weight": 0.014741452785518418048,
            "threshold": 83
        },
        {
            "weight": 0.017188823414689073654,
            "threshold": 51
        },
        {
            "weight": 0.017816634016518319295,
            "threshold": 55
        },
        {
            "weight": 0.018370389402936986717,
            "threshold": 52
        },
        {
            "weight": 0.016719460117019534912,
            "threshold": 62
        },
        {
            "weight": 0.015854147006713753543,
            "threshold": 49
        },
        {
            "weight": 0.016622663151497903827,
            "threshold": 49
        },
        {
            "weight": 0.01638105481029785912,
            "threshold": 55
        },
        {
            "weight": 0.019668955320841671058,
            "threshold": 50
        },
        {
            "weight": 0.015054418863342442642,
            "threshold": 53
        },
        {
            "weight": 0.012244329770199761584,
            "threshold": 60
        },
        {
            "weight": 0.014994414785195017692,
            "threshold": 79
        },
        {
            "weight": 0.014473803155235730883,
            "threshold": 63
        },
        {
            "weight": 0.01396644757026986941,
            "threshold": 43
        },
        {
            "weight": 0.01566533022575188408,
            "threshold": 58
        },
        {
            "weight": 0.013676415884934092076,
            "threshold": 54
        },
        {
            "weight": 0.012915402746452373309,
            "threshold": 54
        },
        {
            "weight": 0.014050579792385676711,
            "threshold": 57
        },
        {
            "weight": 0.012188296824799563223,
            "threshold": 46
        },
        {
            "weight": 0.013987737163253631187,
            "threshold": 57
        },
        {
            "weight": 0.010448699899347815498,
            "threshold": 57
        },
        {
            "weight": 0.01208711421954758794,
            "threshold": 79
        },
        {
            "weight": 0.011984320775214427068,
            "threshold": 62
        },
        {
            "weight": 0.014624650137431647115,
            "threshold": 50
        },
        {
            "weight": 0.01246092201708981495,
            "threshold": 52
        },
        {
            "weight": 0.013700906642632603924,
            "threshold": 50
        },
        {
            "weight": 0.011452746004837303928,
            "threshold": 60
        },
        {
            "weight": 0.012012645880686276256,
            "threshold": 63
        },
        {
            "weight": 0.012674953310150944077,
            "threshold": 44
        },
        {
            "weight": 0.011845298679197382996,
            "threshold": 62
        },
        {
            "weight": 0.010972389051997101864,
            "threshold": 56
        },
        {
            "weight": 0.013450904892008985411,
            "threshold": 78
        },
        {
            "weight": 0.012903308200548092508,
            "threshold": 66
        },
        {
            "weight": 0.012226088195579064635,
            "threshold": 80
        },
        {
            "weight": 0.011972453386350787388,
            "threshold": 59
        },
        {
            "weight": 0.010727197599388954216,
            "threshold": 41
        },
        {
            "weight": 0.011741467697459208666,
            "threshold": 54
        },
        {
            "weight": 0.010941542843830543916,
            "threshold": 50
        },
        {
            "weight": 0.014153933312586056484,
            "threshold": 53
        },
        {
            "weight": 0.010748438604241263711,
            "threshold": 50
        },
        {
            "weight": 0.011689453146536139816,
            "threshold": 52
        },
        {
            "weight": 0.009859704599123728444,
            "threshold": 51
        },
        {
            "weight": 0.011218874189159977819,
            "threshold": 64
        },
        {
            "weight": 0.011170698661277865538,
            "threshold": 60
        },
        {
            "weight": 0.0099099013925240553996,
            "threshold": 84
        }
    ]
}
