{
    "(sample)": "kaz.passport.type1.main.common/sample.png",
    "features": {
        "content": {
            "(ffe)": ":/docs/kaz/ffe_config_mobile.json",
            "descriptor_size": 296,
            "descriptor_type": "uint1",
            "rotations": 4,
            "variants": "kaz.passport.type1.main.common/variants.json"
        },
        "type": "common"
    },
    "name": "kaz.passport.type1:main",
    "size_mm": [
        125.0,
        84.4
    ],
    "size_px": [
        800,
        540
    ]
}