{
  "type": "levdict",
  "settings": {
    "dictionary": {
      "type": "inline",
        "data": [
          "ВИТЕБСК",
          "МИНСК",
          "РОССИЯ",
          "БРЕСТ",
          "УКРАИНА",
          "ГРОДНО",
          "ГОМЕЛЬ",
          "МОГИЛЕВ",
          "МИНСКАЯ ОБЛ.",
          "ВИТЕБСКАЯ ОБЛ.",
          "МОГИЛЕВСКАЯ ОБЛ.",
          "ГОМЕЛЬСКАЯ ОБЛ.",
          "БРЕСТСКАЯ ОБЛ.",
          "ГРОДНЕНСКАЯ ОБЛ."
        ]
    },
    "max_input_confidence": 1.0,
    "max_input_dict_weight": 0,
    "min_change_dict_weight": 0,
    "max_levenshtein_penalty": 2.9,
    "insertion_base_penalty": 1.0,
    "insertion_streak_penalty": 2.3,
    "deletion_base_penalty": 1.0,
    "deletion_streak_penalty": 1.0,
    "substitution_weight": 0.9,
    "max_states_count": 200
  }
}