{
  "type": "multisequence",
  "settings": {
    "postprocessors": [
      ":/postprocessor/punctuation_filter.json",
      {
        "type": "alphabet",
        "settings": {
          "type_app": "univ_alph",
          "str_size": 7,    
          "mask_str": [
            "0123456789",
            "0123456789",
            "0123456789",
            "0123456789",
            "0123456789",
            "0123456789",
            "0123456789"
          ],
          "min_confidence": 0.2,
          "sum_alph_confidence": 0.98,
          "matchs" : {
            "O": "0",
            "0": "O",
            "D": "0",
            "I": "1"
          }
        }
      }
    ]
  }
}


