{
  "type": "multichoise",
  "settings": {
    "postprocessors": [
      {
        "type": "alphabet",
        "settings": {
          "type_app": "univ_alph",
          "str_size": 9,    
          "mask_str": [          
            "0123456789",
            "A",
            "ABCEKMHTI",
            "0123456789",
            "0123456789",
            "0123456789",
            "0123456789",
            "0123456789",
            "0123456789"
          ],
          "min_confidence": 0.2,
          "sum_alph_confidence": 0.98,
          "matchs" : {
            "O": "0",
            "D": "0",
            "I": "1"
          }
        }
      },
      {
        "type": "multisequence",
        "settings": {
          "postprocessors": [
            {
              "type": "alphabet",
              "settings": {
                "type_app": "univ_alph",
                "str_size": 9,    
                "mask_str": [          
                  "0123456789",
                  "A",
                  "ABCEKMHTI",
                  "0123456789",
                  "0123456789",
                  "0123456789",
                  "0123456789",
                  "0123456789",
                  "0123456789"
                ],
                "min_confidence": 0.2,
                "sum_alph_confidence": 0.98,
                "matchs" : {
                  "O": "0",
                  "D": "0",
                  "I": "1"
                }
              }
            },
            {
              "type": "symbols_inserter",
              "settings": {
                "insertions": [
                  { "position": 3, "value": " " }
                ]
              }
            }
          ]
        }
      }
    ]
  }
}