{
  "type": "alphabet",
  "settings": {
    "type_app": "univ_alph",
    "str_size": 14,    
    "mask_str": [
      "01234567",
      "0123456789",
      "0123456789",
      "0123456789",
      "0123456789",
      "0123456789",
      "0123456789",
      "ABCEHKM",
      "0123456789",
      "0123456789",
      "0123456789",
      "GPBV",
      "BAIF",
      "0123456789"
    ],
    "min_confidence": 0.2,
    "sum_alph_confidence": 0.98,
    "matchs" : {
      "O": "0",
      "D": "0",
      "Q": "0"
    }
  }
}