{
  "type": "levdict",
  "settings": {
    "dictionary": {
      "type": "file",
      "data": ":/postprocessor/rus/pfr/name.dict"
    },
    "max_input_confidence": 0.97, 
    "max_input_dict_weight": 50,
    "min_change_dict_weight": 100,
    "max_relative_levenshtein_penalty": 0.3,
    "insertion_base_penalty": 1.0,
    "insertion_streak_penalty": 1.0,
    "deletion_base_penalty": 1.0,
    "deletion_streak_penalty": 1.0,
    "substitution_weight": 0.9,
    "max_states_count": 1200
  }
}