{
  "type": "multisequence",
  "settings": {
    "postprocessors": [
      ":/postprocessor/spaces_stripper.json",
      {
        "type": "merge",
        "settings": {
        "input_fields_sequence": ["birth_place", "birth_place1", "birth_place2"],
        "output_field": "birth_place",
        "separator": " "
        }
      },
      ":/postprocessor/spaces_stripper.json",
      ":/postprocessor/symbols_and_digits_replacer.json",
      {
        "type": "splitter",
        "settings": {
          "separator": "/",
          "input_field": "birth_place",
          "output_fields_sequence": ["birth_place", "birth_place_rus"]
        }
      },
      ":/postprocessor/spaces_stripper.json"
    ]
  }
}