{
  "type": "alphabet",
  "settings": {
    "type_app": "univ_alph",
    "str_size": 9,    
    "mask_str": [
      "ABHKMP",
      "BCHMPLI",
      "0123456789",
      "0123456789",
      "0123456789",
      "0123456789",
      "0123456789",
      "0123456789",
      "0123456789"
    ],
    "min_confidence": 0.2,
    "sum_alph_confidence": 0.98,
    "matchs" : {
      "0": "O",
      "O": "0",
      "D": "0",
      "Q": "0",
      "Z": "2",
      "I": "1",
      "L": "1",
      "3": "B"
    }
  }
}
