{
  "type": "multisequence",
  "settings": {
    "postprocessors": [
        {
          "type": "levdict",
          "settings": {
            "dictionary": {
              "type": "file",
              "data": ":/postprocessor/rus/pfr/patronymic.dict"
            },
            "max_input_confidence": 0.97,
            "max_input_dict_weight": 50,
            "min_change_dict_weight": 100,
            "max_relative_levenshtein_penalty": 0.2,
            "insertion_base_penalty": 1.0,
            "insertion_streak_penalty": 1.0,
            "deletion_base_penalty": 0.7,
            "deletion_streak_penalty": 0.8,
            "substitution_weight": 0.45,
            "max_states_count": 4000
          }
        }
    ]
  }
}