{
  "type": "multisequence",
  "settings": {
    "postprocessors": [
        ":/postprocessor/punctuation_stripper.json",
        {
          "type": "levdict",
          "settings": {
            "dictionary": {
              "type": "file",
              "data": ":/postprocessor/rus/pfr/surname.dict"
            },
            "max_input_confidence": 0.97,
            "max_input_dict_weight": 100,
            "min_change_dict_weight": 200,
            "max_relative_levenshtein_penalty": 0.1,
            "insertion_base_penalty": 1.0,
            "insertion_streak_penalty": 1.0,
            "deletion_base_penalty": 1.0,
            "deletion_streak_penalty": 1.0,
            "substitution_weight": 0.5,
            "max_states_count": 2000
          }
        }
    ]
  }
}
