{
  "type": "multisequence",
  "settings": {
    "postprocessors": [
      ":/postprocessor/punctuation_stripper.json",
      {
        "type": "splitter",
        "settings": {
          "separator": " ",
          "input_field": "number",
          "output_fields_sequence": ["series", "number"]
        }
      },
      ":/postprocessor/punctuation_stripper.json",
      {
          "type": "symbols_near_digits_replacer",
          "settings": {
            "input_field": "series",
            "alphabet_postprocessor": ":/postprocessor/alphabet/eng_letters_alphabet_postprocessor.json",
            "inverse": false
          }
      },
      {
          "type": "symbols_near_digits_replacer",
          "settings": {
            "input_field": "number",
            "alphabet_postprocessor": ":/postprocessor/alphabet/digits_only_alphabet_postprocessor.json"
          }
      },
      {
        "type": "merge",
        "settings": {
        "input_fields_sequence": ["series", "number"],
        "output_field": "number",
        "separator": ""
        }
      },
      ":/postprocessor/punctuation_stripper.json"
    ]
  }
}