{
  "type": "multisequence",
  "settings": {
    "postprocessors": [
      {
       "type": "vin",
       "settings": {
          "substitution_weight": 0.9,
          "wrdgen_depth": 500
        }
      },
      {
       "type": "clutter_remover",
        "settings":{
        "filter_mode" : true,
       "clutter_alphabet": "№ "
        }
      },
      {
        "type": "alphabet",
        "settings": {
          "type_app": "univ_alph",
          "str_size": 17,    
          "mask_str": [
            "0123456789ABCDEFGHJKLMNPRSTUVWXYZ",
            "0123456789ABCDEFGHJKLMNPRSTUVWXYZ",
            "0123456789ABCDEFGHJKLMNPRSTUVWXYZ",
            "0123456789ABCDEFGHJKLMNPRSTUVWXYZ",
            "0123456789ABCDEFGHJKLMNPRSTUVWXYZ",
            "0123456789ABCDEFGHJKLMNPRSTUVWXYZ",
            "0123456789ABCDEFGHJKLMNPRSTUVWXYZ",
            "0123456789ABCDEFGHJKLMNPRSTUVWXYZ",
            "0123456789ABCDEFGHJKLMNPRSTUVWXYZ",
            "0123456789ABCDEFGHJKLMNPRSTUVWXYZ",
            "0123456789ABCDEFGHJKLMNPRSTUVWXYZ",
            "0123456789ABCDEFGHJKLMNPRSTUVWXYZ",
            "0123456789",
            "0123456789",
            "0123456789",
            "0123456789",
            "0123456789"
          ],
          "min_confidence": 0.2,
          "sum_alph_confidence": 0.98,
          "matchs" : {
            "I": "1",
            "O": "0",
            "D": "0",
            "S": "5",
            "5": "S",
            "Z": "2",
            "2": "Z"
          }
        }
      }
    ]
  }        
}