{
  "settings": {
    "number_extraction_alphabet": " 0123456789",
    "fcr_custom_alphabet": " -/0123456789ABCDEFGHIJKLMNOPQRSTUVWXYZ",
    "recstrs": "recstrs_freeform.json",
    "number_postprocessor": ":/docs/card/postprocessor/freeform_card_number_postprocessor.json",
    "expdate_postprocessor": ":/docs/card/postprocessor/freeform_card_expdate_postprocessor.json",

    "min_space_depth_for_number_candidate": 1.7,
    "min_digits_for_number_candidate": 12,

    "min_space_depth_for_expdate_candidate": 1.7,
    "min_relevant_symbols_for_expdate_candidate": 5,
    "max_relevant_symbols_for_expdate_candidate": 7,
    "name_trigrams_path": ":/docs/card/dictionaries/name_surname_trigrams.pb",


    "iban_postprocessor": ":/docs/card/postprocessor/iban_postprocessor.json"
  },
  "type": "cardreader_freeform_workflow"
}