{
  "card.embossed": {
    "expected_templates": ["card.embossed:front"], 
    "output_fields": ["number", "expiry_date", "name"], 
    "postprocessors": [
      {
        "input_fields": ["number"],
        "postprocessor": "postprocessor/card_number_postprocessor_embossed.json"
      }, 
      {
        "input_fields": ["expiry_date"], 
        "postprocessor": "postprocessor/expiry_date_postprocessor.json"
      }, 
      {
        "input_fields": ["name"], 
        "postprocessor": "postprocessor/card_name_empty_remover.json"
      }
    ], 
    "rejectors": {"__default__": ":/rejector/default_loyal_rejector.json"}, 
    "templates": {"card.embossed:front": {"path": "tpl__card.type1.front.json"}}
  }
}
