{
  "card.freeform": {
    "expected_templates": [], 
    "output_fields": ["number", "expiry_date", "name", "iban"], 
    "postprocessors": [
      {
        "input_fields": ["number"],
        "postprocessor": "postprocessor/freeform_card_number_postprocessor.json"
      },
      {
        "input_fields": ["expiry_date"], 
        "postprocessor": "postprocessor/expiry_date_postprocessor.json"
      },
      {
        "input_fields": ["name"], 
        "postprocessor": "postprocessor/freeform_card_name_postprocessor.json"
      },
      {
        "input_fields": ["iban"],
        "postprocessor": "postprocessor/iban_postprocessor.json"
      }
    ], 
    "rejectors": {"__default__": ":/rejector/default_loyal_rejector.json"}, 
    "templates": {"card.freeform:landscape": {"path": "tpl__card.freeform.landscape.json"},
                  "card.freeform:portrait": {"path": "tpl__card.freeform.portrait.json"}
  }
  }
}
