{
  "card.embossed:front": {
    "config": "templates/card.type1.json",
    "expected_fields": [
      "name",
      "expiry_date",
      "number"
    ],
    "field_group_preprocessors": {
      "text_line_cloner": {
        "workflow": {
          "settings": {
            "cloning_map": {
              "text_line_1": [
                "text_line_1_clone"
              ]
            }
          },
          "type": "cloning"
        }
      }
    },
    "fields": {
      "number": {
        "workflow": {
          "settings": {
            "recstr": ":/recstr/card_embossed_number_recstr.json"
          },
          "type": "common"
        }
      },
      "text_line_0": {
        "workflow": "workflow/card_embossed_expdate_field_workflow.json"
      },
      "text_line_1": {
        "workflow": "workflow/card_embossed_expdate_field_workflow.json"
      },
      "text_line_1_clone": {
        "workflow": "workflow/card_embossed_name_field_workflow.json"
      },
      "text_line_2": {
        "workflow": "workflow/card_embossed_name_field_workflow.json"
      }
    },
    "formatters": [
      {
        "allow_incomplete_inputs": false,
        "formatter": "postprocessor/card_field_selector_embossed.json",
        "input_fields": [
          "text_line_0",
          "text_line_1",
          "text_line_1_clone",
          "text_line_2"
        ],
        "output_fields": [
          "expiry_date",
          "name"
        ]
      },
      {
        "formatter": "postprocessor/card_expiry_date_formatter.json",
        "input_fields": [
          "expiry_date"
        ]
      },
      {
        "allow_incomplete_inputs": true,
        "formatter": "postprocessor/template_confirmer.json",
        "input_fields": [
          "number"
        ],
        "output_fields": [
          "__template_confirmed__",
          "number"
        ]
      }
    ],
    "image_integrators": {
      "__default__": ":/integrator/default_image_integrator.json"
    },
    "integrators": {
      "__default__": ":/integrator/default_token_integrator.json",
      "number": "integrators/number_integrator_embossed.json",
      "expiry_date": "integrators/expiry_date_integrator.json",
      "name": "integrators/name_integrator.json"
    },
    "size": [
      856,
      540
    ],
    "zones": {
      "number_zone": {
        "force_processing": true,
        "fields_translation": {
          "field": "number"
        },
        "rect": [
          0,
          265,
          856,
          110
        ],
        "workflow": {
          "settings": {
            "template_confirmation_enabled": false,
            "vertsgm": ":/vertsgm/dummy_single_field_vertsgm.json"
          },
          "type": "common"
        }
      },
      "text_zone": {
        "rect": [
          10,
          370,
          715,
          170
        ],
        "workflow": {
          "settings": {
            "template_confirmation_enabled": false,
            "vertsgm": "vertsgm/embossed_text_zone_vertsgm.json"
          },
          "type": "common"
        }
      }
    }
  }
}