{
  "card.freeform:portrait": {
    "config": "templates/card.freeform.portrait.json",
    "expected_fields": [
      "number"
    ],
    "field_group_preprocessors": {},
    "fields": {
      "number": {
        "workflow": {
          "type": "dummy"
        }
      },
      "expiry_date": {
        "workflow": {
          "type": "dummy"
        }
      },
      "name": {
        "workflow": {
          "type": "dummy"
        }
      },
      "iban": {
        "workflow": {
          "type": "dummy"
        }
      }
    },
    "formatters": [
      {
        "allow_incomplete_inputs": true,
        "formatter": "postprocessor/template_confirmer.json",
        "input_fields": [
          "number",
          "iban"
        ],
        "output_fields": [
          "__template_confirmed__",
          "number",
          "iban"
        ]
      },
      {
        "formatter": "postprocessor/card_expiry_date_formatter.json",
        "input_fields": [
          "expiry_date"
        ]
      },
      {
        "input_fields": ["name"],
        "formatter": ":/postprocessor/dummy_postprocessor.json"
      },
      {
        "input_fields": ["iban"],
        "formatter": ":/postprocessor/dummy_postprocessor.json"
      }
    ],
    "postprocessor": [
    ],
    "image_integrators": {
      "__default__": ":/integrator/default_image_integrator.json"
    },
    "integrators": {
      "__default__": ":/integrator/default_rover_integrator.json",
      "expiry_date": "integrators/expiry_date_integrator.json",
      "number": ":/integrator/default_rover_integrator.json",
      "name": ":/integrator/default_rover_integrator.json",
      "iban": ":/integrator/default_rover_integrator.json"
    },
    "size": [
      540,
      856
    ],
    "zones": {
      "card_zone": {
        "rect": [
          0,
          0,
          540,
          856
        ],
        "workflow": "workflow/card_freeform_workflow.json"
      }
    }
  }
}