[
    {
        "descriptors": [
            {
                "angle": 0,
                "path": "variants/kaz.visa.type1.common.sample_0.desc"
            },
            {
                "angle": 90,
                "path": "variants/kaz.visa.type1.common.sample_1.desc"
            },
            {
                "angle": 180,
                "path": "variants/kaz.visa.type1.common.sample_2.desc"
            },
            {
                "angle": 270,
                "path": "variants/kaz.visa.type1.common.sample_3.desc"
            }
        ],
        "keypoints": "variants/kaz.visa.type1.common.sample.txt",
        "(source)": "sources/kaz.visa.type1.common.sample.png"
    }
]