{
    "type": "dynamic",
    "settings": {
        "preprocessing": {
            "processing_steps": [
                {
                    "type": "blink_removing",
                    "settings": {
                        "blink_removing_percent": 0.1
                    }
                },
                {
                    "type": "background_closing",
                    "settings": {
                        "background_closing_wy": 3,
                        "background_closing_wx": 3
                    }
                },
                {
                    "type": "morphology_open",
                    "settings": {
                        "morphology_open_wy": 4,
                        "morphology_open_wx": 5
                    }
                },
                {
                    "type": "morphology_close",
                    "settings": {
                        "morphology_close_wy": 3,
                        "morphology_close_wx": 4
                    }
                },
                {
                    "type": "autocontrast",
                    "settings": {
                        "autocontrast_satur_white": 0.05,
                        "autocontrast_satur_black": 0.0
                    }
                },
                {
                    "type": "angle_detection",
                    "settings": {
                        "width_downscale": 0.5,
                        "height_downscale": 1.0
                    }
                }
            ],
            "settings": {}
        },
        "settings": {
            "grid_step_y": 1,
            "grid_step_x": 1,
            "gap_right": 8,
            "gap_left": 8,
            "gap_bot": 6,
            "gap_top": 6,
            "score_type": "otsu",
            "rejection_threshold": 0.15,
            "default_gap_dp_cost": 0.0,
            "default_gap_otsu_cost": 0.7,
            "local_otsu_window_wing": -1
        },
        "layout": [
            {
                "delta_height": 80,
                "line_type": "gap",
                "height": 80
            },
            {
                "line_type": "text",
                "height": 25,
                "delta_height": 15,
                "fields": [
                    {
                        "field_type": "gap",
                        "delta_width": 60,
                        "width": 60
                    },
                    {
                        "field_type": "text",
                        "cost": 0.6,
                        "field_name": "categories0",
                        "is_optional": true,
                        "delta_width": 30,
                        "width": 35
                    },
                    {
                        "field_type": "gap",
                        "delta_width": 40,
                        "width": 60
                    },
                    {
                        "field_type": "text",
                        "cost": 0.6,
                        "field_name": "categories1",
                        "is_optional": true,
                        "delta_width": 30,
                        "width": 35
                    },
                    {
                        "field_type": "gap",
                        "delta_width": 40,
                        "width": 60
                    },
                    {
                        "field_type": "text",
                        "cost": 0.6,
                        "field_name": "categories2",
                        "is_optional": true,
                        "delta_width": 30,
                        "width": 35
                    },
                    {
                        "field_type": "gap",
                        "delta_width": 40,
                        "width": 60
                    },
                    {
                        "field_type": "text",
                        "cost": 0.6,
                        "field_name": "categories3",
                        "is_optional": true,
                        "delta_width": 30,
                        "width": 35
                    },
                    {
                        "field_type": "gap",
                        "delta_width": 40,
                        "width": 60
                    },
                    {
                        "field_type": "text",
                        "cost": 0.6,
                        "field_name": "categories4",
                        "is_optional": true,
                        "delta_width": 30,
                        "width": 35
                    },
                    {
                        "field_type": "gap",
                        "delta_width": 60,
                        "width": 60
                    }
                ]
            },
            {
                "delta_height": 80,
                "line_type": "gap",
                "height": 80
            }
        ]
    }
}