{
    "type": "dynamic",
    "settings": {
        "preprocessing": {
            "processing_steps": [
                {
                    "type": "blink_removing",
                    "settings": {
                        "blink_removing_percent": 0.1
                    }
                },
                {
                    "type": "background_closing",
                    "settings": {
                        "background_closing_wy": 3,
                        "background_closing_wx": 3
                    }
                },
                {
                    "type": "morphology_open",
                    "settings": {
                        "morphology_open_wy": 0,
                        "morphology_open_wx": 12
                    }
                },
                {
                    "type": "morphology_close",
                    "settings": {
                        "morphology_close_wy": 5,
                        "morphology_close_wx": 0
                    }
                },
                {
                    "type": "autocontrast",
                    "settings": {
                        "autocontrast_satur_white": 0.05,
                        "autocontrast_satur_black": 0.01
                    }
                },
                {
                    "type": "angle_detection",
                    "settings": {
                        "width_downscale": 0.5,
                        "height_downscale": 1.0
                    }
                }
            ],
            "settings": {}
        },
        "settings": {
            "grid_step_y": 1,
            "grid_step_x": 1,
            "gap_right": 15,
            "gap_left": 10,
            "gap_bot": 6,
            "gap_top": 6,
            "score_type": "otsu",
            "rejection_threshold": 0.15,
            "default_gap_dp_cost": 0.0,
            "default_gap_otsu_cost": 0.7,
            "local_otsu_window_wing": -1
        },
        "layout": [
            {
                "delta_height": 50,
                "line_type": "gap",
                "height": 50
            },
            {
                "line_type": "text",
                "height": 30,
                "delta_height": 10,
                "fields": [
                    {
                        "field_type": "gap",
                        "delta_width": 55,
                        "width": 55
                    },
                    {
                        "field_type": "text",
                        "cost": 1,
                        "field_name": "last_name",
                        "is_optional": false,
                        "delta_width": 360,
                        "width": 380,
                        "gap_right": 20,
                        "gap_left": 15
                    },
                    {
                        "field_type": "gap",
                        "delta_width": 480,
                        "width": 570
                    }
                ]
            },
            {
                "delta_height": 10,
                "line_type": "gap",
                "height": 15
            },
            {
                "line_type": "text",
                "height": 25,
                "delta_height": 10,
                "fields": [
                    {
                        "field_type": "gap",
                        "delta_width": 55,
                        "width": 55
                    },
                    {
                        "field_type": "text",
                        "cost": 1,
                        "field_name": "last_name_eng",
                        "is_optional": false,
                        "delta_width": 360,
                        "width": 380
                    },
                    {
                        "field_type": "gap",
                        "delta_width": 480,
                        "width": 570
                    }
                ]
            },
            {
                "delta_height": 15,
                "line_type": "gap",
                "height": 25
            },
            {
                "line_type": "text",
                "height": 30,
                "delta_height": 10,
                "fields": [
                    {
                        "field_type": "gap",
                        "delta_width": 55,
                        "width": 55
                    },
                    {
                        "field_type": "text",
                        "cost": 1,
                        "field_name": "name",
                        "is_optional": false,
                        "delta_width": 360,
                        "width": 380,
                        "gap_right": 20,
                        "gap_left": 15
                    },
                    {
                        "field_type": "gap",
                        "delta_width": 480,
                        "width": 570
                    }
                ]
            },
            {
                "delta_height": 10,
                "line_type": "gap",
                "height": 15
            },
            {
                "line_type": "text",
                "height": 25,
                "delta_height": 10,
                "fields": [
                    {
                        "field_type": "gap",
                        "delta_width": 55,
                        "width": 55
                    },
                    {
                        "field_type": "text",
                        "cost": 1,
                        "field_name": "name_eng",
                        "is_optional": false,
                        "delta_width": 360,
                        "width": 380
                    },
                    {
                        "field_type": "gap",
                        "delta_width": 480,
                        "width": 570
                    }
                ]
            },
            {
                "delta_height": 15,
                "line_type": "gap",
                "height": 25
            },
            {
                "line_type": "text",
                "height": 25,
                "delta_height": 10,
                "fields": [
                    {
                        "field_type": "gap",
                        "delta_width": 55,
                        "width": 55
                    },
                    {
                        "field_type": "text",
                        "cost": 1,
                        "field_name": "birth_date",
                        "is_optional": false,
                        "delta_width": 15,
                        "width": 130
                    },
                    {
                        "field_type": "gap",
                        "delta_width": 15,
                        "width": 35
                    },
                    {
                        "field_type": "text",
                        "cost": 1,
                        "field_name": "birth_place",
                        "is_optional": false,
                        "delta_width": 200,
                        "width": 240,
                        "gap_left": 15
                    },
                    {
                        "field_type": "gap",
                        "delta_width": 240,
                        "width": 410
                    }
                ]
            },
            {
                "delta_height": 10,
                "line_type": "gap",
                "height": 15
            },
            {
                "line_type": "text",
                "height": 25,
                "delta_height": 10,
                "fields": [
                    {
                        "field_type": "gap",
                        "delta_width": 55,
                        "width": 55
                    },
                    {
                        "field_type": "text",
                        "cost": 1,
                        "field_name": "birth_place_eng",
                        "is_optional": false,
                        "delta_width": 360,
                        "width": 380
                    },
                    {
                        "field_type": "gap",
                        "delta_width": 480,
                        "width": 570
                    }
                ]
            },
            {
                "delta_height": 15,
                "line_type": "gap",
                "height": 25
            },
            {
                "line_type": "text",
                "height": 23,
                "delta_height": 10,
                "fields": [
                    {
                        "field_type": "gap",
                        "delta_width": 50,
                        "width": 55
                    },
                    {
                        "field_type": "text",
                        "cost": 1,
                        "field_name": "issue_date",
                        "is_optional": false,
                        "delta_width": 25,
                        "width": 135
                    },
                    {
                        "field_type": "gap",
                        "delta_width": 15,
                        "width": 45
                    },
                    {
                        "field_type": "text",
                        "cost": 1,
                        "field_name": "expiry_date",
                        "is_optional": false,
                        "delta_width": 25,
                        "width": 135
                    },
                    {
                        "field_type": "gap",
                        "delta_width": 40,
                        "width": 300
                    }
                ]
            },
            {
                "delta_height": 15,
                "line_type": "gap",
                "height": 25
            },
            {
                "line_type": "text",
                "height": 20,
                "delta_height": 10,
                "fields": [
                    {
                        "field_type": "gap",
                        "delta_width": 15,
                        "width": 55
                    },
                    {
                        "field_type": "text",
                        "cost": 1,
                        "field_name": "authority",
                        "is_optional": false,
                        "delta_width": 360,
                        "width": 380,
                        "gap_left": 10
                    },
                    {
                        "field_type": "gap",
                        "delta_width": 480,
                        "width": 570
                    }
                ]
            },
            {
                "delta_height": 12,
                "line_type": "gap",
                "height": 15
            },
            {
                "line_type": "text",
                "height": 20,
                "delta_height": 10,
                "fields": [
                    {
                        "field_type": "gap",
                        "delta_width": 55,
                        "width": 55
                    },
                    {
                        "field_type": "text",
                        "cost": 1,
                        "field_name": "authority_eng",
                        "is_optional": false,
                        "delta_width": 360,
                        "width": 380
                    },
                    {
                        "field_type": "gap",
                        "delta_width": 480,
                        "width": 570
                    }
                ]
            },
            {
                "delta_height": 15,
                "line_type": "gap",
                "height": 50
            },
            {
                "line_type": "text",
                "height": 25,
                "delta_height": 10,
                "fields": [
                    {
                        "field_type": "gap",
                        "delta_width": 55,
                        "width": 55
                    },
                    {
                        "field_type": "text",
                        "cost": 1,
                        "field_name": "address",
                        "is_optional": false,
                        "delta_width": 55,
                        "width": 155,
                        "gap_left": 15
                    },
                    {
                        "field_type": "gap",
                        "delta_width": 35,
                        "width": 65
                    },
                    {
                        "field_type": "text",
                        "cost": 1,
                        "field_name": "address_eng",
                        "is_optional": false,
                        "delta_width": 150,
                        "width": 180,
                        "gap_left": 15
                    },
                    {
                        "field_type": "gap",
                        "delta_width": 180,
                        "width": 380
                    }
                ]
            },
            {
                "delta_height": 20,
                "line_type": "gap",
                "height": 75
            },
            {
                "line_type": "text",
                "height": 30,
                "delta_height": 10,
                "fields": [
                    {
                        "field_type": "gap",
                        "delta_width": 50,
                        "width": 405
                    },
                    {
                        "field_type": "text",
                        "cost": 1,
                        "field_name": "number",
                        "is_optional": false,
                        "delta_width": 20,
                        "width": 155
                    },
                    {
                        "field_type": "gap",
                        "delta_width": 50,
                        "width": 85
                    }
                ]
            },
            {
                "delta_height": 30,
                "line_type": "gap",
                "height": 30
            }
        ]
    }
}