{
    "type": "dynamic",
    "settings": {
        "preprocessing": {
            "processing_steps": [
                {
                    "type": "blink_removing",
                    "settings": {
                        "blink_removing_percent": 0.1
                    }
                },
                {
                    "type": "background_closing",
                    "settings": {
                        "background_closing_wy": 3,
                        "background_closing_wx": 3
                    }
                },
                {
                    "type": "morphology_open",
                    "settings": {
                        "morphology_open_wy": 1,
                        "morphology_open_wx": 12
                    }
                },
                {
                    "type": "morphology_close",
                    "settings": {
                        "morphology_close_wy": 5,
                        "morphology_close_wx": 0
                    }
                },
                {
                    "type": "autocontrast",
                    "settings": {
                        "autocontrast_satur_white": 0.05,
                        "autocontrast_satur_black": 0.01
                    }
                },
                {
                    "type": "angle_detection",
                    "settings": {
                        "width_downscale": 0.5,
                        "height_downscale": 1.0
                    }
                }
            ],
            "settings": {}
        },
        "settings": {
            "grid_step_y": 1,
            "grid_step_x": 1,
            "gap_right": 15,
            "gap_left": 10,
            "gap_bot": 6,
            "gap_top": 6,
            "score_type": "otsu",
            "rejection_threshold": 0.15,
            "default_gap_dp_cost": 0.0,
            "default_gap_otsu_cost": 0.7,
            "local_otsu_window_wing": -1
        },
        "layout": [
            {
                "delta_height": 70,
                "line_type": "gap",
                "height": 70
            },
            {
                "line_type": "text",
                "height": 25,
                "delta_height": 10,
                "fields": [
                    {
                        "field_type": "gap",
                        "delta_width": 80,
                        "width": 80
                    },
                    {
                        "field_type": "text",
                        "cost": 1,
                        "field_name": "birth_place",
                        "is_optional": false,
                        "delta_width": 350,
                        "width": 390
                    },
                    {
                        "field_type": "gap",
                        "delta_width": 350,
                        "width": 360
                    },
                    {
                        "field_type": "text",
                        "cost": 1,
                        "field_name": "address",
                        "is_optional": false,
                        "delta_width": 400,
                        "width": 430
                    },
                    {
                        "field_type": "gap",
                        "delta_width": 410,
                        "width": 410
                    }
                ]
            },
            {
                "delta_height": 15,
                "line_type": "gap",
                "height": 25
            },
            {
                "line_type": "text",
                "height": 25,
                "delta_height": 10,
                "fields": [
                    {
                        "field_type": "gap",
                        "delta_width": 80,
                        "width": 80
                    },
                    {
                        "field_type": "text",
                        "cost": 1,
                        "field_name": "birth_place_eng",
                        "is_optional": false,
                        "delta_width": 350,
                        "width": 390
                    },
                    {
                        "field_type": "gap",
                        "delta_width": 350,
                        "width": 360
                    },
                    {
                        "field_type": "text",
                        "cost": 1,
                        "field_name": "address_eng",
                        "is_optional": false,
                        "delta_width": 400,
                        "width": 430
                    },
                    {
                        "field_type": "gap",
                        "delta_width": 410,
                        "width": 410
                    }
                ]
            },
            {
                "delta_height": 15,
                "line_type": "gap",
                "height": 52
            },
            {
                "line_type": "text",
                "height": 25,
                "delta_height": 10,
                "fields": [
                    {
                        "field_type": "gap",
                        "delta_width": 80,
                        "width": 80
                    },
                    {
                        "field_type": "text",
                        "cost": 1,
                        "field_name": "issue_date",
                        "is_optional": false,
                        "delta_width": 20,
                        "width": 120
                    },
                    {
                        "field_type": "gap",
                        "delta_width": 40,
                        "width": 140
                    },
                    {
                        "field_type": "text",
                        "cost": 1,
                        "field_name": "authority",
                        "is_optional": false,
                        "delta_width": 600,
                        "width": 610
                    },
                    {
                        "field_type": "gap",
                        "delta_width": 605,
                        "width": 605
                    }
                ]
            },
            {
                "delta_height": 15,
                "line_type": "gap",
                "height": 52
            },
            {
                "line_type": "text",
                "height": 25,
                "delta_height": 10,
                "fields": [
                    {
                        "field_type": "gap",
                        "delta_width": 45,
                        "width": 275
                    },
                    {
                        "field_type": "text",
                        "cost": 1,
                        "field_name": "number",
                        "is_optional": false,
                        "delta_width": 30,
                        "width": 150
                    },
                    {
                        "field_type": "gap",
                        "delta_width": 50,
                        "width": 480
                    }
                ]
            },
            {
                "delta_height": 15,
                "line_type": "gap",
                "height": 52
            },
            {
                "line_type": "text",
                "height": 25,
                "delta_height": 10,
                "fields": [
                    {
                        "field_type": "gap",
                        "delta_width": 45,
                        "width": 275
                    },
                    {
                        "field_type": "text",
                        "cost": 1,
                        "field_name": "ethnicity",
                        "is_optional": false,
                        "delta_width": 600,
                        "width": 610
                    },
                    {
                        "field_type": "gap",
                        "delta_width": 605,
                        "width": 605
                    }
                ]
            },
            {
                "delta_height": 15,
                "line_type": "gap",
                "height": 25
            },
            {
                "line_type": "text",
                "height": 25,
                "delta_height": 10,
                "fields": [
                    {
                        "field_type": "gap",
                        "delta_width": 45,
                        "width": 275
                    },
                    {
                        "field_type": "text",
                        "cost": 1,
                        "field_name": "ethnicity_eng",
                        "is_optional": false,
                        "delta_width": 600,
                        "width": 610
                    },
                    {
                        "field_type": "gap",
                        "delta_width": 605,
                        "width": 605
                    }
                ]
            },
            {
                "delta_height": 70,
                "line_type": "gap",
                "height": 70
            }
        ]
    }
}