{
    "type": "dynamic",
    "settings": {
        "preprocessing": {
            "processing_steps": [
                {
                    "type": "blink_removing",
                    "settings": {
                        "blink_removing_percent": 0.1
                    }
                },
                {
                    "type": "background_closing",
                    "settings": {
                        "background_closing_wy": 3,
                        "background_closing_wx": 3
                    }
                },
                {
                    "type": "morphology_open",
                    "settings": {
                        "morphology_open_wy": 1,
                        "morphology_open_wx": 15
                    }
                },
                {
                    "type": "morphology_close",
                    "settings": {
                        "morphology_close_wy": 4,
                        "morphology_close_wx": 0
                    }
                },
                {
                    "type": "autocontrast",
                    "settings": {
                        "autocontrast_satur_white": 0.1,
                        "autocontrast_satur_black": 0.0
                    }
                },
                {
                    "type": "angle_detection",
                    "settings": {
                        "width_downscale": 0.5,
                        "height_downscale": 1.0
                    }
                }
            ],
            "settings": {}
        },
        "settings": {
            "grid_step_y": 1,
            "grid_step_x": 1,
            "gap_right": 18,
            "gap_left": 12,
            "gap_bot": 7,
            "gap_top": 7,
            "score_type": "otsu",
            "rejection_threshold": 0.15,
            "default_gap_dp_cost": 0.0,
            "default_gap_otsu_cost": 0.7,
            "local_otsu_window_wing": -1
        },
        "layout": [
            {
                "delta_height": 50,
                "line_type": "gap",
                "height": 70
            },
            {
                "line_type": "text",
                "height": 35,
                "delta_height": 10,
                "fields": [
                    {
                        "field_type": "gap",
                        "delta_width": 50,
                        "width": 85
                    },
                    {
                        "field_type": "text",
                        "cost": 1,
                        "field_name": "last_name",
                        "is_optional": false,
                        "delta_width": 880,
                        "width": 900
                    },
                    {
                        "field_type": "gap",
                        "delta_width": 1000,
                        "width": 1070
                    }
                ]
            },
            {
                "delta_height":10,
                "line_type": "gap",
                "height": 50
            },
            {
                "line_type": "text",
                "height": 35,
                "delta_height": 10,
                "fields": [
                    {
                        "field_type": "gap",
                        "delta_width": 50,
                        "width": 80
                    },
                    {
                        "field_type": "text",
                        "cost": 1,
                        "field_name": "name0",
                        "is_optional": false,
                        "delta_width": 880,
                        "width": 900
                    },
                    {
                        "field_type": "gap",
                        "delta_width": 1000,
                        "width": 1070
                    }
                ]
            },
            {
                "delta_height": 10,
                "line_type": "gap",
                "height": 50
            },
            {
                "line_type": "text",
                "height": 35,
                "delta_height": 10,
                "fields": [
                    {
                        "field_type": "gap",
                        "delta_width": 50,
                        "width": 85
                    },
                    {
                        "field_type": "text",
                        "cost": 1,
                        "field_name": "name1",
                        "is_optional": false,
                        "delta_width": 880,
                        "width": 900
                    },
                    {
                        "field_type": "gap",
                        "delta_width": 1000,
                        "width": 1070
                    }
                ]
            },
            {
                "delta_height": 10,
                "line_type": "gap",
                "height": 50
            },
            {
                "line_type": "text",
                "height": 35,
                "delta_height": 10,
                "fields": [
                    {
                        "field_type": "gap",
                        "delta_width": 50,
                        "width": 80
                    },
                    {
                        "field_type": "text",
                        "cost": 1,
                        "field_name": "nationality",
                        "is_optional": false,
                        "delta_width": 880,
                        "width": 900
                    },
                    {
                        "field_type": "gap",
                        "delta_width": 1000,
                        "width": 1070
                    }
                ]
            },
            {
                "delta_height": 10,
                "line_type": "gap",
                "height": 50
            },
            {
                "line_type": "text",
                "height": 35,
                "delta_height": 10,
                "fields": [
                    {
                        "field_type": "gap",
                        "delta_width": 50,
                        "width": 80
                    },
                    {
                        "field_type": "text",
                        "cost": 1,
                        "field_name": "birth_date",
                        "is_optional": false,
                        "delta_width": 30,
                        "width": 185
                    },
                    {
                        "field_type": "gap",
                        "delta_width": 100,
                        "width": 900
                    }
                ]
            },
            {
                "delta_height": 15,
                "line_type": "gap",
                "height": 50
            },
            {
                "line_type": "text",
                "height": 35,
                "delta_height": 10,
                "fields": [
                    {
                        "field_type": "gap",
                        "delta_width": 50,
                        "width": 80
                    },
                    {
                        "field_type": "text",
                        "cost": 1.0,
                        "field_name": "gender",
                        "is_optional": false,
                        "delta_width": 15,
                        "width": 50
                    },
                    {
                        "field_type": "gap",
                        "delta_width": 40,
                        "width": 160
                    },
                    {
                        "field_type": "text",
                        "cost": 1.0,
                        "field_name": "birth_place",
                        "is_optional": false,
                        "delta_width": 670,
                        "width": 690
                    },
                    {
                        "field_type": "gap",
                        "delta_width": 250,
                        "width": 890
                    }
                ]
            },
            {
                "delta_height": 15,
                "line_type": "gap",
                "height": 50
            },
            {
                "line_type": "text",
                "height": 35,
                "delta_height": 10,
                "fields": [
                    {
                        "field_type": "gap",
                        "delta_width": 50,
                        "width": 80
                    },
                    {
                        "field_type": "text",
                        "cost": 1,
                        "field_name": "address",
                        "is_optional": false,
                        "delta_width": 880,
                        "width": 900
                    },
                    {
                        "field_type": "gap",
                        "delta_width": 1000,
                        "width": 1070
                    }
                ]
            },
            {
                "delta_height": 15,
                "line_type": "gap",
                "height": 50
            },
            {
                "line_type": "text",
                "height": 35,
                "delta_height": 10,
                "fields": [
                    {
                        "field_type": "gap",
                        "delta_width": 50,
                        "width": 90
                    },
                    {
                        "field_type": "text",
                        "cost": 1,
                        "field_name": "issue_date",
                        "is_optional": false,
                        "delta_width": 30,
                        "width": 185
                    },
                    {
                        "field_type": "gap",
                        "delta_width": 30,
                        "width": 290
                    },
                    {
                        "field_type": "text",
                        "cost": 1,
                        "field_name": "authority",
                        "is_optional": false,
                        "delta_width": 40,
                        "width": 80
                    },
                    {
                        "field_type": "gap",
                        "delta_width": 60,
                        "width": 590
                    }
                ]
            },
            {
                "delta_height": 15,
                "line_type": "gap",
                "height":50
            },
            {
                "line_type": "text",
                "height": 35,
                "delta_height": 10,
                "fields": [
                    {
                        "field_type": "gap",
                        "delta_width": 50,
                        "width": 80
                    },
                    {
                        "field_type": "text",
                        "cost": 1,
                        "field_name": "expiry_date",
                        "is_optional": false,
                        "delta_width": 30,
                        "width": 185
                    },
                    {
                        "field_type": "gap",
                        "delta_width": 100,
                        "width": 900
                    }
                ]
            },
            {
                "delta_height": 30,
                "line_type": "gap",
                "height": 35
            }
        ]
    }
}