{
    "type": "dynamic",
    "settings": {
        "preprocessing": {
            "processing_steps": [
                {
                    "type": "blink_removing",
                    "settings": {
                        "blink_removing_percent": 0.1
                    }
                },
                {
                    "type": "background_closing",
                    "settings": {
                        "background_closing_wy": 4,
                        "background_closing_wx": 4
                    }
                },
                {
                    "type": "morphology_open",
                    "settings": {
                        "morphology_open_wy": 0,
                        "morphology_open_wx": 16
                    }
                },
                {
                    "type": "morphology_close",
                    "settings": {
                        "morphology_close_wy": 4,
                        "morphology_close_wx": 2
                    }
                },
                {
                    "type": "autocontrast",
                    "settings": {
                        "autocontrast_satur_white": 0.05,
                        "autocontrast_satur_black": 0.01
                    }
                },
                {
                    "type": "angle_detection",
                    "settings": {
                        "width_downscale": 0.5,
                        "height_downscale": 1.0
                    }
                }
            ],
            "settings": {}
        },
        "settings": {
            "grid_step_y": 1,
            "grid_step_x": 1,
            "gap_right": 15,
            "gap_left": 10,
            "gap_bot": 7,
            "gap_top": 6,
            "score_type": "otsu",
            "rejection_threshold": 0.15,
            "default_gap_dp_cost": 0.0,
            "default_gap_otsu_cost": 0.7,
            "local_otsu_window_wing": -1
        },
        "layout": [
            {
                "delta_height": 35,
                "line_type": "gap",
                "height": 40
            },
            {
                "line_type": "text",
                "height": 20,
                "delta_height": 10,
                "fields": [
                    {
                        "field_type": "gap",
                        "delta_width": 20,
                        "width": 35
                    },
                    {
                        "field_type": "text",
                        "cost": 1.0,
                        "field_name": "type",
                        "is_optional": false,
                        "delta_width": 30,
                        "width": 40
                    },
                    {
                        "field_type": "gap",
                        "delta_width": 35,
                        "width": 225
                    },
                    {
                        "field_type": "text",
                        "cost": 1.0,
                        "field_name": "number",
                        "is_optional": false,
                        "delta_width": 20,
                        "width": 155
                    },
                    {
                        "field_type": "gap",
                        "delta_width": 40,
                        "width": 180
                    }
                ]
            },
            {
                "delta_height": 15,
                "line_type": "gap",
                "height": 35
            },
            {
                "line_type": "text",
                "height": 20,
                "delta_height": 10,
                "fields": [
                    {
                        "field_type": "gap",
                        "delta_width": 30,
                        "width": 30
                    },
                    {
                        "field_type": "text",
                        "cost": 1.0,
                        "field_name": "last_name_eng",
                        "is_optional": false,
                        "delta_width": 580,
                        "width": 600
                    },
                    {
                        "field_type": "gap",
                        "delta_width": 600,
                        "width": 875
                    }
                ]
            },
            {
                "delta_height": 20,
                "line_type": "gap",
                "height": 40
            },
            {
                "line_type": "text",
                "height": 20,
                "delta_height": 10,
                "fields": [
                    {
                        "field_type": "gap",
                        "delta_width": 30,
                        "width": 30
                    },
                    {
                        "field_type": "text",
                        "cost": 1.0,
                        "field_name": "name_eng",
                        "is_optional": false,
                        "delta_width": 580,
                        "width": 600
                    },
                    {
                        "field_type": "gap",
                        "delta_width": 600,
                        "width": 875
                    }
                ]
            },
            {
                "delta_height": 29,
                "line_type": "gap",
                "height": 30
            },
            {
                "line_type": "text",
                "height": 25,
                "delta_height": 15,
                "fields": [
                    {
                        "field_type": "gap",
                        "delta_width": 20,
                        "width": 120
                    },
                    {
                        "field_type": "text",
                        "cost": 1.0,
                        "field_name": "nationality_eng",
                        "is_optional": false,
                        "delta_width": 580,
                        "width": 600,
                        "gap_top": 8
                    },
                    {
                        "field_type": "gap",
                        "delta_width": 420,
                        "width": 450
                    }
                ]
            },
            {
                "delta_height": 23,
                "line_type": "gap",
                "height": 50
            },
            {
                "line_type": "text",
                "height": 25,
                "delta_height": 10,
                "fields": [
                    {
                        "field_type": "gap",
                        "delta_width": 25,
                        "width": 35
                    },
                    {
                        "field_type": "text",
                        "cost": 1.0,
                        "field_name": "birth_date",
                        "is_optional": false,
                        "delta_width": 15,
                        "width": 190
                    },
                    {
                        "field_type": "gap",
                        "delta_width": 25,
                        "width": 360
                    }
                ]
            },
            {
                "delta_height": 12,
                "line_type": "gap",
                "height": 35
            },
            {
                "line_type": "text",
                "height": 25,
                "delta_height": 10,
                "fields": [
                    {
                        "field_type": "gap",
                        "delta_width": 35,
                        "width": 35
                    },
                    {
                        "field_type": "text",
                        "cost": 1.0,
                        "field_name": "gender",
                        "is_optional": false,
                        "delta_width": 30,
                        "width": 40
                    },
                    {
                        "field_type": "gap",
                        "delta_width": 50,
                        "width": 100
                    },
                    {
                        "field_type": "text",
                        "cost": 1.0,
                        "field_name": "birth_place_eng",
                        "is_optional": false,
                        "delta_width": 400,
                        "width": 430
                    },
                    {
                        "field_type": "gap",
                        "delta_width": 410,
                        "width": 410
                    }
                ]
            },
            {
                "delta_height": 12,
                "line_type": "gap",
                "height": 35
            },
            {
                "line_type": "text",
                "height": 25,
                "delta_height": 10,
                "fields": [
                    {
                        "field_type": "gap",
                        "delta_width": 35,
                        "width": 35
                    },
                    {
                        "field_type": "text",
                        "cost": 1.0,
                        "field_name": "issue_date",
                        "is_optional": false,
                        "delta_width": 20,
                        "width": 190
                    },
                    {
                        "field_type": "gap",
                        "delta_width": 20,
                        "width": 85
                    },
                    {
                        "field_type": "text",
                        "cost": 1.0,
                        "field_name": "expiry_date",
                        "is_optional": false,
                        "delta_width": 20,
                        "width": 190
                    },
                    {
                        "field_type": "gap",
                        "delta_width": 40,
                        "width": 115
                    }
                ]
            },
            {
                "delta_height": 20,
                "line_type": "gap",
                "height": 40
            },
            {
                "line_type": "text",
                "height": 25,
                "delta_height": 10,
                "fields": [
                    {
                        "field_type": "gap",
                        "delta_width": 35,
                        "width": 35
                    },
                    {
                        "field_type": "text",
                        "cost": 1.0,
                        "field_name": "authority_eng",
                        "is_optional": false,
                        "delta_width": 220,
                        "width": 230
                    },
                    {
                        "field_type": "gap",
                        "delta_width": 235,
                        "width": 525
                    }
                ]
            },
            {
                "delta_height": 70,
                "line_type": "gap",
                "height": 70
            }
        ]
    }
}