{
    "type": "dynamic",
    "settings": {
        "preprocessing": {
            "processing_steps": [
                {
                    "type": "blink_removing",
                    "settings": {
                        "blink_removing_percent": 0.1
                    }
                },
                {
                    "type": "background_closing",
                    "settings": {
                        "background_closing_wy": 4,
                        "background_closing_wx": 4
                    }
                },
                {
                    "type": "morphology_open",
                    "settings": {
                        "morphology_open_wy": 0,
                        "morphology_open_wx": 15
                    }
                },
                {
                    "type": "morphology_close",
                    "settings": {
                        "morphology_close_wy": 3,
                        "morphology_close_wx": 0
                    }
                },
                {
                    "type": "autocontrast",
                    "settings": {
                        "autocontrast_satur_white": 0.05,
                        "autocontrast_satur_black": 0.01
                    }
                },
                {
                    "type": "angle_detection",
                    "settings": {
                        "width_downscale": 0.5,
                        "height_downscale": 1.0
                    }
                }
            ],
            "settings": {}
        },
        "settings": {
            "grid_step_y": 1,
            "grid_step_x": 1,
            "gap_right": 15,
            "gap_left": 10,
            "gap_bot": 6,
            "gap_top": 7,
            "score_type": "otsu",
            "rejection_threshold": 0.15,
            "default_gap_dp_cost": 0.0,
            "default_gap_otsu_cost": 0.7,
            "local_otsu_window_wing": -1
        },
        "layout": [
            {
                "delta_height": 40,
                "line_type": "gap",
                "height": 45
            },
            {
                "line_type": "text",
                "height": 30,
                "delta_height": 15,
                "fields": [
                    {
                        "field_type": "gap",
                        "delta_width": 40,
                        "width": 190
                    },
                    {
                        "field_type": "text",
                        "cost": 1.0,
                        "field_name": "code",
                        "is_optional": false,
                        "delta_width": 30,
                        "width": 60,
                        "gap_top": 6
                    },
                    {
                        "field_type": "gap",
                        "delta_width": 25,
                        "width": 95
                    },
                    {
                        "field_type": "text",
                        "cost": 1.0,
                        "field_name": "number",
                        "is_optional": false,
                        "delta_width": 25,
                        "width": 125,
                        "gap_top": 6
                    },
                    {
                        "field_type": "gap",
                        "delta_width": 50,
                        "width": 195
                    }
                ]
            },
            {
                "delta_height": 15,
                "line_type": "gap",
                "height": 35
            },
            {
                "line_type": "text",
                "height": 25,
                "delta_height": 10,
                "fields": [
                    {
                        "field_type": "gap",
                        "delta_width": 20,
                        "width": 30
                    },
                    {
                        "field_type": "text",
                        "cost": 1.0,
                        "field_name": "last_name_eng",
                        "is_optional": false,
                        "delta_width": 580,
                        "width": 600
                    },
                    {
                        "field_type": "gap",
                        "delta_width": 600,
                        "width": 875
                    }
                ]
            },
            {
                "delta_height": 12,
                "line_type": "gap",
                "height": 35
            },
            {
                "line_type": "text",
                "height": 25,
                "delta_height": 10,
                "fields": [
                    {
                        "field_type": "gap",
                        "delta_width": 20,
                        "width": 30
                    },
                    {
                        "field_type": "text",
                        "cost": 1.0,
                        "field_name": "name_eng",
                        "is_optional": false,
                        "delta_width": 580,
                        "width": 600
                    },
                    {
                        "field_type": "gap",
                        "delta_width": 600,
                        "width": 875
                    }
                ]
            },
            {
                "delta_height": 30,
                "line_type": "gap",
                "height": 35
            },
            {
                "line_type": "text",
                "height": 20,
                "delta_height": 10,
                "fields": [
                    {
                        "field_type": "gap",
                        "delta_width": 20,
                        "width": 30
                    },
                    {
                        "field_type": "text",
                        "cost": 1.0,
                        "field_name": "nationality_eng",
                        "is_optional": false,
                        "delta_width": 580,
                        "width": 600,
                        "gap_right": 40
                    },
                    {
                        "field_type": "gap",
                        "delta_width": 600,
                        "width": 875
                    }
                ]
            },
            {
                "delta_height": 20,
                "line_type": "gap",
                "height": 40
            },
            {
                "line_type": "text",
                "height": 25,
                "delta_height": 10,
                "fields": [
                    {
                        "field_type": "gap",
                        "delta_width": 25,
                        "width": 35
                    },
                    {
                        "field_type": "text",
                        "cost": 1.0,
                        "field_name": "birth_date",
                        "is_optional": false,
                        "delta_width": 15,
                        "width": 105
                    },
                    {
                        "field_type": "gap",
                        "delta_width": 25,
                        "width": 170
                    },
                    {
                        "field_type": "text",
                        "cost": 1.0,
                        "field_name": "address_eng",
                        "is_optional": false,
                        "delta_width": 250,
                        "width": 270
                    },
                    {
                        "field_type": "gap",
                        "delta_width": 260,
                        "width": 280
                    }
                ]
            },
            {
                "delta_height": 12,
                "line_type": "gap",
                "height": 35
            },
            {
                "line_type": "text",
                "height": 25,
                "delta_height": 10,
                "fields": [
                    {
                        "field_type": "gap",
                        "delta_width": 25,
                        "width": 35
                    },
                    {
                        "field_type": "text",
                        "cost": 1.0,
                        "field_name": "gender",
                        "is_optional": false,
                        "delta_width": 30,
                        "width": 40
                    },
                    {
                        "field_type": "gap",
                        "delta_width": 20,
                        "width": 100
                    },
                    {
                        "field_type": "text",
                        "cost": 1.0,
                        "field_name": "birth_place_eng",
                        "is_optional": false,
                        "delta_width": 320,
                        "width": 330
                    },
                    {
                        "field_type": "gap",
                        "delta_width": 325,
                        "width": 445
                    }
                ]
            },
            {
                "delta_height": 12,
                "line_type": "gap",
                "height": 30
            },
            {
                "line_type": "text",
                "height": 25,
                "delta_height": 10,
                "fields": [
                    {
                        "field_type": "gap",
                        "delta_width": 20,
                        "width": 30
                    },
                    {
                        "field_type": "text",
                        "cost": 1.0,
                        "field_name": "issue_date",
                        "is_optional": false,
                        "delta_width": 20,
                        "width": 110
                    },
                    {
                        "field_type": "gap",
                        "delta_width": 35,
                        "width": 170
                    },
                    {
                        "field_type": "text",
                        "cost": 1.0,
                        "field_name": "authority_eng",
                        "is_optional": false,
                        "delta_width": 80,
                        "width": 100,
                        "gap_right": 10,
                        "gap_left": 8
                    },
                    {
                        "field_type": "gap",
                        "delta_width": 105,
                        "width": 285
                    }
                ]
            },
            {
                "delta_height": 15,
                "line_type": "gap",
                "height": 40
            },
            {
                "line_type": "text",
                "height": 25,
                "delta_height": 10,
                "fields": [
                    {
                        "field_type": "gap",
                        "delta_width": 25,
                        "width": 35
                    },
                    {
                        "field_type": "text",
                        "cost": 1.0,
                        "field_name": "expiry_date",
                        "is_optional": false,
                        "delta_width": 25,
                        "width": 115
                    },
                    {
                        "field_type": "gap",
                        "delta_width": 60,
                        "width": 460
                    }
                ]
            },
            {
                "delta_height": 50,
                "line_type": "gap",
                "height": 50
            }
        ]
    }
}