{
    "type": "dynamic",
    "settings": {
        "preprocessing": {
            "processing_steps": [
                {
                    "type": "blink_removing",
                    "settings": {
                        "blink_removing_percent": 0.1
                    }
                },
                {
                    "type": "background_closing",
                    "settings": {
                        "background_closing_wy": 3,
                        "background_closing_wx": 3
                    }
                },
                {
                    "type": "morphology_open",
                    "settings": {
                        "morphology_open_wy": 1,
                        "morphology_open_wx": 20
                    }
                },
                {
                    "type": "morphology_close",
                    "settings": {
                        "morphology_close_wy": 4,
                        "morphology_close_wx": 0
                    }
                },
                {
                    "type": "autocontrast",
                    "settings": {
                        "autocontrast_satur_white": 0.06,
                        "autocontrast_satur_black": 0.01
                    }
                },
                {
                    "type": "angle_detection",
                    "settings": {
                        "width_downscale": 0.5,
                        "height_downscale": 1.0
                    }
                }
            ],
            "settings": {}
        },
        "settings": {
            "grid_step_y": 1,
            "grid_step_x": 1,
            "gap_right": 10,
            "gap_left": 10,
            "gap_bot": 10,
            "gap_top": 6,
            "score_type": "otsu",
            "rejection_threshold": 0.15,
            "default_gap_dp_cost": 0.0,
            "default_gap_otsu_cost": 0.7,
            "local_otsu_window_wing": -1
        },
        "layout": [
            {
                "delta_height": 20,
                "line_type": "gap",
                "height": 25
            },
            {
                "line_type": "text",
                "height": 18,
                "delta_height": 10,
                "fields": [
                    {
                        "field_type": "gap",
                        "delta_width": 30,
                        "width": 45
                    },
                    {
                        "field_type": "text",
                        "cost": 1.0,
                        "field_name": "type",
                        "is_optional": false,
                        "delta_width": 25,
                        "width": 30
                    },
                    {
                        "field_type": "gap",
                        "delta_width": 30,
                        "width": 55
                    }
                ]
            },
            {
                "delta_height": 30,
                "line_type": "gap",
                "height": 30
            }
        ]
    }
}