{
    "type": "dynamic",
    "settings": {
        "preprocessing": {
            "processing_steps": [
                {
                    "type": "blink_removing",
                    "settings": {
                        "blink_removing_percent": 0.1
                    }
                },
                {
                    "type": "background_closing",
                    "settings": {
                        "background_closing_wy": 8,
                        "background_closing_wx": 4
                    }
                },
                {
                    "type": "morphology_open",
                    "settings": {
                        "morphology_open_wy": 1,
                        "morphology_open_wx": 22
                    }
                },
                {
                    "type": "morphology_close",
                    "settings": {
                        "morphology_close_wy": 5,
                        "morphology_close_wx": 0
                    }
                },
                {
                    "type": "autocontrast",
                    "settings": {
                        "autocontrast_satur_white": 0.3,
                        "autocontrast_satur_black": 0.02
                    }
                },
                {
                    "type": "angle_detection",
                    "settings": {
                        "width_downscale": 0.5,
                        "height_downscale": 1.0
                    }
                }
            ],
            "settings": {}
        },
        "settings": {
            "grid_step_y": 1,
            "grid_step_x": 1,
            "gap_right": 20,
            "gap_left": 18,
            "gap_bot": 8,
            "gap_top": 8,
            "score_type": "otsu",
            "rejection_threshold": 0.15,
            "default_gap_dp_cost": 0.0,
            "default_gap_otsu_cost": 0.7,
            "local_otsu_window_wing": -1
        },
        "layout": [
            {
                "delta_height": 40,
                "line_type": "gap",
                "height": 40
            },
            {
                "line_type": "text",
                "height": 35,
                "delta_height": 12,
                "fields": [
                    {
                        "field_type": "gap",
                        "delta_width": 15,
                        "width": 145
                    },
                    {
                        "field_type": "text",
                        "cost": 1,
                        "field_name": "passport_number",
                        "is_optional": false,
                        "delta_width": 25,
                        "width": 185
                    },
                    {
                        "field_type": "gap",
                        "delta_width": 20,
                        "width": 470
                    }
                ]
            },
            {
                "delta_height": 20,
                "line_type": "gap",
                "height": 35
            },
            {
                "line_type": "text",
                "height": 35,
                "delta_height": 15,
                "fields": [
                    {
                        "field_type": "gap",
                        "delta_width": 20,
                        "width": 45
                    },
                    {
                        "field_type": "text",
                        "cost": 1,
                        "field_name": "surname",
                        "is_optional": false,
                        "delta_width": 600,
                        "width": 600
                    },
                    {
                        "field_type": "gap",
                        "delta_width": 605,
                        "width": 710
                    }
                ]
            },
            {
                "delta_height": 17,
                "line_type": "gap",
                "height": 35
            },
            {
                "line_type": "text",
                "height": 35,
                "delta_height": 15,
                "fields": [
                    {
                        "field_type": "gap",
                        "delta_width": 60,
                        "width": 60
                    },
                    {
                        "field_type": "text",
                        "cost": 1.0,
                        "field_name": "name",
                        "is_optional": false,
                        "delta_width": 600,
                        "width": 600
                    },
                    {
                        "field_type": "gap",
                        "delta_width": 605,
                        "width": 710
                    }
                ]
            },
            {
                "delta_height": 15,
                "line_type": "gap",
                "height": 30
            },
            {
                "line_type": "text",
                "height": 30,
                "delta_height": 10,
                "fields": [
                    {
                        "field_type": "gap",
                        "delta_width": 20,
                        "width": 175
                    },
                    {
                        "field_type": "text",
                        "cost": 1,
                        "field_name": "type",
                        "is_optional": false,
                        "delta_width": 280,
                        "width": 300
                    },
                    {
                        "field_type": "gap",
                        "delta_width": 290,
                        "width": 590
                    }
                ]
            },
            {
                "delta_height": 12,
                "line_type": "gap",
                "height": 40
            },
            {
                "line_type": "text",
                "height": 35,
                "delta_height": 15,
                "fields": [
                    {
                        "field_type": "gap",
                        "delta_width": 25,
                        "width": 175
                    },
                    {
                        "field_type": "text",
                        "cost": 1,
                        "field_name": "entries_number",
                        "is_optional": false,
                        "delta_width": 180,
                        "width": 200
                    },
                    {
                        "field_type": "gap",
                        "delta_width": 190,
                        "width": 420
                    },
                    {
                        "field_type": "text",
                        "cost": 1,
                        "field_name": "duration",
                        "is_optional": false,
                        "delta_width": 80,
                        "width": 100
                    },
                    {
                        "field_type": "gap",
                        "delta_width": 90,
                        "width": 230
                    }
                ]
            },
            {
                "delta_height": 15,
                "line_type": "gap",
                "height": 35
            },
            {
                "line_type": "text",
                "height": 30,
                "delta_height": 10,
                "fields": [
                    {
                        "field_type": "gap",
                        "delta_width": 25,
                        "width": 175
                    },
                    {
                        "field_type": "text",
                        "cost": 1,
                        "field_name": "issue_date",
                        "is_optional": false,
                        "delta_width": 30,
                        "width": 155
                    },
                    {
                        "field_type": "gap",
                        "delta_width": 40,
                        "width": 200
                    },
                    {
                        "field_type": "text",
                        "cost": 1,
                        "field_name": "issue_place",
                        "is_optional": false,
                        "delta_width": 250,
                        "width": 270
                    },
                    {
                        "field_type": "gap",
                        "delta_width": 260,
                        "width": 300
                    }
                ]
            },
            {
                "delta_height": 15,
                "line_type": "gap",
                "height": 40
            },
            {
                "line_type": "text",
                "height": 35,
                "delta_height": 12,
                "fields": [
                    {
                        "field_type": "gap",
                        "delta_width": 25,
                        "width": 175
                    },
                    {
                        "field_type": "text",
                        "cost": 1,
                        "field_name": "entry_date",
                        "is_optional": false,
                        "delta_width": 30,
                        "width": 155
                    },
                    {
                        "field_type": "gap",
                        "delta_width": 40,
                        "width": 200
                    },
                    {
                        "field_type": "text",
                        "cost": 1,
                        "field_name": "until_date",
                        "is_optional": false,
                        "delta_width": 50,
                        "width": 205
                    },
                    {
                        "field_type": "gap",
                        "delta_width": 40,
                        "width": 120
                    }
                ]
            },
            {
                "delta_height": 15,
                "line_type": "gap",
                "height": 30
            },
            {
                "line_type": "text",
                "height": 25,
                "delta_height": 10,
                "fields": [
                    {
                        "field_type": "gap",
                        "delta_width": 300,
                        "width": 310
                    },
                    {
                        "field_type": "text",
                        "cost": 0.6,
                        "field_name": "remarks0",
                        "is_optional": true,
                        "delta_width": 600,
                        "width": 600
                    },
                    {
                        "field_type": "gap",
                        "delta_width": 605,
                        "width": 710
                    }
                ]
            },
            {
                "delta_height": 15,
                "line_type": "gap",
                "height": 20
            },
            {
                "line_type": "text",
                "height": 25,
                "delta_height": 10,
                "fields": [
                    {
                        "field_type": "gap",
                        "delta_width": 300,
                        "width": 310
                    },
                    {
                        "field_type": "text",
                        "cost": 0.6,
                        "field_name": "remarks1",
                        "is_optional": true,
                        "delta_width": 600,
                        "width": 600
                    },
                    {
                        "field_type": "gap",
                        "delta_width": 605,
                        "width": 710
                    }
                ]
            },
            {
                "delta_height": 15,
                "line_type": "gap",
                "height": 20
            },
            {
                "line_type": "text",
                "height": 25,
                "delta_height": 10,
                "fields": [
                    {
                        "field_type": "gap",
                        "delta_width": 300,
                        "width": 310
                    },
                    {
                        "field_type": "text",
                        "cost": 0.6,
                        "field_name": "remarks2",
                        "is_optional": true,
                        "delta_width": 600,
                        "width": 600
                    },
                    {
                        "field_type": "gap",
                        "delta_width": 605,
                        "width": 710
                    }
                ]
            },
            {
                "delta_height": 15,
                "line_type": "gap",
                "height": 20
            },
            {
                "line_type": "text",
                "height": 25,
                "delta_height": 10,
                "fields": [
                    {
                        "field_type": "gap",
                        "delta_width": 300,
                        "width": 310
                    },
                    {
                        "field_type": "text",
                        "cost": 0.6,
                        "field_name": "remarks3",
                        "is_optional": true,
                        "delta_width": 600,
                        "width": 600
                    },
                    {
                        "field_type": "gap",
                        "delta_width": 605,
                        "width": 710
                    }
                ]
            },
            {
                "delta_height": 35,
                "line_type": "gap",
                "height": 35
            }
        ]
    }
}