{
  "kgz.id.type2": {
    "(documentation)": {
      "description": "Kyrgyz ID card (the coat of arms of Kyrgyzstan in the top-left corner and biomentric symbol in the top-right corner, front side)", 
      "name": "Kyrgyz ID card"
    }, 
    "expected_templates": [], 
    "forensic_fields": [
      "check_cd_composite_mrz", 
      "check_cd_number_mrz", 
      "check_cd_birth_date_mrz", 
      "check_cd_expiry_date_mrz", 
      "check_birth_date", 
      "check_expiry_date", 
      "check_name", 
      "check_gender", 
      "check_surname", 
   
      "check_number"
    ], 
    "output_fields": [
      "photo", 
      "surname", 
      "name", 
      "surname_eng", 
      "name_eng", 
      "patronymic", 
      "gender", 
      "gender_eng", 
      "nationality", 
      "birth_date", 
      "signature", 
      "number", 
      "expiry_date", 
      "birth_place", 
      "authority", 
      "issue_date", 
      "id_number", 
      "full_mrz", 
      "mrz_doc_type_code", 
      "mrz_issuer", 
      "mrz_expiry_date", 
      "mrz_opt_data_1", 
      "mrz_opt_data_2", 
      "mrz_birth_date", 
      "mrz_nationality", 
      "mrz_line3", 
      "mrz_number", 
      "mrz_line1", 
      "mrz_gender", 
      "mrz_line2", 
      "mrz_last_name", 
      "mrz_name"
    ], 
    "postprocessors": [
      ":/postprocessor/mrz/mrz_postprocessor_slot.json", 
      ":/postprocessor/mrz/mrz_convention_renaming_slot_notype.json", 
      {
        "input_fields": ["surname"], 
        "postprocessor": "postprocessors/symbols_and_digits_replacer.json"
      }, 
      {
        "input_fields": ["name"], 
        "postprocessor": "postprocessors/symbols_and_digits_replacer.json"
      }, 
      {
        "input_fields": ["patronymic"], 
        "postprocessor": "postprocessors/symbols_and_digits_replacer.json"
      }, 
      {
        "input_fields": ["surname_eng"], 
        "postprocessor": "postprocessors/symbols_and_digits_replacer.json"
      }, 
      {
        "input_fields": ["name_eng"], 
        "postprocessor": "postprocessors/symbols_and_digits_replacer.json"
      }, 
      {
        "input_fields": ["nationality"], 
        "postprocessor": "postprocessors/symbols_and_digits_replacer.json"
      }, 
      {
        "input_fields": ["gender"], 
        "postprocessor": "postprocessors/id_type2_gender_postprocessor.json"
      }, 
      {
        "input_fields": ["gender"], 
        "output_fields": ["gender", "gender_eng"], 
        "postprocessor": "postprocessors/gender_separator.json"
      }, 
      {
        "input_fields": ["birth_place"], 
        "postprocessor": "postprocessors/id_type2_birth_place_postprocessor.json"
      }, 
      {
        "input_fields": ["nationality"], 
        "postprocessor": "postprocessors/id_type2_birth_place_postprocessor.json"
      }, 
      {
        "input_fields": ["birth_date"], 
        "postprocessor": ":/postprocessor/date/default_birth_date_DDMMYYYY_postprocessor.json"
      }, 
      {
        "input_fields": ["issue_date"], 
        "postprocessor": ":/postprocessor/date/default_issue_date_DDMMYYYY_postprocessor.json"
      }, 
      {
        "input_fields": ["expiry_date"], 
        "postprocessor": ":/postprocessor/date/default_expiry_date_DDMMYYYY_postprocessor.json"
      }, 
      {
        "input_fields": ["number"], 
        "postprocessor": "postprocessors/id_number_postprocessor.json"
      }, 
      {
        "input_fields": ["authority"], 
        "postprocessor": "postprocessors/id_authority_postprocessor.json"
      }, 
      ":/postprocessor/check_mrz/id_check_mrz_fields_postprocessor_slot_variant05.json"
    ], 
    "rejectors": {"__default__": ":/rejector/default_loyal_rejector.json"}, 
    "templates": {
      "kgz.id.type2:back": {"path": "tpl__kgz.id.type2.back.json"}, 
      "kgz.id.type2:front": {"path": "tpl__kgz.id.type2.front.json"}
    }
  }
}