{
  "kgz.passport.type1": {
    "(documentation)": {
      "description": "Kyrgyz passport (the coat of arms of Kyrgyzstan in the top-right corner near the small personal photo, main page)", 
      "name": "Kyrgyz passport", 
      "prado_link": "http://www.consilium.europa.eu/prado/en/KGZ-AO-01001/index.html"
    }, 
    "expected_templates": ["kgz.passport.type1:main"], 
    "forensic_fields": [
      "check_dates", 
      "check_number", 
      "check_last_name", 
      "check_name", 
      "check_gender", 
      "check_birth_date", 
      "check_expiry_date", 
      "check_cd_composite_mrz", 
      "check_cd_number_mrz", 
      "check_cd_birth_date_mrz", 
      "check_cd_opt_data_2_mrz", 
      "check_cd_expiry_date_mrz"
    ], 
    "output_fields": [
      "issue_date", 
      "last_name", 
      "last_name_eng", 
      "name", 
      "name_eng", 
      "id_number", 
      "gender", 
      "number", 
      "authority", 
      "authority_eng", 
      "expiry_date", 
      "birth_place", 
      "birth_place_eng", 
      "nationality", 
      "nationality_eng", 
      "photo", 
      "birth_date", 
      "signature", 
      "mrz_doc_type_code", 
      "mrz_birth_date", 
      "mrz_expiry_date", 
      "mrz_number", 
      "mrz_name", 
      "mrz_issuer", 
      "mrz_nationality", 
      "mrz_opt_data_2", 
      "mrz_last_name", 
      "mrz_line1", 
      "mrz_line2", 
      "full_mrz", 
      "mrz_gender", 
      "type"
    ], 
    "postprocessors": [
      ":/postprocessor/mrz/mrz_postprocessor_slot.json", 
      ":/postprocessor/mrz/mrz_convention_renaming_slot_notype.json", 
      {
        "input_fields": ["type"], 
        "postprocessor": ":/postprocessor/dict/passport_type_postprocessor.json"
      }, 
      {
        "input_fields": ["last_name"], 
        "postprocessor": "postprocessors/letters_alphabet_postprocessor.json"
      }, 
      {
        "input_fields": ["name"], 
        "postprocessor": "postprocessors/letters_alphabet_postprocessor.json"
      }, 
      {
        "input_fields": ["birth_place"], 
        "postprocessor": "postprocessors/passport_birth_place_postprocessor.json"
      }, 
      {
        "input_fields": ["birth_place"], 
        "postprocessor": "postprocessors/letters_alphabet_postprocessor.json"
      }, 
      {
        "input_fields": ["nationality"], 
        "postprocessor": "postprocessors/passport_citizenship_postprocessor.json"
      }, 
      {
        "input_fields": ["nationality"], 
        "postprocessor": "postprocessors/letters_alphabet_postprocessor.json"
      }, 
      {
        "input_fields": ["authority"], 
        "postprocessor": "postprocessors/letters_alphabet_postprocessor.json"
      }, 
      {"input_fields": ["gender"], "postprocessor": ":/postprocessor/dict/M_F.json"}, 
      {
        "input_fields": ["id_number"], 
        "postprocessor": ":/postprocessor/alphabet/digits_only_number_14_postprocessor.json"
      }, 
      {
        "input_fields": ["number"], 
        "postprocessor": ":/postprocessor/spaces_filter.json"
      }, 
      {
        "input_fields": ["number"], 
        "postprocessor": "postprocessors/passport_number_postprocessor.json"
      }, 
      {
        "input_fields": ["birth_date"], 
        "postprocessor": ":/postprocessor/date/default_birth_date_DDMMYYYY_postprocessor.json"
      }, 
      {
        "input_fields": ["issue_date"], 
        "postprocessor": ":/postprocessor/date/default_issue_date_DDMMYYYY_postprocessor.json"
      }, 
      {
        "input_fields": ["expiry_date"], 
        "postprocessor": ":/postprocessor/date/default_expiry_date_DDMMYYYY_postprocessor.json"
      }, 
      {
        "allow_incomplete_inputs": true, 
        "input_fields": ["nationality", "birth_place", "name", "last_name", "authority"], 
        "output_fields": [
          "nationality", 
          "nationality_eng", 
          "birth_place", 
          "birth_place_eng", 
          "name", 
          "name_eng", 
          "last_name", 
          "last_name_eng", 
          "authority", 
          "authority_eng"
        ], 
        "postprocessor": {
          "settings": {
            "cloning_map": {
              "authority": "authority_eng", 
              "birth_place": "birth_place_eng", 
              "last_name": "last_name_eng", 
              "name": "name_eng", 
              "nationality": "nationality_eng"
            }
          }, 
          "type": "clone"
        }
      }, 
      ":/postprocessor/check_dates_postprocessor_slot.json", 
      ":/postprocessor/passport_check_mrz_fields_postprocessor_slot.json"
    ], 
    "rejectors": {
      "__default__": ":/rejector/default_agressive_rejector.json", 
      "authority": ":/rejector/default_loyal_rejector.json", 
      "birth_place": ":/rejector/default_loyal_rejector.json", 
      "last_name": ":/rejector/default_loyal_rejector.json", 
      "name": ":/rejector/default_loyal_rejector.json", 
      "number": ":/rejector/default_loyal_rejector.json"
    }, 
    "templates": {
      "kgz.passport.type1:main": {"path": "tpl__kgz.passport.type1.main.json"}
    }
  }
}