{
  "kgz.vrc.type1": {
    "(documentation)": {
      "description": "Kyrgyz Vehicle Registration Certificate (the flag of Kyrgyzstan in the top-right corner, front side; the coat of arms of Kyrgyzstan in the bottom-right, back side)", 
      "name": "Kyrgyz Vehicle Registration Certificate"
    }, 
    "expected_templates": [], 
    "output_fields": [
      "plate", 
      "vin", 
      "class", 
      "capasity", 
      "number", 
      "model", 
      "type", 
      "engine", 
      "engine_capacity", 
      "cubic_capacity", 
      "colour", 
      "year_of_manufacture", 
      "chassis_number", 
      "car_body", 
      "max_mass", 
      "vehicle_mass", 
      "place_of_registration", 
      "authority", 
      "issue_date", 
      "holder", 
      "co_holder"
    ], 
    "postprocessors": [
      {
        "input_fields": ["issue_date"], 
        "postprocessor": ":/postprocessor/date/default_issue_date_DDMMYYYY_postprocessor.json"
      }, 
      {
        "input_fields": ["number"], 
        "postprocessor": ":/postprocessor/alphabet/digits_only_number_7_postprocessor.json"
      }
    ], 
    "rejectors": {"__default__": ":/rejector/default_loyal_rejector.json"}, 
    "templates": {
      "kgz.vrc.type1:back": {"path": "tpl__kgz.vrc.type1.back.json"}, 
      "kgz.vrc.type1:front": {"path": "tpl__kgz.vrc.type1.front.json"}
    }
  }
}