{
  "kgz.drvlic.type2": {
    "(documentation)": {
      "description": "Kyrgyz Driving License (Red inscription Kyrgyz Republic in the national language at the top, front side)", 
      "name": "Kyrgyz Driving License", 
      "prado_link": "https://www.consilium.europa.eu/prado/en/KGZ-FO-02001/index.html"
    }, 
    "expected_templates": ["kgz.drvlic.type1:front"], 
    "output_fields": [
      "number", 
      "categories", 
      "last_name", 
      "name", 
      "patronymic", 
      "birth_place", 
      "birth_date", 
      "issue_date", 
      "blood_type", 
      "glasses", 
      "authority", 
      "driving_experience", 
      "photo", 
      "signature"
    ], 
    "postprocessors": [
      {
        "input_fields": ["number"], 
        "postprocessor": ":/postprocessor/alphabet/digits_only_number_9_postprocessor.json"
      }, 
      {
        "input_fields": ["birth_date"], 
        "postprocessor": ":/postprocessor/date/default_birth_date_DDMMYYYY_postprocessor.json"
      }, 
      {
        "input_fields": ["issue_date"], 
        "postprocessor": ":/postprocessor/date/default_issue_date_DDMMYYYY_postprocessor.json"
      }, 
      {
        "input_fields": ["fio"], 
        "output_fields": ["last_name", "name", "patronymic"], 
        "postprocessor": "postprocessors/fio_splitter_postprocessor.json"
      }
    ], 
    "rejectors": {"__default__": ":/rejector/default_neutral_rejector.json"}, 
    "templates": {
      "kgz.drvlic.type2:back": {"path": "tpl__kgz.drvlic.type2.back.json"}, 
      "kgz.drvlic.type2:front": {"path": "tpl__kgz.drvlic.type2.front.json"}
    }
  }
}