{
  "name": "card.embossed:front",
  "size_mm": [
    85.6,
    54.0
  ],
  "size_px": [
    856,
    540
  ],
  "(sample)": "",
  "features": {
    "type": "cardreader",
    "content": {
      "number_rect": {
        "x": 0,
        "y": 265,
        "width": 856,
        "height": 110
      },
      "orientation_checker": {
        "type": "native",
        "settings": {
          "autocontrast": false,
          "recognizer_path": ":/recstr/special_nn/card_type.pb"
        }
      },
      "type_checker_recstr": ":/recstr/card_type_checker_recstr.json",
      "should_be_embossed": true,
      "geom_reject_thrsd": 0.8,
      "num_recog_recstr": ":/recstr/card_embossed_number_recstr.json"
    }
  }
}