{
    "type": "dynamic",
    "settings": {
        "preprocessing": {
            "processing_steps": [
                {
                    "type": "blink_removing",
                    "settings": {
                        "blink_removing_percent": 0.1
                    }
                },
                {
                    "type": "background_closing",
                    "settings": {
                        "background_closing_wy": 4,
                        "background_closing_wx": 4
                    }
                },
                {
                    "type": "morphology_open",
                    "settings": {
                        "morphology_open_wy": 2,
                        "morphology_open_wx": 12
                    }
                },
                {
                    "type": "autocontrast",
                    "settings": {
                        "autocontrast_satur_white": 0.05,
                        "autocontrast_satur_black": 0.02
                    }
                },
                {
                    "type": "angle_detection",
                    "settings": {
                        "width_downscale": 0.5,
                        "height_downscale": 1.0
                    }
                }
            ],
            "settings": {
                "threshold_additional": 0.1
            }
        },
        "settings": {
            "adapter_bot_padding": 25,
            "grid_step_y": 1,
            "grid_step_x": 1,
            "gap_right": 20,
            "gap_left": 13,
            "gap_bot": 6,
            "gap_top": 6,
            "score_type": "otsu",
            "rejection_threshold": 0.15,
            "default_gap_dp_cost": 0.0,
            "default_gap_otsu_cost": 0.3,
            "local_otsu_window_wing": 4
        },
        "layout": [
            {
                "delta_height": 35,
                "line_type": "gap",
                "height": 35
            },
            {
                "delta_height": 10,
                "line_type": "text",
                "height": 35,
                "fields": [
                    {
                        "field_type": "gap",
                        "delta_width": 15,
                        "width": 210
                    },
                    {
                        "field_type": "text",
                        "cost": 1.0,
                        "field_name": "series",
                        "is_optional": false,
                        "delta_width": 10,
                        "width": 50
                    },
                    {
                        "field_type": "gap",
                        "delta_width": 15,
                        "width": 145
                    },
                    {
                        "field_type": "text",
                        "cost": 1.0,
                        "field_name": "number",
                        "is_optional": false,
                        "delta_width": 10,
                        "width": 130
                    },
                    {
                        "field_type": "gap",
                        "delta_width": 15,
                        "width": 210
                    }
                ]
            },
            {
                "delta_height": 10,
                "line_type": "gap",
                "height": 15
            },
            {
                "delta_height": 10,
                "line_type": "text",
                "height": 35,
                "fields": [
                    {
                        "field_type": "gap",
                        "delta_width": 15,
                        "width": 320
                    },
                    {
                        "field_type": "text",
                        "cost": 1.0,
                        "field_name": "last_name",
                        "is_optional": false,
                        "delta_width": 405,
                        "width": 410
                    },
                    {
                        "field_type": "gap",
                        "delta_width": 405,
                        "width": 405
                    }
                ]
            },
            {
                "delta_height": 10,
                "line_type": "gap",
                "height": 15
            },
            {
                "delta_height": 10,
                "line_type": "text",
                "height": 35,
                "fields": [
                    {
                        "field_type": "gap",
                        "delta_width": 15,
                        "width": 320
                    },
                    {
                        "field_type": "text",
                        "cost": 1.0,
                        "field_name": "last_name_eng",
                        "is_optional": false,
                        "delta_width": 405,
                        "width": 410
                    },
                    {
                        "field_type": "gap",
                        "delta_width": 405,
                        "width": 405
                    }
                ]
            },
            {
                "delta_height": 10,
                "line_type": "gap",
                "height": 15
            },
            {
                "delta_height": 10,
                "line_type": "text",
                "height": 35,
                "fields": [
                    {
                        "field_type": "gap",
                        "delta_width": 15,
                        "width": 320
                    },
                    {
                        "field_type": "text",
                        "cost": 1.0,
                        "field_name": "name",
                        "is_optional": false,
                        "delta_width": 405,
                        "width": 410
                    },
                    {
                        "field_type": "gap",
                        "delta_width": 405,
                        "width": 405
                    }
                ]
            },
            {
                "delta_height": 10,
                "line_type": "gap",
                "height": 15
            },
            {
                "delta_height": 10,
                "line_type": "text",
                "height": 35,
                "fields": [
                    {
                        "field_type": "gap",
                        "delta_width": 15,
                        "width": 320
                    },
                    {
                        "field_type": "text",
                        "cost": 1.0,
                        "field_name": "name_eng",
                        "is_optional": false,
                        "delta_width": 405,
                        "width": 410
                    },
                    {
                        "field_type": "gap",
                        "delta_width": 405,
                        "width": 405
                    }
                ]
            },
            {
                "delta_height": 10,
                "line_type": "gap",
                "height": 15
            },
            {
                "delta_height": 10,
                "line_type": "text",
                "height": 35,
                "fields": [
                    {
                        "field_type": "gap",
                        "delta_width": 15,
                        "width": 320
                    },
                    {
                        "field_type": "text",
                        "cost": 1.0,
                        "field_name": "patronymic",
                        "is_optional": false,
                        "delta_width": 405,
                        "width": 410
                    },
                    {
                        "field_type": "gap",
                        "delta_width": 405,
                        "width": 405
                    }
                ]
            },
            {
                "delta_height": 10,
                "line_type": "gap",
                "height": 25
            },
            {
                "delta_height": 10,
                "line_type": "text",
                "height": 35,
                "fields": [
                    {
                        "field_type": "gap",
                        "delta_width": 20,
                        "width": 460
                    },
                    {
                        "field_type": "text",
                        "cost": 1.0,
                        "field_name": "birth_date",
                        "is_optional": false,
                        "delta_width": 10,
                        "width": 195
                    },
                    {
                        "field_type": "gap",
                        "delta_width": 15,
                        "width": 75
                    }
                ]
            },
            {
                "delta_height": 15,
                "line_type": "gap",
                "height": 30
            },
            {
                "delta_height": 10,
                "line_type": "text",
                "height": 35,
                "fields": [
                    {
                        "field_type": "gap",
                        "delta_width": 10,
                        "width": 40
                    },
                    {
                        "field_type": "text",
                        "cost": 1.0,
                        "field_name": "birth_place",
                        "is_optional": false,
                        "delta_width": 345,
                        "width": 345
                    },
                    {
                        "field_type": "gap",
                        "delta_width": 340,
                        "width": 675
                    }
                ]
            },
            {
                "delta_height": 10,
                "line_type": "gap",
                "height": 15
            },
            {
                "delta_height": 10,
                "line_type": "text",
                "height": 35,
                "fields": [
                    {
                        "field_type": "gap",
                        "delta_width": 10,
                        "width": 40
                    },
                    {
                        "field_type": "text",
                        "cost": 1.0,
                        "field_name": "birth_place_eng",
                        "is_optional": false,
                        "delta_width": 345,
                        "width": 345
                    },
                    {
                        "field_type": "gap",
                        "delta_width": 340,
                        "width": 675
                    }
                ]
            },
            {
                "delta_height": 10,
                "line_type": "gap",
                "height": 60
            },
            {
                "delta_height": 10,
                "line_type": "text",
                "height": 35,
                "fields": [
                    {
                        "field_type": "gap",
                        "delta_width": 10,
                        "width": 40
                    },
                    {
                        "field_type": "text",
                        "cost": 1.0,
                        "field_name": "address",
                        "is_optional": false,
                        "delta_width": 345,
                        "width": 345
                    },
                    {
                        "field_type": "gap",
                        "delta_width": 340,
                        "width": 675
                    }
                ]
            },
            {
                "delta_height": 10,
                "line_type": "gap",
                "height": 15
            },
            {
                "delta_height": 10,
                "line_type": "text",
                "height": 35,
                "fields": [
                    {
                        "field_type": "gap",
                        "delta_width": 10,
                        "width": 40
                    },
                    {
                        "field_type": "text",
                        "cost": 1.0,
                        "field_name": "address_eng",
                        "is_optional": false,
                        "delta_width": 345,
                        "width": 345
                    },
                    {
                        "field_type": "gap",
                        "delta_width": 340,
                        "width": 675
                    }
                ]
            },
            {
                "delta_height": 10,
                "line_type": "gap",
                "height": 70
            },
            {
                "delta_height": 10,
                "line_type": "text",
                "height": 35,
                "fields": [
                    {
                        "field_type": "gap",
                        "delta_width": 10,
                        "width": 40
                    },
                    {
                        "field_type": "text",
                        "cost": 1.0,
                        "field_name": "issue_date",
                        "is_optional": false,
                        "delta_width": 10,
                        "width": 200
                    },
                    {
                        "field_type": "gap",
                        "delta_width": 15,
                        "width": 495
                    }
                ]
            },
            {
                "delta_height": 10,
                "line_type": "gap",
                "height": 85
            },
            {
                "delta_height": 10,
                "line_type": "text",
                "height": 35,
                "fields": [
                    {
                        "field_type": "gap",
                        "delta_width": 10,
                        "width": 40
                    },
                    {
                        "field_type": "text",
                        "cost": 1.0,
                        "field_name": "expiry_date",
                        "is_optional": false,
                        "delta_width": 10,
                        "width": 200
                    },
                    {
                        "field_type": "gap",
                        "delta_width": 15,
                        "width": 495
                    }
                ]
            },
            {
                "delta_height": 40,
                "line_type": "gap",
                "height": 40
            }
        ]
    }
}