{
    "type": "dynamic",
    "settings": {
        "preprocessing": {
            "processing_steps": [
                {
                    "type": "blink_removing",
                    "settings": {
                        "blink_removing_percent": 0.1
                    }
                },
                {
                    "type": "background_closing",
                    "settings": {
                        "background_closing_wy": 4,
                        "background_closing_wx": 4
                    }
                },
                {
                    "type": "morphology_open",
                    "settings": {
                        "morphology_open_wy": 2,
                        "morphology_open_wx": 12
                    }
                },
                {
                    "type": "autocontrast",
                    "settings": {
                        "autocontrast_satur_white": 0.05,
                        "autocontrast_satur_black": 0.02
                    }
                },
                {
                    "type": "angle_detection",
                    "settings": {
                        "width_downscale": 0.5,
                        "height_downscale": 1.0
                    }
                }
            ],
            "settings": {
                "threshold_additional": 0.1
            }
        },
        "settings": {
            "adapter_bot_padding": 25,
            "grid_step_y": 1,
            "grid_step_x": 1,
            "gap_right": 20,
            "gap_left": 13,
            "gap_bot": 6,
            "gap_top": 6,
            "score_type": "otsu",
            "rejection_threshold": 0.15,
            "default_gap_dp_cost": 0.0,
            "default_gap_otsu_cost": 0.3,
            "local_otsu_window_wing": 4
        },
        "layout": [
            {
                "delta_height": 55,
                "line_type": "gap",
                "height": 55
            },
            {
                "delta_height": 9,
                "fields": [
                    {
                        "field_type": "gap",
                        "delta_width": 30,
                        "width": 75
                    },
                    {
                        "field_type": "text",
                        "cost": 1.0,
                        "field_name": "last_name",
                        "is_optional": false,
                        "delta_width": 430,
                        "width": 450
                    },
                    {
                        "field_type": "gap",
                        "delta_width": 430,
                        "width": 450
                    }
                ],
                "line_type": "text",
                "height": 27
            },
            {
                "delta_height": 8,
                "line_type": "gap",
                "height": 8
            },
            {
                "delta_height": 8,
                "fields": [
                    {
                        "field_type": "gap",
                        "delta_width": 30,
                        "width": 75
                    },
                    {
                        "field_type": "text",
                        "cost": 1.0,
                        "field_name": "last_name_eng",
                        "is_optional": false,
                        "delta_width": 430,
                        "width": 450
                    },
                    {
                        "field_type": "gap",
                        "delta_width": 430,
                        "width": 450
                    }
                ],
                "line_type": "text",
                "height": 25
            },
            {
                "delta_height": 10,
                "line_type": "gap",
                "height": 26
            },
            {
                "delta_height": 9,
                "fields": [
                    {
                        "field_type": "gap",
                        "delta_width": 30,
                        "width": 75
                    },
                    {
                        "field_type": "text",
                        "cost": 1.0,
                        "field_name": "name_and_patronymic_rus",
                        "is_optional": false,
                        "delta_width": 430,
                        "width": 450
                    },
                    {
                        "field_type": "gap",
                        "delta_width": 430,
                        "width": 450
                    }
                ],
                "line_type": "text",
                "height": 27
            },
            {
                "delta_height": 8,
                "line_type": "gap",
                "height": 8
            },
            {
                "delta_height": 8,
                "fields": [
                    {
                        "field_type": "gap",
                        "delta_width": 30,
                        "width": 75
                    },
                    {
                        "field_type": "text",
                        "cost": 1.0,
                        "field_name": "name_eng",
                        "is_optional": false,
                        "delta_width": 430,
                        "width": 450
                    },
                    {
                        "field_type": "gap",
                        "delta_width": 430,
                        "width": 450
                    }
                ],
                "line_type": "text",
                "height": 25
            },
            {
                "delta_height": 10,
                "line_type": "gap",
                "height": 33
            },
            {
                "delta_height": 9,
                "fields": [
                    {
                        "field_type": "gap",
                        "delta_width": 30,
                        "width": 75
                    },
                    {
                        "field_type": "text",
                        "cost": 1.0,
                        "field_name": "birth_date",
                        "is_optional": false,
                        "delta_width": 20,
                        "width": 120
                    },
                    {
                        "field_type": "gap",
                        "delta_width": 20,
                        "width": 45
                    },
                    {
                        "field_type": "text",
                        "cost": 1.0,
                        "field_name": "birth_place",
                        "is_optional": false,
                        "delta_width": 270,
                        "width": 300
                    },
                    {
                        "field_type": "gap",
                        "delta_width": 270,
                        "width": 300
                    }
                ],
                "line_type": "text",
                "height": 27
            },
            {
                "delta_height": 5,
                "line_type": "gap",
                "height": 8
            },
            {
                "delta_height": 8,
                "fields": [
                    {
                        "field_type": "gap",
                        "delta_width": 40,
                        "width": 225
                    },
                    {
                        "field_type": "text",
                        "cost": 1,
                        "field_name": "birth_place_eng",
                        "is_optional": false,
                        "delta_width": 270,
                        "width": 300
                    },
                    {
                        "field_type": "gap",
                        "delta_width": 270,
                        "width": 300
                    }
                ],
                "line_type": "text",
                "height": 25
            },
            {
                "delta_height": 5,
                "line_type": "gap",
                "height": 10
            },
            {
                "delta_height": 9,
                "fields": [
                    {
                        "field_type": "gap",
                        "delta_width": 30,
                        "width": 75
                    },
                    {
                        "field_type": "text",
                        "cost": 1,
                        "field_name": "issue_date",
                        "is_optional": false,
                        "delta_width": 20,
                        "width": 130
                    },
                    {
                        "field_type": "gap",
                        "delta_width": 10,
                        "width": 165
                    },
                    {
                        "field_type": "text",
                        "cost": 1,
                        "field_name": "expiry_date",
                        "is_optional": false,
                        "delta_width": 20,
                        "width": 130
                    },
                    {
                        "field_type": "gap",
                        "delta_width": 30,
                        "width": 90
                    }
                ],
                "line_type": "text",
                "height": 27
            },
            {
                "delta_height": 10,
                "line_type": "gap",
                "height": 35
            },
            {
                "delta_height": 9,
                "fields": [
                    {
                        "field_type": "gap",
                        "delta_width": 20,
                        "width": 75
                    },
                    {
                        "field_type": "text",
                        "cost": 1,
                        "field_name": "authority",
                        "is_optional": false,
                        "delta_width": 400,
                        "width": 460
                    },
                    {
                        "field_type": "gap",
                        "delta_width": 380,
                        "width": 400
                    }
                ],
                "line_type": "text",
                "height": 27
            },
            {
                "delta_height": 5,
                "line_type": "gap",
                "height": 10
            },
            {
                "delta_height": 8,
                "fields": [
                    {
                        "field_type": "gap",
                        "delta_width": 20,
                        "width": 75
                    },
                    {
                        "field_type": "text",
                        "cost": 1,
                        "field_name": "authority_eng",
                        "is_optional": false,
                        "delta_width": 400,
                        "width": 460
                    },
                    {
                        "field_type": "gap",
                        "delta_width": 350,
                        "width": 400
                    }
                ],
                "line_type": "text",
                "height": 25
            },
            {
                "delta_height": 5,
                "line_type": "gap",
                "height": 15
            },
            {
                "delta_height": 9,
                "fields": [
                    {
                        "field_type": "gap",
                        "delta_width": 30,
                        "width": 75
                    },
                    {
                        "field_type": "text",
                        "cost": 1,
                        "field_name": "number",
                        "is_optional": false,
                        "delta_width": 50,
                        "width": 150,
                        "gap_bot": 2
                    },
                    {
                        "field_type": "gap",
                        "delta_width": 100,
                        "width": 360
                    }
                ],
                "line_type": "text",
                "height": 27
            },
            {
                "delta_height": 80,
                "line_type": "gap",
                "height": 80
            }
        ]
    }
}