{
    "type": "dynamic",
    "settings": {
        "preprocessing": {
            "processing_steps": [
                {
                    "type": "blink_removing",
                    "settings": {
                        "blink_removing_percent": 0.1
                    }
                },
                {
                    "type": "background_closing",
                    "settings": {
                        "background_closing_wy": 4,
                        "background_closing_wx": 4
                    }
                },
                {
                    "type": "morphology_open",
                    "settings": {
                        "morphology_open_wy": 2,
                        "morphology_open_wx": 12
                    }
                },
                {
                    "type": "autocontrast",
                    "settings": {
                        "autocontrast_satur_white": 0.05,
                        "autocontrast_satur_black": 0.02
                    }
                },
                {
                    "type": "angle_detection",
                    "settings": {
                        "width_downscale": 0.5,
                        "height_downscale": 1.0
                    }
                }
            ],
            "settings": {
                "threshold_additional": 0.1
            }
        },
        "settings": {
            "adapter_bot_padding": 25,
            "grid_step_y": 1,
            "grid_step_x": 1,
            "gap_right": 20,
            "gap_left": 13,
            "gap_bot": 4,
            "gap_top": 6,
            "score_type": "otsu",
            "rejection_threshold": 0.15,
            "default_gap_dp_cost": 0.0,
            "default_gap_otsu_cost": 0.3,
            "local_otsu_window_wing": 4
        },
        "layout": [
            {
                "delta_height": 10,
                "line_type": "gap",
                "height": 40
            },
            {
                "delta_height": 10,
                "fields": [
                    {
                        "field_type": "gap",
                        "delta_width": 30,
                        "width": 90
                    },
                    {
                        "field_type": "text",
                        "cost": 1.0,
                        "field_name": "number",
                        "is_optional": false,
                        "delta_width": 10,
                        "width": 155
                    },
                    {
                        "field_type": "gap",
                        "delta_width": 15,
                        "width": 200
                    }
                ],
                "line_type": "text",
                "height": 25
            },
            {
                "delta_height": 8,
                "line_type": "gap",
                "height": 26
            },
            {
                "delta_height": 8,
                "fields": [
                    {
                        "field_type": "gap",
                        "delta_width": 10,
                        "width": 60
                    },
                    {
                        "field_type": "text",
                        "cost": 1.0,
                        "field_name": "surname_rus",
                        "is_optional": false,
                        "delta_width": 370,
                        "width": 375
                    },
                    {
                        "field_type": "gap",
                        "delta_width": 370,
                        "width": 370
                    }
                ],
                "line_type": "text",
                "height": 26
            },
            {
                "delta_height": 10,
                "line_type": "gap",
                "height": 15
            },
            {
                "delta_height": 8,
                "fields": [
                    {
                        "field_type": "gap",
                        "delta_width": 10,
                        "width": 60
                    },
                    {
                        "field_type": "text",
                        "cost": 1.0,
                        "field_name": "surname",
                        "is_optional": false,
                        "delta_width": 370,
                        "width": 375
                    },
                    {
                        "field_type": "gap",
                        "delta_width": 370,
                        "width": 370
                    }
                ],
                "line_type": "text",
                "height": 26
            },
            {
                "delta_height": 10,
                "line_type": "gap",
                "height": 15
            },
            {
                "delta_height": 8,
                "fields": [
                    {
                        "field_type": "gap",
                        "delta_width": 10,
                        "width": 60
                    },
                    {
                        "field_type": "text",
                        "cost": 1.0,
                        "field_name": "surname_eng",
                        "is_optional": false,
                        "delta_width": 370,
                        "width": 375
                    },
                    {
                        "field_type": "gap",
                        "delta_width": 370,
                        "width": 370
                    }
                ],
                "line_type": "text",
                "height": 26
            },
            {
                "delta_height": 10,
                "line_type": "gap",
                "height": 20
            },
            {
                "delta_height": 8,
                "fields": [
                    {
                        "field_type": "gap",
                        "delta_width": 10,
                        "width": 60
                    },
                    {
                        "field_type": "text",
                        "cost": 1.0,
                        "field_name": "name_rus",
                        "is_optional": false,
                        "delta_width": 370,
                        "width": 375
                    },
                    {
                        "field_type": "gap",
                        "delta_width": 370,
                        "width": 370
                    }
                ],
                "line_type": "text",
                "height": 26
            },
            {
                "delta_height": 10,
                "line_type": "gap",
                "height": 15
            },
            {
                "delta_height": 8,
                "fields": [
                    {
                        "field_type": "gap",
                        "delta_width": 10,
                        "width": 60
                    },
                    {
                        "field_type": "text",
                        "cost": 1.0,
                        "field_name": "name",
                        "is_optional": false,
                        "delta_width": 370,
                        "width": 375
                    },
                    {
                        "field_type": "gap",
                        "delta_width": 370,
                        "width": 370
                    }
                ],
                "line_type": "text",
                "height": 26
            },
            {
                "delta_height": 10,
                "line_type": "gap",
                "height": 15
            },
            {
                "delta_height": 8,
                "fields": [
                    {
                        "field_type": "gap",
                        "delta_width": 10,
                        "width": 60
                    },
                    {
                        "field_type": "text",
                        "cost": 1.0,
                        "field_name": "name_eng",
                        "is_optional": false,
                        "delta_width": 370,
                        "width": 375
                    },
                    {
                        "field_type": "gap",
                        "delta_width": 370,
                        "width": 370
                    }
                ],
                "line_type": "text",
                "height": 26
            },
            {
                "delta_height": 15,
                "line_type": "gap",
                "height": 20
            },
            {
                "delta_height": 8,
                "fields": [
                    {
                        "field_type": "gap",
                        "delta_width": 10,
                        "width": 60
                    },
                    {
                        "field_type": "text",
                        "cost": 1.0,
                        "field_name": "patronymic_rus",
                        "is_optional": false,
                        "delta_width": 370,
                        "width": 375
                    },
                    {
                        "field_type": "gap",
                        "delta_width": 370,
                        "width": 370
                    }
                ],
                "line_type": "text",
                "height": 26
            },
            {
                "delta_height": 10,
                "line_type": "gap",
                "height": 15
            },
            {
                "delta_height": 8,
                "fields": [
                    {
                        "field_type": "gap",
                        "delta_width": 10,
                        "width": 60
                    },
                    {
                        "field_type": "text",
                        "cost": 1.0,
                        "field_name": "patronymic",
                        "is_optional": false,
                        "delta_width": 370,
                        "width": 375
                    },
                    {
                        "field_type": "gap",
                        "delta_width": 370,
                        "width": 370
                    }
                ],
                "line_type": "text",
                "height": 26
            },
            {
                "delta_height": 10,
                "line_type": "gap",
                "height": 20
            },
            {
                "delta_height": 8,
                "fields": [
                    {
                        "field_type": "gap",
                        "delta_width": 10,
                        "width": 125
                    },
                    {
                        "field_type": "text",
                        "cost": 1.0,
                        "field_name": "personal_number",
                        "is_optional": false,
                        "delta_width": 10,
                        "width": 215
                    },
                    {
                        "field_type": "gap",
                        "delta_width": 10,
                        "width": 100
                    }
                ],
                "line_type": "text",
                "height": 26
            },
            {
                "delta_height": 10,
                "line_type": "gap",
                "height": 35
            },
            {
                "delta_height": 8,
                "fields": [
                    {
                        "field_type": "gap",
                        "delta_width": 10,
                        "width": 105
                    },
                    {
                        "field_type": "text",
                        "cost": 1.0,
                        "field_name": "birth_date",
                        "is_optional": false,
                        "delta_width": 10,
                        "width": 145
                    },
                    {
                        "field_type": "gap",
                        "delta_width": 10,
                        "width": 190
                    }
                ],
                "line_type": "text",
                "height": 26
            },
            {
                "delta_height": 10,
                "line_type": "gap",
                "height": 40
            },
            {
                "delta_height": 8,
                "fields": [
                    {
                        "field_type": "gap",
                        "delta_width": 10,
                        "width": 105
                    },
                    {
                        "field_type": "text",
                        "cost": 1.0,
                        "field_name": "expiry_date",
                        "is_optional": false,
                        "delta_width": 10,
                        "width": 145
                    },
                    {
                        "field_type": "gap",
                        "delta_width": 10,
                        "width": 190
                    }
                ],
                "line_type": "text",
                "height": 26
            },
            {
                "delta_height": 40,
                "line_type": "gap",
                "height": 40
            }
        ]
    }
}