{
    "type": "dynamic",
    "settings": {
        "preprocessing": {
            "processing_steps": [
                {
                    "type": "blink_removing",
                    "settings": {
                        "blink_removing_percent": 0.1
                    }
                },
                {
                    "type": "background_closing",
                    "settings": {
                        "background_closing_wy": 4,
                        "background_closing_wx": 4
                    }
                },
                {
                    "type": "morphology_open",
                    "settings": {
                        "morphology_open_wy": 1,
                        "morphology_open_wx": 13
                    }
                },
                {
                    "type": "morphology_close",
                    "settings": {
                        "morphology_close_wy": 6,
                        "morphology_close_wx": 0
                    }
                },
                {
                    "type": "autocontrast",
                    "settings": {
                        "autocontrast_satur_white": 0.05,
                        "autocontrast_satur_black": 0.02
                    }
                },
                {
                    "type": "angle_detection",
                    "settings": {
                        "width_downscale": 0.5,
                        "height_downscale": 1.0
                    }
                }
            ],
            "settings": {
                "threshold_additional": 0.1
            }
        },
        "settings": {
            "adapter_bot_padding": 25,
            "grid_step_y": 1,
            "grid_step_x": 1,
            "gap_right": 16,
            "gap_left": 13,
            "gap_bot": 6,
            "gap_top": 8,
            "score_type": "otsu",
            "rejection_threshold": 0.15,
            "default_gap_dp_cost": 0.0,
            "default_gap_otsu_cost": 0.3,
            "local_otsu_window_wing": 4
        },
        "layout": [
            {
                "delta_height": 30,
                "line_type": "gap",
                "height": 40
            },
            {
                "delta_height": 6,
                "fields": [
                    {
                        "field_type": "gap",
                        "delta_width": 45,
                        "width": 45
                    },
                    {
                        "field_type": "text",
                        "cost": 1.0,
                        "field_name": "type",
                        "is_optional": false,
                        "delta_width": 20,
                        "width": 40
                    },
                    {
                        "field_type": "gap",
                        "delta_width": 70,
                        "width": 310
                    },
                    {
                        "field_type": "text",
                        "cost": 1.0,
                        "field_name": "number",
                        "is_optional": false,
                        "delta_width": 30,
                        "width": 150,
                        "gap_right": 35,
                        "gap_bot": 12,
                        "gap_top": 4,
                        "gap_left": 25
                    },
                    {
                        "field_type": "gap",
                        "delta_width": 20,
                        "width": 90
                    }
                ],
                "line_type": "text",
                "height": 17,
                "delta_height": 5
            },
            {
                "delta_height": 10,
                "line_type": "gap",
                "height": 30
            },
            {
                "delta_height": 6,
                "fields": [
                    {
                        "field_type": "gap",
                        "delta_width": 40,
                        "width": 60
                    },
                    {
                        "field_type": "text",
                        "cost": 1.0,
                        "field_name": "last_name",
                        "is_optional": false,
                        "delta_width": 420,
                        "width": 450
                    },
                    {
                        "field_type": "gap",
                        "delta_width": 450,
                        "width": 500
                    }
                ],
                "line_type": "text",
                "height": 21
            },
            {
                "delta_height": 10,
                "line_type": "gap",
                "height": 30
            },
            {
                "delta_height": 6,
                "fields": [
                    {
                        "field_type": "gap",
                        "delta_width": 40,
                        "width": 60
                    },
                    {
                        "field_type": "text",
                        "cost": 1.0,
                        "field_name": "name",
                        "is_optional": false,
                        "delta_width": 420,
                        "width": 450
                    },
                    {
                        "field_type": "gap",
                        "delta_width": 450,
                        "width": 500
                    }
                ],
                "line_type": "text",
                "height": 21
            },
            {
                "delta_height": 10,
                "line_type": "gap",
                "height": 30
            },
            {
                "delta_height": 6,
                "fields": [
                    {
                        "field_type": "gap",
                        "delta_width": 20,
                        "width": 40
                    },
                    {
                        "field_type": "text",
                        "cost": 1.0,
                        "field_name": "nationality",
                        "is_optional": false,
                        "delta_width": 420,
                        "width": 450
                    },
                    {
                        "field_type": "gap",
                        "delta_width": 450,
                        "width": 500
                    }
                ],
                "line_type": "text",
                "height": 21
            },
            {
                "delta_height": 10,
                "line_type": "gap",
                "height": 30
            },
            {
                "delta_height": 6,
                "fields": [
                    {
                        "field_type": "gap",
                        "delta_width": 40,
                        "width": 60
                    },
                    {
                        "field_type": "text",
                        "cost": 1.0,
                        "field_name": "birth_date",
                        "is_optional": false,
                        "delta_width": 35,
                        "width": 160
                    },
                    {
                        "field_type": "gap",
                        "delta_width": 45,
                        "width": 145
                    },
                    {
                        "field_type": "text",
                        "cost": 1.0,
                        "field_name": "id_number",
                        "is_optional": false,
                        "delta_width": 20,
                        "width": 240,
                        "gap_top": 2
                    },
                    {
                        "field_type": "gap",
                        "delta_width": 70,
                        "width": 80
                    }
                ],
                "line_type": "text",
                "height": 21
            },
            {
                "delta_height": 10,
                "line_type": "gap",
                "height": 30
            },
            {
                "delta_height": 6,
                "fields": [
                    {
                        "field_type": "gap",
                        "delta_width": 30,
                        "width": 50
                    },
                    {
                        "field_type": "text",
                        "cost": 1,
                        "field_name": "gender",
                        "is_optional": false,
                        "delta_width": 18,
                        "width": 20
                    },
                    {
                        "field_type": "gap",
                        "delta_width": 85,
                        "width": 140
                    },
                    {
                        "field_type": "text",
                        "cost": 1,
                        "field_name": "birth_place",
                        "is_optional": false,
                        "delta_width": 340,
                        "width": 375
                    },
                    {
                        "field_type": "gap",
                        "delta_width": 320,
                        "width": 355
                    }
                ],
                "line_type": "text",
                "height": 21
            },
            {
                "delta_height": 10,
                "line_type": "gap",
                "height": 30
            },
            {
                "delta_height": 10,
                "fields": [
                    {
                        "field_type": "gap",
                        "delta_width": 40,
                        "width": 60
                    },
                    {
                        "field_type": "text",
                        "cost": 1,
                        "field_name": "issue_date",
                        "is_optional": false,
                        "delta_width": 35,
                        "width": 160
                    },
                    {
                        "field_type": "gap",
                        "delta_width": 20,
                        "width": 135
                    },
                    {
                        "field_type": "text",
                        "cost": 1,
                        "field_name": "authority",
                        "is_optional": false,
                        "delta_width": 230,
                        "width": 250
                    },
                    {
                        "field_type": "gap",
                        "delta_width": 215,
                        "width": 235
                    }
                ],
                "line_type": "text",
                "height": 21
            },
            {
                "delta_height": 6,
                "line_type": "gap",
                "height": 13
            },
            {
                "delta_height": 6,
                "fields": [
                    {
                        "field_type": "gap",
                        "delta_width": 40,
                        "width": 335
                    },
                    {
                        "field_type": "text",
                        "cost": 0.6,
                        "field_name": "authority1",
                        "is_optional": true,
                        "delta_width": 220,
                        "width": 260
                    },
                    {
                        "field_type": "gap",
                        "delta_width": 215,
                        "width": 235
                    }
                ],
                "line_type": "text",
                "height": 19
            },
            {
                "delta_height": 2,
                "line_type": "gap",
                "height": 2
            },
            {
                "delta_height": 6,
                "fields": [
                    {
                        "field_type": "gap",
                        "delta_width": 40,
                        "width": 60
                    },
                    {
                        "field_type": "text",
                        "cost": 1,
                        "field_name": "expiry_date",
                        "is_optional": false,
                        "delta_width": 35,
                        "width": 160
                    },
                    {
                        "field_type": "gap",
                        "delta_width": 50,
                        "width": 400
                    }
                ],
                "line_type": "text",
                "height": 21
            },
            {
                "delta_height": 50,
                "line_type": "gap",
                "height": 100
            }
        ]
    }
}