{
    "type": "dynamic",
    "settings": {
        "preprocessing": {
            "processing_steps": [
                {
                    "type": "blink_removing",
                    "settings": {
                        "blink_removing_percent": 0.1
                    }
                },
                {
                    "type": "background_closing",
                    "settings": {
                        "background_closing_wy": 5,
                        "background_closing_wx": 5
                    }
                },
                {
                    "type": "morphology_open",
                    "settings": {
                        "morphology_open_wy": 0,
                        "morphology_open_wx": 8
                    }
                },
                {
                    "type": "morphology_close",
                    "settings": {
                        "morphology_close_wy": 3,
                        "morphology_close_wx": 0
                    }
                },
                {
                    "type": "autocontrast",
                    "settings": {
                        "autocontrast_satur_white": 0.05,
                        "autocontrast_satur_black": 0.0
                    }
                },
                {
                    "type": "angle_detection",
                    "settings": {
                        "width_downscale": 0.5,
                        "height_downscale": 1.0
                    }
                }
            ],
            "settings": {}
        },
        "settings": {
            "grid_step_y": 1,
            "grid_step_x": 1,
            "gap_right": 5,
            "gap_left": 5,
            "gap_bot": 5,
            "gap_top": 5,
            "score_type": "otsu",
            "rejection_threshold": 0.15,
            "default_gap_dp_cost": 0.0,
            "default_gap_otsu_cost": 0.7,
            "local_otsu_window_wing": -1
        },
        "layout": [
            {
                "delta_height": 25,
                "line_type": "gap",
                "height": 40
            },
            {
                "line_type": "text",
                "height": 20,
                "delta_height": 6,
                "fields": [
                    {
                        "field_type": "gap",
                        "delta_width": 15,
                        "width": 135
                    },
                    {
                        "field_type": "text",
                        "cost": 0.6,
                        "field_name": "issue_date_category_a1",
                        "is_optional": true,
                        "delta_width": 10,
                        "width": 95
                    },
                    {
                        "field_type": "gap",
                        "delta_width": 10,
                        "width": 30
                    },
                    {
                        "field_type": "text",
                        "cost": 0.6,
                        "field_name": "expiry_date_category_a1",
                        "is_optional": true,
                        "delta_width": 10,
                        "width": 95
                    },
                    {
                        "field_type": "gap",
                        "delta_width": 10,
                        "width": 30
                    },
                    {
                        "field_type": "text",
                        "cost": 0.6,
                        "field_name": "restrictions_category_a1",
                        "is_optional": true,
                        "delta_width": 100,
                        "width": 120
                    },
                    {
                        "field_type": "gap",
                        "delta_width": 100,
                        "width": 120
                    }
                ]
            },
            {
                "delta_height": 10,
                "line_type": "gap",
                "height": 25
            },
            {
                "line_type": "text",
                "height": 20,
                "delta_height": 6,
                "fields": [
                    {
                        "field_type": "gap",
                        "delta_width": 15,
                        "width": 135
                    },
                    {
                        "field_type": "text",
                        "cost": 0.6,
                        "field_name": "issue_date_category_a",
                        "is_optional": true,
                        "delta_width": 10,
                        "width": 95
                    },
                    {
                        "field_type": "gap",
                        "delta_width": 10,
                        "width": 30
                    },
                    {
                        "field_type": "text",
                        "cost": 0.6,
                        "field_name": "expiry_date_category_a",
                        "is_optional": true,
                        "delta_width": 10,
                        "width": 95
                    },
                    {
                        "field_type": "gap",
                        "delta_width": 10,
                        "width": 30
                    },
                    {
                        "field_type": "text",
                        "cost": 0.6,
                        "field_name": "restrictions_category_a",
                        "is_optional": true,
                        "delta_width": 100,
                        "width": 120
                    },
                    {
                        "field_type": "gap",
                        "delta_width": 100,
                        "width": 120
                    }
                ]
            },
            {
                "delta_height": 10,
                "line_type": "gap",
                "height": 25
            },
            {
                "line_type": "text",
                "height": 20,
                "delta_height": 6,
                "fields": [
                    {
                        "field_type": "gap",
                        "delta_width": 15,
                        "width": 135
                    },
                    {
                        "field_type": "text",
                        "cost": 0.6,
                        "field_name": "issue_date_category_b",
                        "is_optional": true,
                        "delta_width": 10,
                        "width": 95
                    },
                    {
                        "field_type": "gap",
                        "delta_width": 10,
                        "width": 30
                    },
                    {
                        "field_type": "text",
                        "cost": 0.6,
                        "field_name": "expiry_date_category_b",
                        "is_optional": true,
                        "delta_width": 10,
                        "width": 95
                    },
                    {
                        "field_type": "gap",
                        "delta_width": 10,
                        "width": 30
                    },
                    {
                        "field_type": "text",
                        "cost": 0.6,
                        "field_name": "restrictions_category_b",
                        "is_optional": true,
                        "delta_width": 100,
                        "width": 120
                    },
                    {
                        "field_type": "gap",
                        "delta_width": 100,
                        "width": 120
                    }
                ]
            },
            {
                "delta_height": 10,
                "line_type": "gap",
                "height": 25
            },
            {
                "line_type": "text",
                "height": 20,
                "delta_height": 6,
                "fields": [
                    {
                        "field_type": "gap",
                        "delta_width": 15,
                        "width": 135
                    },
                    {
                        "field_type": "text",
                        "cost": 0.6,
                        "field_name": "issue_date_category_c",
                        "is_optional": true,
                        "delta_width": 10,
                        "width": 95
                    },
                    {
                        "field_type": "gap",
                        "delta_width": 10,
                        "width": 30
                    },
                    {
                        "field_type": "text",
                        "cost": 0.6,
                        "field_name": "expiry_date_category_c",
                        "is_optional": true,
                        "delta_width": 10,
                        "width": 95
                    },
                    {
                        "field_type": "gap",
                        "delta_width": 10,
                        "width": 30
                    },
                    {
                        "field_type": "text",
                        "cost": 0.6,
                        "field_name": "restrictions_category_c",
                        "is_optional": true,
                        "delta_width": 100,
                        "width": 120
                    },
                    {
                        "field_type": "gap",
                        "delta_width": 100,
                        "width": 120
                    }
                ]
            },
            {
                "delta_height": 10,
                "line_type": "gap",
                "height": 25
            },
            {
                "line_type": "text",
                "height": 20,
                "delta_height": 6,
                "fields": [
                    {
                        "field_type": "gap",
                        "delta_width": 15,
                        "width": 135
                    },
                    {
                        "field_type": "text",
                        "cost": 0.6,
                        "field_name": "issue_date_category_d",
                        "is_optional": true,
                        "delta_width": 10,
                        "width": 95
                    },
                    {
                        "field_type": "gap",
                        "delta_width": 10,
                        "width": 30
                    },
                    {
                        "field_type": "text",
                        "cost": 0.6,
                        "field_name": "expiry_date_category_d",
                        "is_optional": true,
                        "delta_width": 10,
                        "width": 95
                    },
                    {
                        "field_type": "gap",
                        "delta_width": 10,
                        "width": 30
                    },
                    {
                        "field_type": "text",
                        "cost": 0.6,
                        "field_name": "restrictions_category_d",
                        "is_optional": true,
                        "delta_width": 100,
                        "width": 120
                    },
                    {
                        "field_type": "gap",
                        "delta_width": 100,
                        "width": 120
                    }
                ]
            },
            {
                "delta_height": 10,
                "line_type": "gap",
                "height": 25
            },
            {
                "line_type": "text",
                "height": 20,
                "delta_height": 6,
                "fields": [
                    {
                        "field_type": "gap",
                        "delta_width": 15,
                        "width": 135
                    },
                    {
                        "field_type": "text",
                        "cost": 0.6,
                        "field_name": "issue_date_category_be",
                        "is_optional": true,
                        "delta_width": 10,
                        "width": 95
                    },
                    {
                        "field_type": "gap",
                        "delta_width": 10,
                        "width": 30
                    },
                    {
                        "field_type": "text",
                        "cost": 0.6,
                        "field_name": "expiry_date_category_be",
                        "is_optional": true,
                        "delta_width": 10,
                        "width": 95
                    },
                    {
                        "field_type": "gap",
                        "delta_width": 10,
                        "width": 30
                    },
                    {
                        "field_type": "text",
                        "cost": 0.6,
                        "field_name": "restrictions_category_be",
                        "is_optional": true,
                        "delta_width": 100,
                        "width": 120
                    },
                    {
                        "field_type": "gap",
                        "delta_width": 100,
                        "width": 120
                    }
                ]
            },
            {
                "delta_height": 10,
                "line_type": "gap",
                "height": 25
            },
            {
                "line_type": "text",
                "height": 20,
                "delta_height": 6,
                "fields": [
                    {
                        "field_type": "gap",
                        "delta_width": 15,
                        "width": 135
                    },
                    {
                        "field_type": "text",
                        "cost": 0.6,
                        "field_name": "issue_date_category_ce",
                        "is_optional": true,
                        "delta_width": 10,
                        "width": 95
                    },
                    {
                        "field_type": "gap",
                        "delta_width": 10,
                        "width": 30
                    },
                    {
                        "field_type": "text",
                        "cost": 0.6,
                        "field_name": "expiry_date_category_ce",
                        "is_optional": true,
                        "delta_width": 10,
                        "width": 95
                    },
                    {
                        "field_type": "gap",
                        "delta_width": 10,
                        "width": 30
                    },
                    {
                        "field_type": "text",
                        "cost": 0.6,
                        "field_name": "restrictions_category_ce",
                        "is_optional": true,
                        "delta_width": 100,
                        "width": 120
                    },
                    {
                        "field_type": "gap",
                        "delta_width": 100,
                        "width": 120
                    }
                ]
            },
            {
                "delta_height": 10,
                "line_type": "gap",
                "height": 25
            },
            {
                "line_type": "text",
                "height": 20,
                "delta_height": 6,
                "fields": [
                    {
                        "field_type": "gap",
                        "delta_width": 15,
                        "width": 135
                    },
                    {
                        "field_type": "text",
                        "cost": 0.6,
                        "field_name": "issue_date_category_de",
                        "is_optional": true,
                        "delta_width": 10,
                        "width": 95
                    },
                    {
                        "field_type": "gap",
                        "delta_width": 10,
                        "width": 30
                    },
                    {
                        "field_type": "text",
                        "cost": 0.6,
                        "field_name": "expiry_date_category_de",
                        "is_optional": true,
                        "delta_width": 10,
                        "width": 95
                    },
                    {
                        "field_type": "gap",
                        "delta_width": 10,
                        "width": 30
                    },
                    {
                        "field_type": "text",
                        "cost": 0.6,
                        "field_name": "restrictions_category_de",
                        "is_optional": true,
                        "delta_width": 100,
                        "width": 120
                    },
                    {
                        "field_type": "gap",
                        "delta_width": 100,
                        "width": 120
                    }
                ]
            },
            {
                "delta_height": 10,
                "line_type": "gap",
                "height": 25
            },
            {
                "line_type": "text",
                "height": 20,
                "delta_height": 6,
                "fields": [
                    {
                        "field_type": "gap",
                        "delta_width": 15,
                        "width": 135
                    },
                    {
                        "field_type": "text",
                        "cost": 0.6,
                        "field_name": "issue_date_category_i",
                        "is_optional": true,
                        "delta_width": 10,
                        "width": 95
                    },
                    {
                        "field_type": "gap",
                        "delta_width": 10,
                        "width": 30
                    },
                    {
                        "field_type": "text",
                        "cost": 0.6,
                        "field_name": "expiry_date_category_i",
                        "is_optional": true,
                        "delta_width": 10,
                        "width": 95
                    },
                    {
                        "field_type": "gap",
                        "delta_width": 10,
                        "width": 30
                    },
                    {
                        "field_type": "text",
                        "cost": 0.6,
                        "field_name": "restrictions_category_i",
                        "is_optional": true,
                        "delta_width": 100,
                        "width": 120
                    },
                    {
                        "field_type": "gap",
                        "delta_width": 100,
                        "width": 120
                    }
                ]
            },
            {
                "delta_height": 10,
                "line_type": "gap",
                "height": 25
            },
            {
                "line_type": "text",
                "height": 20,
                "delta_height": 6,
                "fields": [
                    {
                        "field_type": "gap",
                        "delta_width": 15,
                        "width": 135
                    },
                    {
                        "field_type": "text",
                        "cost": 0.6,
                        "field_name": "issue_date_category_f",
                        "is_optional": true,
                        "delta_width": 10,
                        "width": 95
                    },
                    {
                        "field_type": "gap",
                        "delta_width": 10,
                        "width": 30
                    },
                    {
                        "field_type": "text",
                        "cost": 0.6,
                        "field_name": "expiry_date_category_f",
                        "is_optional": true,
                        "delta_width": 10,
                        "width": 95
                    },
                    {
                        "field_type": "gap",
                        "delta_width": 10,
                        "width": 30
                    },
                    {
                        "field_type": "text",
                        "cost": 0.6,
                        "field_name": "restrictions_category_f",
                        "is_optional": true,
                        "delta_width": 100,
                        "width": 120
                    },
                    {
                        "field_type": "gap",
                        "delta_width": 100,
                        "width": 120
                    }
                ]
            },
            {
                "delta_height": 10,
                "line_type": "gap",
                "height": 25
            },
            {
                "line_type": "text",
                "height": 20,
                "delta_height": 6,
                "fields": [
                    {
                        "field_type": "gap",
                        "delta_width": 15,
                        "width": 135
                    },
                    {
                        "field_type": "text",
                        "cost": 0.6,
                        "field_name": "issue_date_category_am",
                        "is_optional": true,
                        "delta_width": 10,
                        "width": 95
                    },
                    {
                        "field_type": "gap",
                        "delta_width": 10,
                        "width": 30
                    },
                    {
                        "field_type": "text",
                        "cost": 0.6,
                        "field_name": "expiry_date_category_am",
                        "is_optional": true,
                        "delta_width": 10,
                        "width": 95
                    },
                    {
                        "field_type": "gap",
                        "delta_width": 10,
                        "width": 30
                    },
                    {
                        "field_type": "text",
                        "cost": 0.6,
                        "field_name": "restrictions_category_am",
                        "is_optional": true,
                        "delta_width": 100,
                        "width": 120
                    },
                    {
                        "field_type": "gap",
                        "delta_width": 100,
                        "width": 120
                    }
                ]
            },
            {
                "delta_height": 10,
                "line_type": "gap",
                "height": 25
            },
            {
                "line_type": "text",
                "height": 20,
                "delta_height": 6,
                "fields": [
                    {
                        "field_type": "gap",
                        "delta_width": 25,
                        "width": 50
                    },
                    {
                        "field_type": "text",
                        "cost": 0.6,
                        "field_name": "restrictions0",
                        "is_optional": true,
                        "delta_width": 400,
                        "width": 430
                    },
                    {
                        "field_type": "gap",
                        "delta_width": 400,
                        "width": 415
                    }
                ]
            },
            {
                "delta_height": 10,
                "line_type": "gap",
                "height": 25
            },
            {
                "line_type": "text",
                "height": 20,
                "delta_height": 6,
                "fields": [
                    {
                        "field_type": "gap",
                        "delta_width": 25,
                        "width": 50
                    },
                    {
                        "field_type": "text",
                        "cost": 0.6,
                        "field_name": "restrictions1",
                        "is_optional": true,
                        "delta_width": 400,
                        "width": 430
                    },
                    {
                        "field_type": "gap",
                        "delta_width": 400,
                        "width": 415
                    }
                ]
            },
            {
                "delta_height": 20,
                "line_type": "gap",
                "height": 40
            }
        ]
    }
}