{
    "type": "dynamic",
    "settings": {
        "preprocessing": {
            "processing_steps": [
                {
                    "type": "background_closing",
                    "settings": {
                        "background_closing_wy": 5,
                        "background_closing_wx": 5
                    }
                },
                {
                    "type": "morphology_open",
                    "settings": {
                        "morphology_open_wy": 1,
                        "morphology_open_wx": 15
                    }
                },
                {
                    "type": "morphology_close",
                    "settings": {
                        "morphology_close_wy": 5,
                        "morphology_close_wx": 5
                    }
                },
                {
                    "type": "autocontrast",
                    "settings": {
                        "autocontrast_satur_white": 0.05,
                        "autocontrast_satur_black": 0.02
                    }
                },
                {
                    "type": "angle_detection",
                    "settings": {
                        "width_downscale": 0.5,
                        "height_downscale": 1.0
                    }
                }
            ],
            "settings": {}
        },
        "settings": {
            "grid_step_y": 1,
            "grid_step_x": 1,
            "gap_right": 14,
            "gap_left": 14,
            "gap_bot": 7,
            "gap_top": 7,
            "score_type": "otsu",
            "rejection_threshold": 0.15,
            "default_gap_dp_cost": 0.0,
            "default_gap_otsu_cost": 0.7,
            "local_otsu_window_wing": -1
        },
        "layout": [
            {
                "delta_height": 15,
                "line_type": "gap",
                "height": 35
            },
            {
                "line_type": "text",
                "height": 23,
                "delta_height": 10,
                "fields": [
                    {
                        "field_type": "gap",
                        "delta_width": 30,
                        "width": 60
                    },
                    {
                        "field_type": "text",
                        "cost": 1.75,
                        "field_name": "issue_date",
                        "is_optional": false,
                        "delta_width": 70,
                        "width": 200
                    },
                    {
                        "field_type": "gap",
                        "delta_width": 75,
                        "width": 310
                    },
                    {
                        "field_type": "text",
                        "cost": 1.0,
                        "field_name": "expiry_date",
                        "is_optional": false,
                        "delta_width": 80,
                        "width": 200
                    },
                    {
                        "field_type": "gap",
                        "delta_width": 140,
                        "width": 200
                    }
                ]
            },
            {
                "delta_height": 40,
                "line_type": "gap",
                "height": 50
            },
            {
                "line_type": "text",
                "height": 20,
                "delta_height": 7,
                "fields": [
                    {
                        "field_type": "gap",
                        "delta_width": 35,
                        "width": 90
                    },
                    {
                        "field_type": "text",
                        "cost": 1.0,
                        "field_name": "authority",
                        "is_optional": false,
                        "delta_width": 600,
                        "width": 660
                    },
                    {
                        "field_type": "gap",
                        "delta_width": 600,
                        "width": 650
                    }
                ]
            },
            {
                "delta_height": 7,
                "line_type": "gap",
                "height": 15
            },
            {
                "line_type": "text",
                "height": 20,
                "delta_height": 7,
                "fields": [
                    {
                        "field_type": "gap",
                        "delta_width": 25,
                        "width": 90
                    },
                    {
                        "field_type": "text",
                        "cost": 0.6,
                        "field_name": "authority_rus",
                        "is_optional": true,
                        "delta_width": 660,
                        "width": 660
                    },
                    {
                        "field_type": "gap",
                        "delta_width": 600,
                        "width": 675
                    }
                ]
            },
            {
                "delta_height": 30,
                "line_type": "gap",
                "height": 40
            }
        ]
    }
}