{
    "type": "dynamic",
    "settings": {
        "preprocessing": {
            "processing_steps": [
                {
                    "type": "background_closing",
                    "settings": {
                        "background_closing_wy": 4,
                        "background_closing_wx": 4
                    }
                },
                {
                    "type": "morphology_open",
                    "settings": {
                        "morphology_open_wy": 0,
                        "morphology_open_wx": 25
                    }
                },
                {
                    "type": "autocontrast",
                    "settings": {
                        "autocontrast_satur_white": 0.06,
                        "autocontrast_satur_black": 0.05
                    }
                },
                {
                    "type": "angle_detection",
                    "settings": {
                        "width_downscale": 0.5,
                        "height_downscale": 1.0
                    }
                }
            ],
            "settings": {}
        },
        "settings": {
            "grid_step_y": 1,
            "grid_step_x": 1,
            "gap_right": 14,
            "gap_left": 12,
            "gap_bot": 8,
            "gap_top": 7,
            "score_type": "otsu",
            "rejection_threshold": 0.15,
            "default_gap_dp_cost": 0.0,
            "default_gap_otsu_cost": 0.7,
            "local_otsu_window_wing": -1
        },
        "layout": [
            {
                "delta_height": 20,
                "line_type": "gap",
                "height": 45
            },
            {
                "line_type": "text",
                "height": 20,
                "delta_height": 7,
                "fields": [
                    {
                        "field_type": "gap",
                        "delta_width": 35,
                        "width": 55
                    },
                    {
                        "field_type": "text",
                        "cost": 1.75,
                        "field_name": "last_name",
                        "is_optional": false,
                        "delta_width": 420,
                        "width": 460
                    },
                    {
                        "field_type": "gap",
                        "delta_width": 630,
                        "width": 700
                    }
                ]
            },
            {
                "delta_height": 15,
                "line_type": "gap",
                "height": 45
            },
            {
                "line_type": "text",
                "height": 20,
                "delta_height": 7,
                "fields": [
                    {
                        "field_type": "gap",
                        "delta_width": 35,
                        "width": 55
                    },
                    {
                        "field_type": "text",
                        "cost": 1.0,
                        "field_name": "name",
                        "is_optional": false,
                        "delta_width": 420,
                        "width": 460
                    },
                    {
                        "field_type": "gap",
                        "delta_width": 630,
                        "width": 700
                    }
                ]
            },
            {
                "delta_height": 15,
                "line_type": "gap",
                "height": 45
            },
            {
                "line_type": "text",
                "height": 20,
                "delta_height": 7,
                "fields": [
                    {
                        "field_type": "gap",
                        "delta_width": 35,
                        "width": 55
                    },
                    {
                        "field_type": "text",
                        "cost": 0.6,
                        "field_name": "patronymic",
                        "is_optional": true,
                        "delta_width": 420,
                        "width": 460
                    },
                    {
                        "field_type": "gap",
                        "delta_width": 700,
                        "width": 700
                    }
                ]
            },
            {
                "delta_height": 15,
                "line_type": "gap",
                "height": 50
            },
            {
                "line_type": "text",
                "height": 20,
                "delta_height": 7,
                "fields": [
                    {
                        "field_type": "gap",
                        "delta_width": 35,
                        "width": 85
                    },
                    {
                        "field_type": "text",
                        "cost": 1.0,
                        "field_name": "birth_date",
                        "is_optional": false,
                        "delta_width": 40,
                        "width": 150
                    },
                    {
                        "field_type": "gap",
                        "delta_width": 190,
                        "width": 330
                    },
                    {
                        "field_type": "text",
                        "cost": 1.0,
                        "field_name": "id_number",
                        "is_optional": false,
                        "delta_width": 40,
                        "width": 250
                    },
                    {
                        "field_type": "gap",
                        "delta_width": 140,
                        "width": 155
                    }
                ]
            },
            {
                "delta_height": 10,
                "line_type": "gap",
                "height": 40
            },
            {
                "line_type": "text",
                "height": 20,
                "delta_height": 7,
                "fields": [
                    {
                        "field_type": "gap",
                        "delta_width": 40,
                        "width": 75
                    },
                    {
                        "field_type": "text",
                        "cost": 0.6,
                        "field_name": "birth_place",
                        "is_optional": false,
                        "delta_width": 320,
                        "width": 690
                    },
                    {
                        "field_type": "gap",
                        "delta_width": 630,
                        "width": 660
                    }
                ]
            },
            {
                "delta_height": 10,
                "line_type": "gap",
                "height": 15
            },
            {
                "line_type": "text",
                "height": 15,
                "delta_height": 5,
                "fields": [
                    {
                        "field_type": "gap",
                        "delta_width": 40,
                        "width": 75
                    },
                    {
                        "field_type": "text",
                        "cost": 0.6,
                        "field_name": "birth_place1",
                        "is_optional": true,
                        "delta_width": 680,
                        "width": 680
                    },
                    {
                        "field_type": "gap",
                        "delta_width": 750,
                        "width": 780
                    }
                ]
            },
            {
                "delta_height": 10,
                "line_type": "gap",
                "height": 15
            },
            {
                "line_type": "text",
                "height": 15,
                "delta_height": 5,
                "fields": [
                    {
                        "field_type": "gap",
                        "delta_width": 40,
                        "width": 75
                    },
                    {
                        "field_type": "text",
                        "cost": 0.6,
                        "field_name": "birth_place2",
                        "is_optional": true,
                        "delta_width": 680,
                        "width": 680
                    },
                    {
                        "field_type": "gap",
                        "delta_width": 750,
                        "width": 780
                    }
                ]
            },
            {
                "delta_height": 65,
                "line_type": "gap",
                "height": 70
            }
        ]
    }
}