{
    "type": "common",
    "settings": {
        "processing": {
            "use_background_closing": false,
            "background_closing_wx": 4,
            "background_closing_wy": 8,
            "use_morphology_open": true,
            "morphology_open_wx": 15,
            "morphology_open_wy": 0,
            "use_morphology_close":  true,
            "morphology_close_wx": 5,
            "morphology_close_wy": 5,
            "use_autocontrast": true,
            "autocontrast_satur_black": 0.0,
            "autocontrast_satur_white": 0.70,
            "use_saturation": true
        },
        "settings": {
            "max_v_size": 40,
            "min_v_size": 15,
            "min_h_size": 3,
            "min_h_gap": 100,
            "step_x": 13,
            "step_y": 9
        },
        "layout": [ 
            {
                "objects": [
                    {
                        "name": "surname"
                    }
                ]
            },
            {
                "objects": [
                    {
                        "name": "name"
                    }
                ]
            },
            {
                "objects": [
                    {
                        "name": "entry_date"
                    },
                    {
                        "name": "until_date"
                    }
                ]
            },
            {
                "objects": [
                    {
                        "name": "passport_number"
                    },
                    {
                        "is_optional":true
                    }
                ]
            },
            {
                "objects": [
                    {
                        "name": "accompanied_by"
                    },
                    {
                        "name": "issue_place"
                    }
                ]
            }
        ]
    }
}
