{
    "type": "dynamic",
    "settings": {
        "preprocessing": {
            "processing_steps": [
                {
                    "type": "blink_removing",
                    "settings": {
                        "blink_removing_percent": 0.1
                    }
                },
                {
                    "type": "background_closing",
                    "settings": {
                        "background_closing_wy": 4,
                        "background_closing_wx": 4
                    }
                },
                {
                    "type": "morphology_open",
                    "settings": {
                        "morphology_open_wy": 1,
                        "morphology_open_wx": 13
                    }
                },
                {
                    "type": "morphology_close",
                    "settings": {
                        "morphology_close_wy": 6,
                        "morphology_close_wx": 0
                    }
                },
                {
                    "type": "autocontrast",
                    "settings": {
                        "autocontrast_satur_white": 0.05,
                        "autocontrast_satur_black": 0.05
                    }
                },
                {
                    "type": "angle_detection",
                    "settings": {
                        "width_downscale": 0.5,
                        "height_downscale": 1.0
                    }
                }
            ],
            "settings": {
                "threshold_additional": 0.1
            }
        },
        "settings": {
            "adapter_bot_padding": 25,
            "grid_step_y": 1,
            "grid_step_x": 1,
            "gap_right": 16,
            "gap_left": 13,
            "gap_bot": 6,
            "gap_top": 8,
            "score_type": "otsu",
            "rejection_threshold": 0.15,
            "default_gap_dp_cost": 0.0,
            "default_gap_otsu_cost": 0.3,
            "local_otsu_window_wing": 4
        },
        "layout": [
            {
                "delta_height": 20,
                "line_type": "gap",
                "height": 40
            },
            {
                "line_type": "text",
                "height": 35,
                "delta_height": 10,
                "fields": [
                    {
                        "field_type": "gap",
                        "delta_width": 20,
                        "width": 520
                    },
                    {
                        "field_type": "text",
                        "cost": 0.6,
                        "field_name": "number",
                        "is_optional": true,
                        "delta_width": 20,
                        "width": 200
                    },
                    {
                        "field_type": "gap",
                        "delta_width": 20,
                        "width": 140
                    }
                ]
            },
            {
                "delta_height": 20,
                "line_type": "gap",
                "height": 70
            },
            {
                "line_type": "text",
                "height": 35,
                "delta_height": 10,
                "fields": [
                    {
                        "field_type": "gap",
                        "delta_width": 20,
                        "width": 200
                    },
                    {
                        "field_type": "text",
                        "cost": 0.6,
                        "field_name": "name",
                        "is_optional": true,
                        "delta_width": 500,
                        "width": 580
                    },
                    {
                        "field_type": "gap",
                        "delta_width": 500,
                        "width": 580
                    }
                ]
            },
            {
                "delta_height": 20,
                "line_type": "gap",
                "height": 30
            },
            {
                "line_type": "text",
                "height": 35,
                "delta_height": 10,
                "fields": [
                    {
                        "field_type": "gap",
                        "delta_width": 20,
                        "width": 200
                    },
                    {
                        "field_type": "text",
                        "cost": 1.0,
                        "field_name": "entry_date",
                        "is_optional": false,
                        "delta_width": 20,
                        "width": 140
                    },
                    {
                        "field_type": "gap",
                        "delta_width": 20,
                        "width": 180
                    },
                    {
                        "field_type": "text",
                        "cost": 1.0,
                        "field_name": "until_date",
                        "is_optional": false,
                        "delta_width": 20,
                        "width": 140
                    },
                    {
                        "field_type": "gap",
                        "delta_width": 20,
                        "width": 240
                    }
                ]
            },
            {
                "delta_height": 20,
                "line_type": "gap",
                "height": 30
            },
            {
                "line_type": "text",
                "height": 35,
                "delta_height": 10,
                "fields": [
                    {
                        "field_type": "gap",
                        "delta_width": 20,
                        "width": 240
                    },
                    {
                        "field_type": "text",
                        "cost": 1.0,
                        "field_name": "entries_number",
                        "is_optional": false,
                        "delta_width": 20,
                        "width": 40
                    },
                    {
                        "field_type": "gap",
                        "delta_width": 20,
                        "width": 390
                    },
                    {
                        "field_type": "text",
                        "cost": 1.0,
                        "field_name": "duration",
                        "is_optional": false,
                        "delta_width": 20,
                        "width": 70
                    },
                    {
                        "field_type": "gap",
                        "delta_width": 20,
                        "width": 180
                    }
                ]
            },
            {
                "delta_height": 20,
                "line_type": "gap",
                "height": 30
            },
            {
                "line_type": "text",
                "height": 35,
                "delta_height": 10,
                "fields": [
                    {
                        "field_type": "gap",
                        "delta_width": 20,
                        "width": 200
                    },
                    {
                        "field_type": "text",
                        "cost": 1.0,
                        "field_name": "issue_place",
                        "is_optional": false,
                        "delta_width": 500,
                        "width": 580
                    },
                    {
                        "field_type": "gap",
                        "delta_width": 500,
                        "width": 580
                    }
                ]
            },
            {
                "delta_height": 20,
                "line_type": "gap",
                "height": 30
            },
            {
                "line_type": "text",
                "height": 35,
                "delta_height": 10,
                "fields": [
                    {
                        "field_type": "gap",
                        "delta_width": 20,
                        "width": 200
                    },
                    {
                        "field_type": "text",
                        "cost": 1.0,
                        "field_name": "issue_date",
                        "is_optional": false,
                        "delta_width": 20,
                        "width": 140
                    },
                    {
                        "field_type": "gap",
                        "delta_width": 20,
                        "width": 220
                    },
                    {
                        "field_type": "text",
                        "cost": 1.0,
                        "field_name": "passport_number",
                        "is_optional": false,
                        "delta_width": 20,
                        "width": 160
                    },
                    {
                        "field_type": "gap",
                        "delta_width": 20,
                        "width": 180
                    }
                ]
            },
            {
                "delta_height": 20,
                "line_type": "gap",
                "height": 30
            },
            {
                "line_type": "text",
                "height": 35,
                "delta_height": 10,
                "fields": [
                    {
                        "field_type": "gap",
                        "delta_width": 20,
                        "width": 190
                    },
                    {
                        "field_type": "text",
                        "cost": 1.0,
                        "field_name": "type",
                        "is_optional": false,
                        "delta_width": 20,
                        "width": 30
                    },
                    {
                        "field_type": "gap",
                        "delta_width": 20,
                        "width": 370
                    },
                    {
                        "field_type": "text",
                        "cost": 1.0,
                        "field_name": "accompanied_by",
                        "is_optional": false,
                        "delta_width": 150,
                        "width": 200
                    },
                    {
                        "field_type": "gap",
                        "delta_width": 180,
                        "width": 220
                    }
                ]
            },
            {
                "delta_height": 20,
                "line_type": "gap",
                "height": 40
            },
            {
                "line_type": "text",
                "height": 25,
                "delta_height": 10,
                "fields": [
                    {
                        "field_type": "gap",
                        "delta_width": 20,
                        "width": 240
                    },
                    {
                        "field_type": "text",
                        "cost": 1.0,
                        "field_name": "remarks0",
                        "is_optional": false,
                        "delta_width": 300,
                        "width": 500
                    },
                    {
                        "field_type": "gap",
                        "delta_width": 440,
                        "width": 540
                    }
                ]
            },
            {
                "delta_height": 20,
                "line_type": "gap",
                "height": 40
            },
            {
                "line_type": "text",
                "height": 25,
                "delta_height": 10,
                "fields": [
                    {
                        "field_type": "gap",
                        "delta_width": 20,
                        "width": 50
                    },
                    {
                        "field_type": "text",
                        "cost": 1.0,
                        "field_name": "remarks1",
                        "is_optional": false,
                        "delta_width": 450,
                        "width": 500
                    },
                    {
                        "field_type": "gap",
                        "delta_width": 440,
                        "width": 680
                    }
                ]
            },
            {
                "delta_height": 20,
                "line_type": "gap",
                "height": 30
            }
        ]
    }
}