{
    "type": "common",
    "settings": {
        "processing": {
            "use_background_closing": true,
            "background_closing_wx": 4,
            "background_closing_wy": 4,
            "use_morphology_open": true,
            "morphology_open_wx": 15,
            "morphology_open_wy": 5,
            "use_morphology_close": false,
            "morphology_close_wx": 5,
            "morphology_close_wy": 5,
            "use_autocontrast": false,
            "autocontrast_satur_black": 0.1,
            "autocontrast_satur_white": 0.50,
            "use_saturation": true
        },
        "settings": {
            "max_v_size": 30,
            "min_v_size": 10,
            "min_h_size": 3,
            "min_h_gap": 80,
            "step_x": 10,
            "step_y": 5
        },
        "layout": [ 
            {
                "objects": [
                    {
                        "name": "type"
                    }
                ]
            }
        ]
    }
}
