{
    "type": "common", 
    "settings": {
        "processing": {
            "use_blink_removing": true, 
            "blink_removing_percent": 0.1, 
            "use_background_closing": true, 
            "background_closing_wx": 4, 
            "background_closing_wy": 4, 
            "use_morphology_open": true, 
            "morphology_open_wx": 14, 
            "morphology_open_wy": 0, 
            "use_morphology_close": false, 
            "morphology_close_wx": 0, 
            "morphology_close_wy": 3, 
            "use_autocontrast": true, 
            "autocontrast_satur_black": 0.0, 
            "autocontrast_satur_white": 0.5, 
            "use_angle_detector": true, 
            "use_saturation": false, 
            "deskewer": ":/mixangler/common_deskewer.json", 
            "threshold_additional": 0.3
        }, 
        "settings": {
            "max_v_size": 60, 
            "min_v_size": 24, 
            "min_h_size": 80, 
            "min_h_gap": 10, 
            "step_x": 20, 
            "step_y": 10
        }, 
        "layout": [
            {
                "objects": [
                    {
                        "name": "surname_rus"
                    }
                ]
            }, 
            {
                "objects": [
                    {
                        "name": "surname_eng"
                    }
                ]
            }, 
            {
                "objects": [
                    {
                        "name": "name_rus"
                    }
                ]
            }, 
            {
                "objects": [
                    {
                        "name": "name_eng"
                    }
                ]
            }, 
            {
                "objects": [
                    {
                        "name": "patronymic_rus"
                    }
                ]
            }
        ]
    }
}