{
    "type": "dynamic",
    "settings": {
        "preprocessing": {
            "processing_steps": [
                {
                    "type": "blink_removing",
                    "settings": {
                        "blink_removing_percent": 0.1
                    }
                },
                {
                    "type": "background_closing",
                    "settings": {
                        "background_closing_wy": 3,
                        "background_closing_wx": 3
                    }
                },
                {
                    "type": "morphology_open",
                    "settings": {
                        "morphology_open_wy": 0,
                        "morphology_open_wx": 15
                    }
                },
                {
                    "type": "morphology_close",
                    "settings": {
                        "morphology_close_wy": 9,
                        "morphology_close_wx": 0
                    }
                },
                {
                    "type": "autocontrast",
                    "settings": {
                        "autocontrast_satur_white": 0.3,
                        "autocontrast_satur_black": 0.0
                    }
                },
                {
                    "type": "angle_detection",
                    "settings": {
                        "width_downscale": 0.5,
                        "height_downscale": 1.0
                    }
                }
            ],
            "settings": {}
        },
        "settings": {
            "adapter_bot_padding": 25,
            "grid_step_y": 1,
            "grid_step_x": 1,
            "gap_right": 20,
            "gap_left": 13,
            "gap_bot": 4,
            "gap_top": 4,
            "score_type": "otsu",
            "rejection_threshold": 0.15,
            "default_gap_dp_cost": 0.0,
            "default_gap_otsu_cost": 0.3,
            "local_otsu_window_wing": 4
        },
        "layout": [
            {
                "delta_height": 48,
                "line_type": "gap",
                "height": 50
            },
            {
                "line_type": "text",
                "height": 35,
                "delta_height": 10,
                "fields": [
                    {
                        "field_type": "gap",
                        "delta_width": 60,
                        "width": 190
                    },
                    {
                        "field_type": "text",
                        "cost": 1.0,
                        "field_name": "vehicle_type_line1",
                        "is_optional": false,
                        "delta_width": 350,
                        "width": 500
                    },
                    {
                        "field_type": "gap",
                        "delta_width": 350,
                        "width": 500
                    }
                ]
            },
            {
                "delta_height": 10,
                "line_type": "gap",
                "height": 10
            },
            {
                "line_type": "text",
                "height": 30,
                "delta_height": 10,
                "fields": [
                    {
                        "field_type": "gap",
                        "delta_width": 40,
                        "width": 170
                    },
                    {
                        "field_type": "text",
                        "cost": 0.6,
                        "field_name": "vehicle_type_line2",
                        "is_optional": true,
                        "delta_width": 380,
                        "width": 400
                    },
                    {
                        "field_type": "gap",
                        "delta_width": 450,
                        "width": 500
                    }
                ]
            },
            {
                "delta_height": 48,
                "line_type": "gap",
                "height": 50
            }
        ]
    }
}