{
    "descriptors": {
        "descriptor_size": 37,
        "descriptors_path": "kaz_id_type2_back_common_3.bst.desc"
    },
    "boosting_params": [
        {
            "weight": 0.11452117064491264264,
            "threshold": 51
        },
        {
            "weight": 0.074299066241461209081,
            "threshold": 48
        },
        {
            "weight": 0.041897798203406562412,
            "threshold": 73
        },
        {
            "weight": 0.041882322882951114607,
            "threshold": 77
        },
        {
            "weight": 0.036686139535805364909,
            "threshold": 70
        },
        {
            "weight": 0.028725407342593455018,
            "threshold": 72
        },
        {
            "weight": 0.031295798854607655148,
            "threshold": 55
        },
        {
            "weight": 0.031516005924620039969,
            "threshold": 79
        },
        {
            "weight": 0.025692600104942234923,
            "threshold": 74
        },
        {
            "weight": 0.019152075119211773441,
            "threshold": 73
        },
        {
            "weight": 0.022187962615664254262,
            "threshold": 52
        },
        {
            "weight": 0.025856797194941581047,
            "threshold": 79
        },
        {
            "weight": 0.020042224307644209563,
            "threshold": 73
        },
        {
            "weight": 0.019658213620797334448,
            "threshold": 70
        },
        {
            "weight": 0.018143469614868235062,
            "threshold": 72
        },
        {
            "weight": 0.015534389652238972043,
            "threshold": 73
        },
        {
            "weight": 0.017261839043904898122,
            "threshold": 58
        },
        {
            "weight": 0.020564488219930891766,
            "threshold": 74
        },
        {
            "weight": 0.017143750553987285867,
            "threshold": 71
        },
        {
            "weight": 0.015377709590404898404,
            "threshold": 83
        },
        {
            "weight": 0.011917082229761646189,
            "threshold": 72
        },
        {
            "weight": 0.013073164869268702123,
            "threshold": 72
        },
        {
            "weight": 0.015608906249539073949,
            "threshold": 78
        },
        {
            "weight": 0.011067929280720487442,
            "threshold": 77
        },
        {
            "weight": 0.013546077554391281264,
            "threshold": 77
        },
        {
            "weight": 0.012406965525690981031,
            "threshold": 61
        },
        {
            "weight": 0.011115491199388006019,
            "threshold": 80
        },
        {
            "weight": 0.013956574168945839326,
            "threshold": 82
        },
        {
            "weight": 0.012478637880845076455,
            "threshold": 52
        },
        {
            "weight": 0.013451609935015266389,
            "threshold": 65
        },
        {
            "weight": 0.012468369775175637201,
            "threshold": 46
        },
        {
            "weight": 0.011612724554925133238,
            "threshold": 64
        },
        {
            "weight": 0.010428843171101379733,
            "threshold": 88
        },
        {
            "weight": 0.011165384483007067054,
            "threshold": 62
        },
        {
            "weight": 0.0089042050135086821261,
            "threshold": 56
        },
        {
            "weight": 0.012076784408908634513,
            "threshold": 77
        },
        {
            "weight": 0.0095546064605110600509,
            "threshold": 63
        },
        {
            "weight": 0.0096653186626101759288,
            "threshold": 89
        },
        {
            "weight": 0.0073926141459025335873,
            "threshold": 78
        },
        {
            "weight": 0.007286682805809882417,
            "threshold": 69
        },
        {
            "weight": 0.0071034864594313193789,
            "threshold": 72
        },
        {
            "weight": 0.0068702047022595252521,
            "threshold": 81
        },
        {
            "weight": 0.0068926075628086523606,
            "threshold": 78
        },
        {
            "weight": 0.0081627367901477426715,
            "threshold": 48
        },
        {
            "weight": 0.0078164756603754190906,
            "threshold": 60
        },
        {
            "weight": 0.0072131864692968191907,
            "threshold": 88
        },
        {
            "weight": 0.006634734070859475176,
            "threshold": 64
        },
        {
            "weight": 0.0062446415218177873246,
            "threshold": 80
        },
        {
            "weight": 0.0060828598421243888078,
            "threshold": 67
        },
        {
            "weight": 0.0044183609011946740897,
            "threshold": 81
        },
        {
            "weight": 0.0050667632022207758843,
            "threshold": 63
        },
        {
            "weight": 0.0044754042642575668845,
            "threshold": 84
        },
        {
            "weight": 0.0037852037464124509494,
            "threshold": 58
        },
        {
            "weight": 0.0061837941412536861011,
            "threshold": 52
        },
        {
            "weight": 0.0056365620929830452177,
            "threshold": 83
        },
        {
            "weight": 0.0047861747612281142078,
            "threshold": 71
        },
        {
            "weight": 0.0056832160124061590484,
            "threshold": 74
        },
        {
            "weight": 0.0049136080451640624586,
            "threshold": 59
        },
        {
            "weight": 0.0053540093108076329542,
            "threshold": 92
        },
        {
            "weight": 0.0037251989380100189279,
            "threshold": 54
        },
        {
            "weight": 0.0031165368495898963103,
            "threshold": 92
        },
        {
            "weight": 0.0042286407268063005635,
            "threshold": 61
        },
        {
            "weight": 0.0046786523080554953333,
            "threshold": 60
        },
        {
            "weight": 0.0043097399765673295377,
            "threshold": 73
        }
    ]
}
