{
    "descriptors": {
        "descriptor_size": 37,
        "descriptors_path": "kaz_id_type2_back_common_0.bst.desc"
    },
    "boosting_params": [
        {
            "weight": 0.033034162086625795673,
            "threshold": 54
        },
        {
            "weight": 0.034494199028498137571,
            "threshold": 56
        },
        {
            "weight": 0.027993688791021948542,
            "threshold": 58
        },
        {
            "weight": 0.024354246236351628774,
            "threshold": 58
        },
        {
            "weight": 0.026418225240953073507,
            "threshold": 44
        },
        {
            "weight": 0.028441210800157303018,
            "threshold": 61
        },
        {
            "weight": 0.025258157453377439589,
            "threshold": 65
        },
        {
            "weight": 0.020652341368449213255,
            "threshold": 54
        },
        {
            "weight": 0.020962188650014312863,
            "threshold": 50
        },
        {
            "weight": 0.021973432046600970685,
            "threshold": 58
        },
        {
            "weight": 0.021681725726219371747,
            "threshold": 50
        },
        {
            "weight": 0.023499234433818277229,
            "threshold": 57
        },
        {
            "weight": 0.020119063852516647084,
            "threshold": 57
        },
        {
            "weight": 0.023212475047164254915,
            "threshold": 69
        },
        {
            "weight": 0.02125783224969360341,
            "threshold": 57
        },
        {
            "weight": 0.023088352448072363421,
            "threshold": 56
        },
        {
            "weight": 0.022469714902769825915,
            "threshold": 67
        },
        {
            "weight": 0.016226889485846978517,
            "threshold": 75
        },
        {
            "weight": 0.015471552614842593032,
            "threshold": 64
        },
        {
            "weight": 0.016532326405040757844,
            "threshold": 56
        },
        {
            "weight": 0.017268540645065461742,
            "threshold": 60
        },
        {
            "weight": 0.02042534069498855992,
            "threshold": 60
        },
        {
            "weight": 0.016557978832671852581,
            "threshold": 69
        },
        {
            "weight": 0.015347383123493658907,
            "threshold": 63
        },
        {
            "weight": 0.01618116999522489427,
            "threshold": 55
        },
        {
            "weight": 0.01475128089495291242,
            "threshold": 54
        },
        {
            "weight": 0.016291603785060712606,
            "threshold": 57
        },
        {
            "weight": 0.016561974476262050771,
            "threshold": 50
        },
        {
            "weight": 0.018793003338252810275,
            "threshold": 57
        },
        {
            "weight": 0.015800185744821400313,
            "threshold": 56
        },
        {
            "weight": 0.015829482941472405866,
            "threshold": 46
        },
        {
            "weight": 0.015575607381495481032,
            "threshold": 65
        },
        {
            "weight": 0.01358970341670879059,
            "threshold": 64
        },
        {
            "weight": 0.013499037168183529792,
            "threshold": 58
        },
        {
            "weight": 0.012313058993773096789,
            "threshold": 61
        },
        {
            "weight": 0.011631565590060139598,
            "threshold": 53
        },
        {
            "weight": 0.010882186877726100424,
            "threshold": 49
        },
        {
            "weight": 0.01111815180912207289,
            "threshold": 66
        },
        {
            "weight": 0.010992274670871908168,
            "threshold": 42
        },
        {
            "weight": 0.013284749262739264583,
            "threshold": 59
        },
        {
            "weight": 0.011162493059353132546,
            "threshold": 59
        },
        {
            "weight": 0.010845897876946121799,
            "threshold": 73
        },
        {
            "weight": 0.012073387065756224779,
            "threshold": 79
        },
        {
            "weight": 0.011442646488775213773,
            "threshold": 68
        },
        {
            "weight": 0.010270071684097784037,
            "threshold": 54
        },
        {
            "weight": 0.010608938596538030827,
            "threshold": 57
        },
        {
            "weight": 0.011275301762404727618,
            "threshold": 66
        },
        {
            "weight": 0.010352854547643080066,
            "threshold": 58
        },
        {
            "weight": 0.0095695590688544638486,
            "threshold": 73
        },
        {
            "weight": 0.010975880230197267856,
            "threshold": 54
        },
        {
            "weight": 0.0092043197213498677278,
            "threshold": 51
        },
        {
            "weight": 0.010594723410851164189,
            "threshold": 55
        },
        {
            "weight": 0.0087239806940138091979,
            "threshold": 73
        },
        {
            "weight": 0.0082999250485647092096,
            "threshold": 46
        },
        {
            "weight": 0.010235028336480234482,
            "threshold": 72
        },
        {
            "weight": 0.012283372973608744708,
            "threshold": 70
        },
        {
            "weight": 0.0090354608553344598759,
            "threshold": 62
        },
        {
            "weight": 0.0087197343177851539126,
            "threshold": 51
        },
        {
            "weight": 0.0094392165288915644977,
            "threshold": 72
        },
        {
            "weight": 0.0081176002617424046492,
            "threshold": 49
        },
        {
            "weight": 0.009293531780167459122,
            "threshold": 48
        },
        {
            "weight": 0.0073402671507168237158,
            "threshold": 69
        },
        {
            "weight": 0.0080762932975504651834,
            "threshold": 75
        },
        {
            "weight": 0.008224216731395212962,
            "threshold": 67
        }
    ]
}
