{
    "descriptors": {
        "descriptor_size": 37,
        "descriptors_path": "kaz_id_type2_back_common_1.bst.desc"
    },
    "boosting_params": [
        {
            "weight": 0.10662736018064081223,
            "threshold": 50
        },
        {
            "weight": 0.050776711328874533924,
            "threshold": 46
        },
        {
            "weight": 0.052607652765282689189,
            "threshold": 79
        },
        {
            "weight": 0.036647284350706701983,
            "threshold": 64
        },
        {
            "weight": 0.030398174045668451687,
            "threshold": 69
        },
        {
            "weight": 0.02756734212855344382,
            "threshold": 58
        },
        {
            "weight": 0.027303723442678277944,
            "threshold": 63
        },
        {
            "weight": 0.027960553422862285955,
            "threshold": 71
        },
        {
            "weight": 0.026148317152475276243,
            "threshold": 70
        },
        {
            "weight": 0.018788707778222873274,
            "threshold": 67
        },
        {
            "weight": 0.020232221118912745855,
            "threshold": 72
        },
        {
            "weight": 0.020901720106917473507,
            "threshold": 81
        },
        {
            "weight": 0.019616477027522043891,
            "threshold": 73
        },
        {
            "weight": 0.017703520399461752238,
            "threshold": 75
        },
        {
            "weight": 0.01589539158046903225,
            "threshold": 77
        },
        {
            "weight": 0.015605162616385349558,
            "threshold": 53
        },
        {
            "weight": 0.017137789463491433228,
            "threshold": 82
        },
        {
            "weight": 0.015932385493893537476,
            "threshold": 66
        },
        {
            "weight": 0.016826714647681394188,
            "threshold": 64
        },
        {
            "weight": 0.016492155125480863209,
            "threshold": 75
        },
        {
            "weight": 0.014443380221291820392,
            "threshold": 79
        },
        {
            "weight": 0.012627943654377827079,
            "threshold": 59
        },
        {
            "weight": 0.013800242110138784268,
            "threshold": 75
        },
        {
            "weight": 0.014929568232201711683,
            "threshold": 74
        },
        {
            "weight": 0.014187759079772634119,
            "threshold": 78
        },
        {
            "weight": 0.011867423972355401265,
            "threshold": 72
        },
        {
            "weight": 0.014610814826905647867,
            "threshold": 77
        },
        {
            "weight": 0.012937930993373029931,
            "threshold": 74
        },
        {
            "weight": 0.011785410685180889093,
            "threshold": 52
        },
        {
            "weight": 0.011143104217478645365,
            "threshold": 72
        },
        {
            "weight": 0.012631268045651990184,
            "threshold": 75
        },
        {
            "weight": 0.013192944871132143703,
            "threshold": 46
        },
        {
            "weight": 0.010886326094692639135,
            "threshold": 71
        },
        {
            "weight": 0.010877366015806667898,
            "threshold": 107
        },
        {
            "weight": 0.011828451514401315189,
            "threshold": 69
        },
        {
            "weight": 0.011963634461933552941,
            "threshold": 65
        },
        {
            "weight": 0.0086024156293661654948,
            "threshold": 69
        },
        {
            "weight": 0.0086656010920664310743,
            "threshold": 73
        },
        {
            "weight": 0.0082516353004079626143,
            "threshold": 70
        },
        {
            "weight": 0.0089733112481201662142,
            "threshold": 59
        },
        {
            "weight": 0.010206215765412630231,
            "threshold": 82
        },
        {
            "weight": 0.0089431524907086553527,
            "threshold": 69
        },
        {
            "weight": 0.008937363718413773167,
            "threshold": 84
        },
        {
            "weight": 0.0082235573617662448276,
            "threshold": 78
        },
        {
            "weight": 0.0081937989206213156929,
            "threshold": 56
        },
        {
            "weight": 0.0081517753984554283675,
            "threshold": 64
        },
        {
            "weight": 0.0085835091705255429223,
            "threshold": 87
        },
        {
            "weight": 0.0085625884027920803887,
            "threshold": 64
        },
        {
            "weight": 0.0074606877385634514169,
            "threshold": 72
        },
        {
            "weight": 0.0083459614883547375563,
            "threshold": 87
        },
        {
            "weight": 0.0064914923837664020856,
            "threshold": 66
        },
        {
            "weight": 0.0069743219904308080201,
            "threshold": 74
        },
        {
            "weight": 0.0072723697739817943358,
            "threshold": 69
        },
        {
            "weight": 0.0074740227666329249814,
            "threshold": 56
        },
        {
            "weight": 0.007101547042281511346,
            "threshold": 64
        },
        {
            "weight": 0.0065473619003807654107,
            "threshold": 55
        },
        {
            "weight": 0.0066985333957421035883,
            "threshold": 61
        },
        {
            "weight": 0.0067015388088818572676,
            "threshold": 94
        },
        {
            "weight": 0.0070926038865750124646,
            "threshold": 77
        },
        {
            "weight": 0.0060338979842344316745,
            "threshold": 71
        },
        {
            "weight": 0.0064380224999371765682,
            "threshold": 77
        },
        {
            "weight": 0.0068559580399699220077,
            "threshold": 56
        },
        {
            "weight": 0.0069660785582351045231,
            "threshold": 81
        },
        {
            "weight": 0.0063677440704995097107,
            "threshold": 80
        }
    ]
}
