{
    "type": "dynamic",
    "settings": {
        "preprocessing": {
            "processing_steps": [
                {
                    "type": "blink_removing",
                    "settings": {
                        "blink_removing_percent": 0.1
                    }
                },
                {
                    "type": "background_closing",
                    "settings": {
                        "background_closing_wy": 4,
                        "background_closing_wx": 4
                    }
                },
                {
                    "type": "morphology_open",
                    "settings": {
                        "morphology_open_wy": 1,
                        "morphology_open_wx": 15
                    }
                },
                {
                    "type": "morphology_close",
                    "settings": {
                        "morphology_close_wy": 4,
                        "morphology_close_wx": 0
                    }
                },
                {
                    "type": "autocontrast",
                    "settings": {
                        "autocontrast_satur_white": 0.05,
                        "autocontrast_satur_black": 0.05
                    }
                },
                {
                    "type": "angle_detection",
                    "settings": {
                        "width_downscale": 0.5,
                        "height_downscale": 1.0
                    }
                }
            ],
            "settings": {}
        },
        "settings": {
            "grid_step_y": 1,
            "grid_step_x": 1,
            "gap_right": 10,
            "gap_left": 10,
            "gap_bot": 10,
            "gap_top": 10,
            "score_type": "otsu",
            "rejection_threshold": 0.15,
            "default_gap_dp_cost": 0.0,
            "default_gap_otsu_cost": 0.7,
            "local_otsu_window_wing": -1
        },
        "layout": [
            {
                "delta_height": 20,
                "line_type": "gap",
                "height": 20
            },
            {
                "line_type": "text",
                "height": 25,
                "delta_height": 10,
                "fields": [
                    {
                        "field_type": "gap",
                        "delta_width": 20,
                        "width": 310
                    },
                    {
                        "field_type": "text",
                        "cost": 1.0,
                        "field_name": "number",
                        "is_optional": false,
                        "delta_width": 20,
                        "width": 250
                    },
                    {
                        "field_type": "gap",
                        "delta_width": 20,
                        "width": 40
                    }
                ]
            },
            {
                "delta_height": 20,
                "line_type": "gap",
                "height": 190
            },
            {
                "line_type": "text",
                "height": 25,
                "delta_height": 10,
                "fields": [
                    {
                        "field_type": "gap",
                        "delta_width": 40,
                        "width": 80
                    },
                    {
                        "field_type": "text",
                        "cost": 1.0,
                        "field_name": "last_name",
                        "is_optional": false,
                        "delta_width": 300,
                        "width": 360
                    },
                    {
                        "field_type": "gap",
                        "delta_width": 400,
                        "width": 480
                    }
                ]
            },
            {
                "delta_height": 20,
                "line_type": "gap",
                "height": 40
            },
            {
                "line_type": "text",
                "height": 25,
                "delta_height": 10,
                "fields": [
                    {
                        "field_type": "gap",
                        "delta_width": 30,
                        "width": 180
                    },
                    {
                        "field_type": "text",
                        "cost": 1.0,
                        "field_name": "name",
                        "is_optional": false,
                        "delta_width": 300,
                        "width": 360
                    },
                    {
                        "field_type": "gap",
                        "delta_width": 300,
                        "width": 380
                    }
                ]
            },
            {
                "delta_height": 20,
                "line_type": "gap",
                "height": 40
            },
            {
                "line_type": "text",
                "height": 25,
                "delta_height": 10,
                "fields": [
                    {
                        "field_type": "gap",
                        "delta_width": 30,
                        "width": 250
                    },
                    {
                        "field_type": "text",
                        "cost": 1.0,
                        "field_name": "birth_place_and_date",
                        "is_optional": false,
                        "delta_width": 250,
                        "width": 300,
                        "gap_right": 15
                    },
                    {
                        "field_type": "gap",
                        "delta_width": 300,
                        "width": 340
                    }
                ]
            },
            {
                "delta_height": 20,
                "line_type": "gap",
                "height": 40
            },
            {
                "line_type": "text",
                "height": 25,
                "delta_height": 10,
                "fields": [
                    {
                        "field_type": "gap",
                        "delta_width": 100,
                        "width": 500
                    },
                    {
                        "field_type": "text",
                        "cost": 1.0,
                        "field_name": "blood_type",
                        "is_optional": false,
                        "delta_width": 40,
                        "width": 100,
                        "gap_right": 20
                    },
                    {
                        "field_type": "gap",
                        "delta_width": 60,
                        "width": 60
                    }
                ]
            },
            {
                "delta_height": 30,
                "line_type": "gap",
                "height": 30
            }
        ]
    }
}