{
    "type": "dynamic",
    "settings": {
        "preprocessing": {
            "processing_steps": [
                {
                    "type": "blink_removing",
                    "settings": {
                        "blink_removing_percent": 0.1
                    }
                },
                {
                    "type": "background_closing",
                    "settings": {
                        "background_closing_wy": 4,
                        "background_closing_wx": 4
                    }
                },
                {
                    "type": "morphology_open",
                    "settings": {
                        "morphology_open_wy": 0,
                        "morphology_open_wx": 18
                    }
                },
                {
                    "type": "autocontrast",
                    "settings": {
                        "autocontrast_satur_white": 0.05,
                        "autocontrast_satur_black": 0.01
                    }
                },
                {
                    "type": "angle_detection",
                    "settings": {
                        "width_downscale": 0.5,
                        "height_downscale": 1.0
                    }
                }
            ],
            "settings": {}
        },
        "settings": {
            "grid_step_y": 1,
            "grid_step_x": 1,
            "gap_right": 15,
            "gap_left": 10,
            "gap_bot": 6,
            "gap_top": 6,
            "score_type": "otsu",
            "rejection_threshold": 0.15,
            "default_gap_dp_cost": 0.0,
            "default_gap_otsu_cost": 0.7,
            "local_otsu_window_wing": -1
        },
        "layout": [
            {
                "delta_height": 65,
                "line_type": "gap",
                "height": 65
            },
            {
                "line_type": "text",
                "height": 25,
                "delta_height": 10,
                "fields": [
                    {
                        "field_type": "gap",
                        "delta_width": 50,
                        "width": 50
                    },
                    {
                        "field_type": "text",
                        "cost": 1.0,
                        "field_name": "birth_place0",
                        "is_optional": false,
                        "delta_width": 580,
                        "width": 600
                    },
                    {
                        "field_type": "gap",
                        "delta_width": 600,
                        "width": 600
                    }
                ]
            },
            {
                "delta_height": 15,
                "line_type": "gap",
                "height": 25
            },
            {
                "line_type": "text",
                "height": 25,
                "delta_height": 10,
                "fields": [
                    {
                        "field_type": "gap",
                        "delta_width": 50,
                        "width": 50
                    },
                    {
                        "field_type": "text",
                        "cost": 0.6,
                        "field_name": "birth_place1",
                        "is_optional": true,
                        "delta_width": 580,
                        "width": 600
                    },
                    {
                        "field_type": "gap",
                        "delta_width": 600,
                        "width": 600
                    }
                ]
            },
            {
                "delta_height": 30,
                "line_type": "gap",
                "height": 45
            },
            {
                "line_type": "text",
                "height": 25,
                "delta_height": 10,
                "fields": [
                    {
                        "field_type": "gap",
                        "delta_width": 50,
                        "width": 50
                    },
                    {
                        "field_type": "text",
                        "cost": 1.0,
                        "field_name": "blood_type",
                        "is_optional": false,
                        "delta_width": 30,
                        "width": 125
                    },
                    {
                        "field_type": "gap",
                        "delta_width": 100,
                        "width": 550
                    }
                ]
            },
            {
                "delta_height": 100,
                "line_type": "gap",
                "height": 100
            }
        ]
    }
}