{
    "type": "dynamic",
    "settings": {
        "preprocessing": {
            "processing_steps": [
                {
                    "type": "blink_removing",
                    "settings": {
                        "blink_removing_percent": 0.1
                    }
                },
                {
                    "type": "background_closing",
                    "settings": {
                        "background_closing_wy": 5,
                        "background_closing_wx": 5
                    }
                },
                {
                    "type": "morphology_open",
                    "settings": {
                        "morphology_open_wy": 0,
                        "morphology_open_wx": 15
                    }
                },
                {
                    "type": "autocontrast",
                    "settings": {
                        "autocontrast_satur_white": 0.1,
                        "autocontrast_satur_black": 0.0
                    }
                },
                {
                    "type": "angle_detection",
                    "settings": {
                        "width_downscale": 0.5,
                        "height_downscale": 1.0
                    }
                }
            ],
            "settings": {}
        },
        "settings": {
            "grid_step_y": 1,
            "grid_step_x": 1,
            "gap_right": 10,
            "gap_left": 15,
            "gap_bot": 7,
            "gap_top": 7,
            "score_type": "otsu",
            "rejection_threshold": 0.15,
            "default_gap_dp_cost": 0.0,
            "default_gap_otsu_cost": 0.7,
            "local_otsu_window_wing": -1
        },
        "layout": [
            {
                "delta_height": 20,
                "line_type": "gap",
                "height": 100
            },
            {
                "line_type": "text",
                "height": 30,
                "delta_height": 10,
                "fields": [
                    {
                        "field_type": "gap",
                        "delta_width": 20,
                        "width": 30
                    },
                    {
                        "field_type": "text",
                        "cost": 1.0,
                        "field_name": "marital_status",
                        "is_optional": false,
                        "delta_width": 130,
                        "width": 150
                    },
                    {
                        "field_type": "gap",
                        "delta_width": 130,
                        "width": 160
                    },
                    {
                        "field_type": "text",
                        "cost": 1.0,
                        "field_name": "military_duty",
                        "is_optional": false,
                        "delta_width": 100,
                        "width": 150
                    },
                    {
                        "field_type": "gap",
                        "delta_width": 100,
                        "width": 150
                    },
                    {
                        "field_type": "text",
                        "cost": 1.0,
                        "field_name": "blood_type",
                        "is_optional": false,
                        "delta_width": 20,
                        "width": 120
                    },
                    {
                        "field_type": "gap",
                        "delta_width": 20,
                        "width": 50
                    },
                    {
                        "field_type": "text",
                        "cost": 1.0,
                        "field_name": "eyes",
                        "is_optional": false,
                        "delta_width": 130,
                        "width": 190
                    },
                    {
                        "field_type": "gap",
                        "delta_width": 100,
                        "width": 150
                    },
                    {
                        "field_type": "text",
                        "cost": 1.0,
                        "field_name": "gender",
                        "is_optional": false,
                        "delta_width": 30,
                        "width": 50
                    },
                    {
                        "field_type": "gap",
                        "delta_width": 20,
                        "width": 100
                    }
                ]
            },
            {
                "delta_height": 20,
                "line_type": "gap",
                "height": 50
            },
            {
                "line_type": "text",
                "height": 30,
                "delta_height": 10,
                "fields": [
                    {
                        "field_type": "gap",
                        "delta_width": 20,
                        "width": 30
                    },
                    {
                        "field_type": "text",
                        "cost": 1.0,
                        "field_name": "address_line0",
                        "is_optional": false,
                        "delta_width": 600,
                        "width": 650
                    },
                    {
                        "field_type": "gap",
                        "delta_width": 500,
                        "width": 550
                    },
                    {
                        "field_type": "text",
                        "cost": 1.0,
                        "field_name": "height",
                        "is_optional": false,
                        "delta_width": 40,
                        "width": 60
                    },
                    {
                        "field_type": "gap",
                        "delta_width": 20,
                        "width": 70
                    }
                ]
            },
            {
                "delta_height": 10,
                "line_type": "gap",
                "height": 15
            },
            {
                "line_type": "text",
                "height": 30,
                "delta_height": 10,
                "fields": [
                    {
                        "field_type": "gap",
                        "delta_width": 20,
                        "width": 30
                    },
                    {
                        "field_type": "text",
                        "cost": 0.6,
                        "field_name": "address_line1",
                        "is_optional": true,
                        "delta_width": 630,
                        "width": 650
                    },
                    {
                        "field_type": "gap",
                        "delta_width": 780,
                        "width": 800
                    }
                ]
            },
            {
                "delta_height": 10,
                "line_type": "gap",
                "height": 70
            },
            {
                "line_type": "text",
                "height": 30,
                "delta_height": 10,
                "fields": [
                    {
                        "field_type": "gap",
                        "delta_width": 20,
                        "width": 30
                    },
                    {
                        "field_type": "text",
                        "cost": 1.0,
                        "field_name": "authority",
                        "is_optional": true,
                        "delta_width": 500,
                        "width": 570
                    },
                    {
                        "field_type": "gap",
                        "delta_width": 530,
                        "width": 630
                    }
                ]
            },
            {
                "delta_height": 20,
                "line_type": "gap",
                "height": 30
            },
            {
                "line_type": "text",
                "height": 30,
                "delta_height": 10,
                "fields": [
                    {
                        "field_type": "gap",
                        "delta_width": 20,
                        "width": 30
                    },
                    {
                        "field_type": "text",
                        "cost": 1.0,
                        "field_name": "issue_date",
                        "is_optional": true,
                        "delta_width": 20,
                        "width": 160
                    },
                    {
                        "field_type": "gap",
                        "delta_width": 20,
                        "width": 480
                    },
                    {
                        "field_type": "text",
                        "cost": 1.0,
                        "field_name": "expiry_date",
                        "is_optional": true,
                        "delta_width": 20,
                        "width": 160
                    },
                    {
                        "field_type": "gap",
                        "delta_width": 20,
                        "width": 70
                    }
                ]
            },
            {
                "delta_height": 20,
                "line_type": "gap",
                "height": 40
            }
        ]
    }
}