{
    "type": "dynamic",
    "settings": {
        "preprocessing": {
            "processing_steps": [
                {
                    "type": "blink_removing",
                    "settings": {
                        "blink_removing_percent": 0.1
                    }
                },
                {
                    "type": "background_closing",
                    "settings": {
                        "background_closing_wy": 4,
                        "background_closing_wx": 4
                    }
                },
                {
                    "type": "morphology_open",
                    "settings": {
                        "morphology_open_wy": 1,
                        "morphology_open_wx": 18
                    }
                },
                {
                    "type": "autocontrast",
                    "settings": {
                        "autocontrast_satur_white": 0.05,
                        "autocontrast_satur_black": 0.05
                    }
                },
                {
                    "type": "angle_detection",
                    "settings": {
                        "width_downscale": 0.5,
                        "height_downscale": 1.0
                    }
                }
            ],
            "settings": {}
        },
        "settings": {
            "grid_step_y": 1,
            "grid_step_x": 1,
            "gap_right": 15,
            "gap_left": 10,
            "gap_bot": 6,
            "gap_top": 6,
            "score_type": "otsu",
            "rejection_threshold": 0.15,
            "default_gap_dp_cost": 0.0,
            "default_gap_otsu_cost": 0.7,
            "local_otsu_window_wing": -1
        },
        "layout": [
            {
                "delta_height": 15,
                "line_type": "gap",
                "height": 15
            },
            {
                "line_type": "text",
                "height": 30,
                "delta_height": 10,
                "fields": [
                    {
                        "field_type": "gap",
                        "delta_width": 20,
                        "width": 400
                    },
                    {
                        "field_type": "text",
                        "cost": 1.0,
                        "field_name": "number",
                        "is_optional": false,
                        "delta_width": 20,
                        "width": 190
                    },
                    {
                        "field_type": "gap",
                        "delta_width": 20,
                        "width": 40
                    }
                ]
            },
            {
                "delta_height": 20,
                "line_type": "gap",
                "height": 70
            },
            {
                "line_type": "text",
                "height": 30,
                "delta_height": 10,
                "fields": [
                    {
                        "field_type": "gap",
                        "delta_width": 20,
                        "width": 40
                    },
                    {
                        "field_type": "text",
                        "cost": 1.0,
                        "field_name": "last_name",
                        "is_optional": false,
                        "delta_width": 260,
                        "width": 320
                    },
                    {
                        "field_type": "gap",
                        "delta_width": 400,
                        "width": 500
                    }
                ]
            },
            {
                "delta_height": 20,
                "line_type": "gap",
                "height": 50
            },
            {
                "line_type": "text",
                "height": 30,
                "delta_height": 10,
                "fields": [
                    {
                        "field_type": "gap",
                        "delta_width": 20,
                        "width": 40
                    },
                    {
                        "field_type": "text",
                        "cost": 1.0,
                        "field_name": "name",
                        "is_optional": false,
                        "delta_width": 260,
                        "width": 320
                    },
                    {
                        "field_type": "gap",
                        "delta_width": 400,
                        "width": 500
                    }
                ]
            },
            {
                "delta_height": 20,
                "line_type": "gap",
                "height": 50
            },
            {
                "line_type": "text",
                "height": 30,
                "delta_height": 10,
                "fields": [
                    {
                        "field_type": "gap",
                        "delta_width": 20,
                        "width": 40
                    },
                    {
                        "field_type": "text",
                        "cost": 1.0,
                        "field_name": "patronymic",
                        "is_optional": false,
                        "delta_width": 260,
                        "width": 320
                    },
                    {
                        "field_type": "gap",
                        "delta_width": 400,
                        "width": 500
                    }
                ]
            },
            {
                "delta_height": 20,
                "line_type": "gap",
                "height": 50
            },
            {
                "line_type": "text",
                "height": 30,
                "delta_height": 10,
                "fields": [
                    {
                        "field_type": "gap",
                        "delta_width": 20,
                        "width": 40
                    },
                    {
                        "field_type": "text",
                        "cost": 1.0,
                        "field_name": "birth_place_line0",
                        "is_optional": false,
                        "delta_width": 500,
                        "width": 550,
                        "gap_right": 20
                    },
                    {
                        "field_type": "gap",
                        "delta_width": 400,
                        "width": 500
                    }
                ]
            },
            {
                "delta_height": 20,
                "line_type": "gap",
                "height": 20
            },
            {
                "line_type": "text",
                "height": 30,
                "delta_height": 10,
                "fields": [
                    {
                        "field_type": "gap",
                        "delta_width": 20,
                        "width": 40
                    },
                    {
                        "field_type": "text",
                        "cost": 1.0,
                        "field_name": "birth_place_line1",
                        "is_optional": false,
                        "delta_width": 500,
                        "width": 550
                    },
                    {
                        "field_type": "gap",
                        "delta_width": 400,
                        "width": 500,
                        "gap_right": 20
                    }
                ]
            },
            {
                "delta_height": 20,
                "line_type": "gap",
                "height": 40
            }
        ]
    }
}