{
    "type": "dynamic",
    "settings": {
        "preprocessing": {
            "processing_steps": [
                {
                    "type": "blink_removing",
                    "settings": {
                        "blink_removing_percent": 0.1
                    }
                },
                {
                    "type": "background_closing",
                    "settings": {
                        "background_closing_wy": 4,
                        "background_closing_wx": 4
                    }
                },
                {
                    "type": "morphology_open",
                    "settings": {
                        "morphology_open_wy": 1,
                        "morphology_open_wx": 8
                    }
                },
                {
                    "type": "autocontrast",
                    "settings": {
                        "autocontrast_satur_white": 0.05,
                        "autocontrast_satur_black": 0.05
                    }
                },
                {
                    "type": "angle_detection",
                    "settings": {
                        "width_downscale": 0.5,
                        "height_downscale": 1.0
                    }
                }
            ],
            "settings": {}
        },
        "settings": {
            "grid_step_y": 1,
            "grid_step_x": 1,
            "gap_right": 15,
            "gap_left": 15,
            "gap_bot": 10,
            "gap_top": 10,
            "score_type": "otsu",
            "rejection_threshold": 0.15,
            "default_gap_dp_cost": 0.0,
            "default_gap_otsu_cost": 0.7,
            "local_otsu_window_wing": -1
        },
        "layout": [
            {
                "delta_height": 40,
                "line_type": "gap",
                "height": 40
            },
            {
                "line_type": "text",
                "height": 25,
                "delta_height": 10,
                "fields": [
                    {
                        "field_type": "gap",
                        "delta_width": 40,
                        "width": 40
                    },
                    {
                        "field_type": "text",
                        "cost": 1.0,
                        "field_name": "type",
                        "is_optional": false,
                        "delta_width": 20,
                        "width": 40
                    },
                    {
                        "field_type": "gap",
                        "delta_width": 20,
                        "width": 470
                    },
                    {
                        "field_type": "text",
                        "cost": 1.0,
                        "field_name": "number",
                        "is_optional": false,
                        "delta_width": 20,
                        "width": 140
                    },
                    {
                        "field_type": "gap",
                        "delta_width": 40,
                        "width": 190
                    }
                ]
            },
            {
                "delta_height": 20,
                "line_type": "gap",
                "height": 60
            },
            {
                "line_type": "text",
                "height": 25,
                "delta_height": 10,
                "fields": [
                    {
                        "field_type": "gap",
                        "delta_width": 20,
                        "width": 30
                    },
                    {
                        "field_type": "text",
                        "cost": 1.0,
                        "field_name": "last_name",
                        "is_optional": false,
                        "delta_width": 400,
                        "width": 500
                    },
                    {
                        "field_type": "gap",
                        "delta_width": 500,
                        "width": 600
                    }
                ]
            },
            {
                "delta_height": 20,
                "line_type": "gap",
                "height": 60
            },
            {
                "line_type": "text",
                "height": 25,
                "delta_height": 10,
                "fields": [
                    {
                        "field_type": "gap",
                        "delta_width": 20,
                        "width": 30
                    },
                    {
                        "field_type": "text",
                        "cost": 1.0,
                        "field_name": "name",
                        "is_optional": false,
                        "delta_width": 500,
                        "width": 700
                    },
                    {
                        "field_type": "gap",
                        "delta_width": 500,
                        "width": 600
                    }
                ]
            },
            {
                "delta_height": 20,
                "line_type": "gap",
                "height": 60
            },
            {
                "line_type": "text",
                "height": 25,
                "delta_height": 10,
                "fields": [
                    {
                        "field_type": "gap",
                        "delta_width": 20,
                        "width": 30
                    },
                    {
                        "field_type": "text",
                        "cost": 1.0,
                        "field_name": "nationality",
                        "is_optional": false,
                        "delta_width": 500,
                        "width": 600
                    },
                    {
                        "field_type": "gap",
                        "delta_width": 400,
                        "width": 500
                    },
                    {
                        "field_type": "text",
                        "cost": 1.0,
                        "field_name": "gender",
                        "is_optional": false,
                        "delta_width": 20,
                        "width": 70
                    },
                    {
                        "field_type": "gap",
                        "delta_width": 40,
                        "width": 60
                    }
                ]
            },
            {
                "delta_height": 20,
                "line_type": "gap",
                "height": 60
            },
            {
                "line_type": "text",
                "height": 25,
                "delta_height": 10,
                "fields": [
                    {
                        "field_type": "gap",
                        "delta_width": 20,
                        "width": 30
                    },
                    {
                        "field_type": "text",
                        "cost": 1.0,
                        "field_name": "birth_date",
                        "is_optional": false,
                        "delta_width": 20,
                        "width": 160
                    },
                    {
                        "field_type": "gap",
                        "delta_width": 20,
                        "width": 160
                    },
                    {
                        "field_type": "text",
                        "cost": 1.0,
                        "field_name": "issue_date",
                        "is_optional": false,
                        "delta_width": 20,
                        "width": 160
                    },
                    {
                        "field_type": "gap",
                        "delta_width": 35,
                        "width": 160
                    },
                    {
                        "field_type": "text",
                        "cost": 1.0,
                        "field_name": "expiry_date",
                        "is_optional": false,
                        "delta_width": 20,
                        "width": 160
                    },
                    {
                        "field_type": "gap",
                        "delta_width": 35,
                        "width": 80
                    }
                ]
            },
            {
                "delta_height": 20,
                "line_type": "gap",
                "height": 60
            },
            {
                "line_type": "text",
                "height": 25,
                "delta_height": 10,
                "fields": [
                    {
                        "field_type": "gap",
                        "delta_width": 20,
                        "width": 30
                    },
                    {
                        "field_type": "text",
                        "cost": 1.0,
                        "field_name": "birth_place",
                        "is_optional": false,
                        "delta_width": 600,
                        "width": 700
                    },
                    {
                        "field_type": "gap",
                        "delta_width": 600,
                        "width": 700
                    }
                ]
            },
            {
                "delta_height": 20,
                "line_type": "gap",
                "height": 60
            },
            {
                "line_type": "text",
                "height": 28,
                "delta_height": 10,
                "fields": [
                    {
                        "field_type": "gap",
                        "delta_width": 20,
                        "width": 30
                    },
                    {
                        "field_type": "text",
                        "cost": 1.0,
                        "field_name": "authority",
                        "is_optional": false,
                        "delta_width": 600,
                        "width": 700
                    },
                    {
                        "field_type": "gap",
                        "delta_width": 600,
                        "width": 700
                    }
                ]
            },
            {
                "delta_height": 20,
                "line_type": "gap",
                "height": 30
            },
            {
                "line_type": "text",
                "height": 25,
                "delta_height": 10,
                "fields": [
                    {
                        "field_type": "gap",
                        "delta_width": 20,
                        "width": 30
                    },
                    {
                        "field_type": "text",
                        "cost": 1.0,
                        "field_name": "authority_eng",
                        "is_optional": false,
                        "delta_width": 600,
                        "width": 700
                    },
                    {
                        "field_type": "gap",
                        "delta_width": 600,
                        "width": 700
                    }
                ]
            },
            {
                "delta_height": 50,
                "line_type": "gap",
                "height": 60
            }
        ]
    }
}