{
    "type": "dynamic",
    "settings": {
        "preprocessing": {
            "processing_steps": [
                {
                    "type": "blink_removing",
                    "settings": {
                        "blink_removing_percent": 0.1
                    }
                },
                {
                    "type": "background_closing",
                    "settings": {
                        "background_closing_wy": 4,
                        "background_closing_wx": 4
                    }
                },
                {
                    "type": "morphology_open",
                    "settings": {
                        "morphology_open_wy": 1,
                        "morphology_open_wx": 7
                    }
                },
                {
                    "type": "autocontrast",
                    "settings": {
                        "autocontrast_satur_white": 0.05,
                        "autocontrast_satur_black": 0.05
                    }
                },
                {
                    "type": "angle_detection",
                    "settings": {
                        "width_downscale": 0.5,
                        "height_downscale": 1.0
                    }
                }
            ],
            "settings": {}
        },
        "settings": {
            "grid_step_y": 1,
            "grid_step_x": 1,
            "gap_right": 10,
            "gap_left": 20,
            "gap_bot": 10,
            "gap_top": 10,
            "score_type": "otsu",
            "rejection_threshold": 0.15,
            "default_gap_dp_cost": 0.0,
            "default_gap_otsu_cost": 0.7,
            "local_otsu_window_wing": -1
        },
        "layout": [
            {
                "delta_height": 20,
                "line_type": "gap",
                "height": 40
            },
            {
                "line_type": "text",
                "height": 25,
                "delta_height": 10,
                "fields": [
                    {
                        "field_type": "gap",
                        "delta_width": 20,
                        "width": 400
                    },
                    {
                        "field_type": "text",
                        "cost": 1.0,
                        "field_name": "number",
                        "is_optional": false,
                        "delta_width": 20,
                        "width": 230
                    },
                    {
                        "field_type": "gap",
                        "delta_width": 20,
                        "width": 30
                    }
                ]
            },
            {
                "delta_height": 20,
                "line_type": "gap",
                "height": 200
            },
            {
                "line_type": "text",
                "height": 25,
                "delta_height": 10,
                "fields": [
                    {
                        "field_type": "gap",
                        "delta_width": 220,
                        "width": 400
                    },
                    {
                        "field_type": "text",
                        "cost": 1.0,
                        "field_name": "registration_number",
                        "is_optional": false,
                        "delta_width": 20,
                        "width": 130
                    },
                    {
                        "field_type": "gap",
                        "delta_width": 330,
                        "width": 340
                    }
                ]
            },
            {
                "delta_height": 20,
                "line_type": "gap",
                "height": 40
            },
            {
                "line_type": "text",
                "height": 25,
                "delta_height": 10,
                "fields": [
                    {
                        "field_type": "gap",
                        "delta_width": 50,
                        "width": 110
                    },
                    {
                        "field_type": "text",
                        "cost": 1.0,
                        "field_name": "model",
                        "is_optional": false,
                        "delta_width": 200,
                        "width": 320
                    },
                    {
                        "field_type": "gap",
                        "delta_width": 300,
                        "width": 470
                    }
                ]
            },
            {
                "delta_height": 20,
                "line_type": "gap",
                "height": 40
            },
            {
                "line_type": "text",
                "height": 25,
                "delta_height": 10,
                "fields": [
                    {
                        "field_type": "gap",
                        "delta_width": 50,
                        "width": 80
                    },
                    {
                        "field_type": "text",
                        "cost": 1.0,
                        "field_name": "type",
                        "is_optional": false,
                        "delta_width": 150,
                        "width": 200
                    },
                    {
                        "field_type": "gap",
                        "delta_width": 50,
                        "width": 320
                    },
                    {
                        "field_type": "text",
                        "cost": 1.0,
                        "field_name": "manufacture_year",
                        "is_optional": false,
                        "delta_width": 20,
                        "width": 60
                    },
                    {
                        "field_type": "gap",
                        "delta_width": 20,
                        "width": 160
                    }
                ]
            },
            {
                "delta_height": 20,
                "line_type": "gap",
                "height": 40
            },
            {
                "line_type": "text",
                "height": 25,
                "delta_height": 10,
                "fields": [
                    {
                        "field_type": "gap",
                        "delta_width": 100,
                        "width": 110
                    },
                    {
                        "field_type": "text",
                        "cost": 1.0,
                        "field_name": "engine_number",
                        "is_optional": false,
                        "delta_width": 100,
                        "width": 180
                    },
                    {
                        "field_type": "gap",
                        "delta_width": 200,
                        "width": 250
                    },
                    {
                        "field_type": "text",
                        "cost": 1.0,
                        "field_name": "body",
                        "is_optional": false,
                        "delta_width": 20,
                        "width": 240
                    },
                    {
                        "field_type": "gap",
                        "delta_width": 20,
                        "width": 80
                    }
                ]
            },
            {
                "delta_height": 20,
                "line_type": "gap",
                "height": 40
            },
            {
                "line_type": "text",
                "height": 25,
                "delta_height": 10,
                "fields": [
                    {
                        "field_type": "gap",
                        "delta_width": 150,
                        "width": 200
                    },
                    {
                        "field_type": "text",
                        "cost": 1.0,
                        "field_name": "chassis_number",
                        "is_optional": false,
                        "delta_width": 150,
                        "width": 200
                    },
                    {
                        "field_type": "gap",
                        "delta_width": 250,
                        "width": 420
                    }
                ]
            },
            {
                "delta_height": 20,
                "line_type": "gap",
                "height": 90
            },
            {
                "line_type": "text",
                "height": 25,
                "delta_height": 10,
                "fields": [
                    {
                        "field_type": "gap",
                        "delta_width": 140,
                        "width": 520
                    },
                    {
                        "field_type": "text",
                        "cost": 1.0,
                        "field_name": "engine_capacity",
                        "is_optional": false,
                        "delta_width": 30,
                        "width": 70
                    },
                    {
                        "field_type": "gap",
                        "delta_width": 180,
                        "width": 190
                    }
                ]
            },
            {
                "delta_height": 20,
                "line_type": "gap",
                "height": 30
            }
        ]
    }
}