{
  "aze.drvlic.type2": {
    "(documentation)": {
      "description": "Azerbaijan Driving License (AZ sign in the middle and the flag of Azerbaijan near it, front side)", 
      "name": "Azerbaijan Driving License", 
      "prado_link": "http://www.consilium.europa.eu/prado/en/AZE-FO-01001/index.html"
    }, 
    "expected_templates": [],
    "output_fields": [
      "number", 
      "categories", 
      "last_name", 
      "name", 
      "birth_date", 
      "birth_place", 
      "address", 
      "blood_type",
      "authority", 
      "expiry_date", 
      "issue_date", 
      "signature", 
      "photo",
      "blood_type"
    ], 
    "postprocessors": [
      {
        "input_fields": ["series"], 
        "postprocessor": {
          "type": "single_side_cropper",
          "settings": {
            "crop_alphabet": "N",
            "side": "left" 
          }
        }
      },
      {
        "allow_incomplete_inputs": true, 
        "postprocessor": {
          "type": "merge", 
          "settings": {
            "output_field": "number", 
            "separator": "", 
            "input_fields_sequence": [
              "series", 
              "number"
            ]
          }
        }, 
        "input_fields": [
          "series", 
          "number"
        ], 
        "output_fields": [
          "number"
        ]
      },
      {
        "input_fields": ["issue_date"], 
        "postprocessor": ":/postprocessor/date/default_issue_date_DDMMYYYY_postprocessor.json"
      }, 
      {
        "input_fields": ["expiry_date"], 
        "postprocessor": ":/postprocessor/date/default_expiry_date_DDMMYYYY_postprocessor.json"
      }, 
      {
        "input_fields": ["number"], 
        "postprocessor": "postprocessors/number_filter.json"
      },
      {
        "input_fields": ["number"], 
        "postprocessor": ":/docs/aze/postprocessors/new_drvlic_number_postprocessor.json"
      },
      {
        "input_fields": ["categories"], 
        "postprocessor": ":/postprocessor/punctuation_filter.json"
      }, 
      {
        "input_fields": ["birth_place_and_date"], 
        "output_fields": ["birth_place", "birth_date"], 
        "postprocessor": "postprocessors/bplace_and_bdate_formatter_rev.json"
      }, 
      {
        "input_fields": ["categories"], 
        "postprocessor": "postprocessors/drvlic_class_postprocessor.json"
      },
      {
        "input_fields": ["authority"], 
        "postprocessor": ":/postprocessor/spaces_normalizer.json"
      },
      {
        "input_fields": ["authority"], 
        "postprocessor": "postprocessors/drv_aze_type1_authority.json"
      }
    ], 
    "rejectors": {"__default__": ":/rejector/default_loyal_rejector.json"}, 
    "templates": {
      "aze.drvlic.type2:back": {"path": "tpl__aze.drvlic.type2.back.json"}, 
      "aze.drvlic.type2:front": {"path": "tpl__aze.drvlic.type2.front.json"}
    }
  }
}
