{
  "aze.passport.type2": {
    "(documentation)": {
      "description": "Azerbaijan Passport (biometric symbol in the top-left corner and Azerbaijan's coat of arms on the right side, main page)", 
      "name": "Azerbaijan Passport", 
      "prado_link": "http://www.consilium.europa.eu/prado/en/AZE-AO-02002/index.html"
    }, 
    "expected_templates": ["aze.passport.type2:main"], 
    "forensic_fields": [
      "check_dates", 
      "check_number", 
      "check_last_name", 
      "check_name", 
      "check_gender", 
      "check_birth_date", 
      "check_expiry_date", 
      "check_cd_composite_mrz", 
      "check_cd_number_mrz", 
      "check_cd_birth_date_mrz", 
      "check_cd_opt_data_2_mrz", 
      "check_cd_expiry_date_mrz"
    ], 
    "output_fields": [
      "id_number", 
      "number", 
      "last_name", 
      "last_name_eng", 
      "name", 
      "name_eng", 
      "patronymic", 
      "nationality", 
      "nationality_eng", 
      "gender", 
      "birth_date", 
      "birth_place_eng", 
      "issue_date", 
      "expiry_date", 
      "birth_place", 
      "authority", 
      "authority_eng", 
      "photo", 
      "mrz_doc_type_code", 
      "mrz_birth_date", 
      "mrz_expiry_date", 
      "mrz_number", 
      "mrz_name", 
      "mrz_issuer", 
      "mrz_nationality", 
      "mrz_opt_data_2", 
      "mrz_last_name", 
      "mrz_line1", 
      "mrz_line2", 
      "full_mrz", 
      "mrz_gender", 
      "signature", 
      "type"
    ], 
    "postprocessors": [
      ":/postprocessor/mrz/mrz_postprocessor_slot.json", 
      ":/postprocessor/mrz/mrz_convention_renaming_slot_notype.json", 
      {
        "input_fields": ["number"], 
        "postprocessor": "postprocessors/passport_type2_number_postprocessor.json"
      }, 
      {
        "input_fields": ["id_number"], 
        "postprocessor": "postprocessors/passport_type2_id_number_postprocessor.json"
      }, 
      ":/postprocessor/check_dates_postprocessor_slot.json", 
      ":/postprocessor/passport_check_mrz_fields_postprocessor_slot.json", 
      {
        "input_fields": ["authority"], 
        "postprocessor": "postprocessors/passport_authority.json"
      }, 
      {
        "input_fields": ["authority_eng"], 
        "postprocessor": "postprocessors/authority_eng.json"
      }, 
      {
        "input_fields": ["nationality_eng"], 
        "postprocessor": "postprocessors/nationality_eng.json"
      }, 
      {
        "input_fields": ["type"], 
        "postprocessor": ":/postprocessor/dict/passport_type_postprocessor.json"
      }
    ], 
    "rejectors": {"__default__": ":/rejector/default_loyal_rejector.json"}, 
    "templates": {
      "aze.passport.type2:main": {"path": "tpl__aze.passport.type2.main.json"}
    }
  }
}