{
  "aze.vrd.type1": {
    "(documentation)": {
      "description": "Azerbaijan Vehicle Registration Certificate (document without a personal photo, AZ sign in the top-left corner and the flag of Azerbaijan near it, main page)", 
      "name": "Azerbaijan Vehicle Registration Certificate"
    }, 
    "expected_templates": ["aze.vrd.type1:front"], 
    "output_fields": [
      "body", 
      "number", 
      "registration_number", 
      "manufacture_year", 
      "engine_number", 
      "model", 
      "type", 
      "chassis_number", 
      "engine_capacity"
    ], 
    "postprocessors": [
      {
        "input_fields": ["number"], 
        "postprocessor": "postprocessors/vrd_number_postprocessor.json"
      }, 
      {
        "input_fields": ["manufacture_year"], 
        "postprocessor": ":/postprocessor/alphabet/digits_only_alphabet_postprocessor.json"
      }, 
      {
        "input_fields": ["registration_number"], 
        "postprocessor": "postprocessors/vrd_reg_number_postprocessor.json"
      }, 
      {
        "input_fields": ["type"], 
        "postprocessor": "postprocessors/type_levdict_postprocessor.json"
      }, 
      {
        "input_fields": ["engine_number"], 
        "postprocessor": "postprocessors/alphabet_postprocessor.json"
      }, 
      {
        "input_fields": ["chassis_number"], 
        "postprocessor": "postprocessors/alphabet_postprocessor.json"
      }, 
      {
        "input_fields": ["body"], 
        "postprocessor": "postprocessors/alphabet_postprocessor.json"
      }, 
      {
        "input_fields": ["model"], 
        "postprocessor": "postprocessors/model_postprocessor.json"
      }
    ], 
    "rejectors": {"__default__": ":/rejector/default_loyal_rejector.json"}, 
    "templates": {"aze.vrd.type1:front": {"path": "tpl__aze.vrd.type1.front.json"}}
  }
}