{
  "aze.drvlic.type1": {
    "(documentation)": {
      "description": "Azerbaijan Driving License (AZ sign in the top-left corner and the name of document on the top in the middle, front side)", 
      "name": "Azerbaijan Driving License", 
      "prado_link": "http://www.consilium.europa.eu/prado/en/AZE-FO-02001/index.html"
    }, 
    "expected_templates": [],
    "output_fields": [
      "number", 
      "categories", 
      "last_name", 
      "name", 
      "birth_date", 
      "birth_place",
      "blood_type",
      "address", 
      "authority", 
      "expiry_date", 
      "issue_date", 
      "signature"
    ], 
    "postprocessors": [
      {
        "allow_incomplete_inputs": true, 
        "postprocessor": {
          "type": "merge", 
          "settings": {
            "output_field": "address", 
            "separator": " ", 
            "input_fields_sequence": [
              "address_line0", 
              "address_line1"
            ]
          }
        }, 
        "input_fields": [
          "address_line0", 
          "address_line1"
        ], 
        "output_fields": [
          "address"
        ]
      },
      {
        "input_fields": ["number"], 
        "postprocessor": "postprocessors/number_filter.json"
      },  
      {
        "input_fields": ["issue_date"], 
        "postprocessor": ":/postprocessor/date/default_issue_date_DDMMYYYY_postprocessor.json"
      }, 
      {
        "input_fields": ["expiry_date"], 
        "postprocessor": ":/postprocessor/date/default_expiry_date_DDMMYYYY_postprocessor.json"
      }, 
      {
        "input_fields": ["number"], 
        "postprocessor": ":/docs/aze/postprocessors/new_drvlic_number_postprocessor.json"
      }, 
      {
        "input_fields": ["categories"], 
        "postprocessor": ":/postprocessor/punctuation_filter.json"
      }, 
      {
        "input_fields": ["authority"], 
        "postprocessor": "postprocessors/drv_aze_type1_authority.json"
      }, 
      {
        "input_fields": ["birth_place_and_date"], 
        "output_fields": ["birth_place", "birth_date"], 
        "postprocessor": "postprocessors/bplace_and_bdate_formatter_rev.json"
      }, 
      {
        "input_fields": ["categories"], 
        "postprocessor": "postprocessors/drvlic_class_postprocessor.json"
      }
    ], 
    "rejectors": {"__default__": ":/rejector/default_loyal_rejector.json"}, 
    "templates": {"aze.drvlic.type1:front": {"path": "tpl__aze.drvlic.type1.front.json"}}
  }
}
