{
  "aze.id.type2": {
    "(documentation)": {
      "description": "Azerbaijan ID card (Azerbaijan's flag in the top-left corner, front side)", 
      "name": "Azerbaijan ID card"
    }, 
    "expected_templates": [], 
    "forensic_fields": [
      "check_cd_composite_mrz", 
      "check_cd_number_mrz", 
      "check_cd_birth_date_mrz", 
      "check_cd_expiry_date_mrz", 
      "check_birth_date", 
      "check_expiry_date", 
      "check_name", 
      "check_last_name", 
      "check_number"
    ], 
    "output_fields": [
      "number", 
      "id_number",
      "last_name", 
      "name", 
      "patronymic", 
      "birth_date", 
      "expiry_date", 
      "nationality",
      "gender", 
      "photo",
      "signature", 
      "birth_place", 
      "blood_type", 

      "full_mrz", 
      "mrz_doc_type_code", 
      "mrz_issuer", 
      "mrz_expiry_date", 
      "mrz_opt_data_2", 
      "mrz_birth_date", 
      "mrz_nationality", 
      "mrz_number", 
      "mrz_line1", 
      "mrz_gender", 
      "mrz_line2", 
      "mrz_last_name", 
      "mrz_name"
    ], 
    "postprocessors": [
      ":/postprocessor/mrz/mrz_postprocessor_slot.json", 
      ":/postprocessor/mrz/mrz_convention_renaming_slot_notype.json", 
      {
        "input_fields": ["birth_date"], 
        "postprocessor": ":/postprocessor/date/default_birth_date_DDMMYYYY_postprocessor.json"
      }, 
      {
        "input_fields": ["expiry_date"], 
        "postprocessor": ":/postprocessor/date/default_expiry_date_DDMMYYYY_postprocessor.json"
      },
      {
        "input_fields": ["gender"], 
        "postprocessor": ":/postprocessor/dict/M_F.json"
      }, 
      {
        "input_fields": ["number"], 
        "postprocessor": "postprocessors/id_type2_number_postprocessor.json"
      }, 
      {
        "input_fields": ["nationality"], 
        "postprocessor": "postprocessors/nationality_postprocessor.json"
      },
      ":/postprocessor/check_mrz/id_check_mrz_fields_postprocessor_slot_variant25.json"
    ], 
    "rejectors": {"__default__": ":/rejector/default_loyal_rejector.json"}, 
    "templates": {
      "aze.id.type2:back": {"path": "tpl__aze.id.type2.back.json"}, 
      "aze.id.type2:front": {"path": "tpl__aze.id.type2.front.json"}
    }
  }
}