{
  "aze.id.type1": {
    "(documentation)": {
      "description": "Azerbaijan ID card (Azerbaijan's coat of arms in the top-left corner, front side)", 
      "name": "Azerbaijan ID card"
    }, 
    "expected_templates": [], 
    "forensic_fields": [
      "check_cd_composite_mrz", 
      "check_cd_number_mrz", 
      "check_cd_birth_date_mrz", 
      "check_cd_expiry_date_mrz", 
      "check_birth_date", 
      "check_expiry_date", 
      "check_name", 
      "check_last_name", 
      "check_number"
    ], 
    "output_fields": [
      "number", 
      "last_name", 
      "blood_type", 
      "name", 
      "patronymic", 
      "birth_date", 
      "birth_place", 
      "signature", 
      "marital_status", 
      "military_duty", 
      "address", 
      "authority", 
      "issue_date", 
      "expiry_date", 
      "eyes", 
      "height", 
      "gender", 
      "full_mrz", 
      "mrz_doc_type_code", 
      "mrz_issuer", 
      "mrz_expiry_date", 
      "mrz_opt_data_2", 
      "mrz_birth_date", 
      "mrz_nationality", 
      "mrz_number", 
      "mrz_line1", 
      "mrz_gender", 
      "mrz_line2", 
      "mrz_last_name", 
      "mrz_name"
    ], 
    "postprocessors": [
      ":/postprocessor/mrz/mrz_postprocessor_slot.json", 
      ":/postprocessor/mrz/mrz_convention_renaming_slot_notype.json", 
      {
        "input_fields": ["gender"], 
        "postprocessor": "postprocessors/gender_replacer_postprocessor.json"
      }, 
      {
        "input_fields": ["birth_place_and_date"], 
        "postprocessor": {
          "settings": {"dont_normalize_before": ". -\",", "normalize_after": ","}, 
          "type": "normalizer"
        }
      }, 
      {
        "input_fields": ["birth_place_and_date"], 
        "output_fields": ["birth_place", "birth_date"], 
        "postprocessor": {
          "settings": {
            "mode": "custom", 
            "output_fields_sequence": [
              {"location": "right", "output_field_name": "birth_date"}, 
              {"location": "rest", "output_field_name": "birth_place"}
            ], 
            "separator": " "
          }, 
          "type": "splitter"
        }
      }, 
      {
        "input_fields": ["birth_date"], 
        "postprocessor": ":/postprocessor/date/default_birth_date_DDMMYYYY_postprocessor.json"
      }, 
      ":/postprocessor/check_mrz/id_check_mrz_fields_postprocessor_slot_variant17.json"
    ], 
    "rejectors": {"__default__": ":/rejector/default_loyal_rejector.json"}, 
    "templates": {
      "aze.id.type1:back": {"path": "tpl__aze.id.type1.back.json"}, 
      "aze.id.type1:front": {"path": "tpl__aze.id.type1.front.json"}
    }
  }
}