{
  "aze.passport.type1": {
    "(documentation)": {
      "description": "Azerbaijan Passport (country name in different languages via slash, main page)", 
      "name": "Azerbaijan Passport", 
      "prado_link": "http://www.consilium.europa.eu/prado/en/AZE-AO-01001/index.html"
    }, 
    "expected_templates": ["aze.passport.type1:main"], 
    "forensic_fields": [
      "check_dates", 
      "check_number", 
      "check_last_name", 
      "check_name", 
      "check_gender", 
      "check_birth_date", 
      "check_expiry_date", 
      "check_cd_composite_mrz", 
      "check_cd_number_mrz", 
      "check_cd_birth_date_mrz", 
      "check_cd_opt_data_2_mrz", 
      "check_cd_expiry_date_mrz"
    ], 
    "output_fields": [
      "number", 
      "last_name", 
      "last_name_eng", 
      "name", 
      "name_eng", 
      "patronymic", 
      "nationality", 
      "nationality_eng", 
      "gender", 
      "birth_date", 
      "birth_place_eng", 
      "issue_date", 
      "expiry_date", 
      "birth_place", 
      "authority", 
      "authority_eng", 
      "photo", 
      "mrz_doc_type_code", 
      "mrz_birth_date", 
      "mrz_expiry_date", 
      "mrz_number", 
      "mrz_name", 
      "mrz_issuer", 
      "mrz_nationality", 
      "mrz_opt_data_2", 
      "mrz_last_name", 
      "mrz_line1", 
      "mrz_line2", 
      "full_mrz", 
      "mrz_gender", 
      "type"
    ], 
    "postprocessors": [
      ":/postprocessor/mrz/mrz_postprocessor_slot.json", 
      ":/postprocessor/mrz/mrz_convention_renaming_slot_notype.json", 
      {
        "input_fields": ["type"], 
        "postprocessor": ":/postprocessor/dict/passport_type_postprocessor.json"
      }, 
      {
        "input_fields": ["authority_eng"], 
        "postprocessor": "postprocessors/authority_eng.json"
      }, 
      {
        "input_fields": ["nationality_eng"], 
        "postprocessor": "postprocessors/nationality_eng.json"
      }, 
      {
        "input_fields": ["birth_place_eng"], 
        "postprocessor": "postprocessors/birth_place_eng.json"
      }, 
      {
        "input_fields": ["id_passport"], 
        "postprocessor": "postprocessors/alphabet_id_pass.json"
      }, 
      ":/postprocessor/check_dates_postprocessor_slot.json", 
      {
        "input_fields": ["number"], 
        "postprocessor": ":/docs/aze/postprocessors/passport_type1_number_postprocessor.json"
      }, 
      {
        "input_fields": ["authority"], 
        "postprocessor": "postprocessors/passport_authority.json"
      }, 
      ":/postprocessor/passport_check_mrz_fields_postprocessor_slot.json"
    ], 
    "rejectors": {"__default__": ":/rejector/default_loyal_rejector.json"}, 
    "templates": {
      "aze.passport.type1:main": {"path": "tpl__aze.passport.type1.main.json"}
    }
  }
}