{
  "aze.id.type2:back": {
    "config": "templates/aze.id.type2.back.common.json",
    "expected_fields": [
      "birth_place"
    ],
    "fields": {
      "birth_place0": {
        "scale": 2.0,
        "workflow": {
          "settings": {
            "custom_alphabet": "ABC\u00c7DE\u018fFG\u011eHXI\u0130JKQLMNO\u00d6PRS\u015eTU\u00dcVYZ -.,/'\\\"123456789",
            "deshearer": ":/mixangler/dummy_deshearer.json",
            "recstr": ":/recstr/111_eu_n0072_recstr.json"
          },
          "type": "common"
        }
      },
      "birth_place1": {
        "scale": 2.2,
        "workflow": {
          "settings": {
            "custom_alphabet": "ABC\u00c7DE\u018fFG\u011eHXI\u0130JKQLMNO\u00d6PRS\u015eTU\u00dcVYZ -.,/'\\\"123456789",
            "deshearer": ":/mixangler/dummy_deshearer.json",
            "recstr": ":/recstr/111_eu_n0072_recstr.json"
          },
          "type": "common"
        }
      },
      "blood_type": {
        "scale": 2.1,
        "workflow": {
          "settings": {
            "custom_alphabet": "ABHIRVO()+- ",
            "deshearer": ":/mixangler/dummy_deshearer.json",
            "recstr": ":/recstr/111_eu_n0164_recstr.json"
          },
          "type": "common"
        }
      },
      "mrz_line1": {"scale": 1.2, "workflow": ":/mrz-data/mrz_field_workflow.json"},
      "mrz_line2": {"scale": 1.2, "workflow": ":/mrz-data/mrz_field_workflow.json"},
      "mrz_line3": {"scale": 1.2, "workflow": ":/mrz-data/mrz_field_workflow.json"}
    },
    "formatters": [
      ":/postprocessor/mrz/mrz_formatter_slot_new_td1.json", 
      {
        "allow_incomplete_inputs": true,
        "formatter": {
          "settings": {
            "input_fields_sequence": ["birth_place0", "birth_place1"],
            "output_field": "birth_place",
            "separator": " "
          },
          "type": "merge"
        },
        "input_fields": ["birth_place0", "birth_place1"],
        "output_fields": ["birth_place"]
      },
      {"formatter": ":/postprocessor/spaces_filter.json", "input_fields": ["blood_type"]}
    ],
    "image_integrators": {"__default__": ":/integrator/default_image_integrator.json"},
    "integrators": {
      "__default__": ":/integrator/default_rover_integrator.json",
      "full_mrz": ":/integrator/default_mrz_integrator.json"
    },
    "size": [856, 540],
    "zones": {
      "data_zone": {
        "rect": [215, 105, 625, 265],
        "workflow": {
          "settings": {"vertsgm": "vertsgm/id_t2_back_data_zone_with_dp.json"},
          "type": "common"
        }
      },
      "mrz_zone": {
        "rect": [0, 280, 855, 250],
        "size_override": [800, 233],
        "workflow": ":/mrz-data/mrz_zone_workflow_td1.json"
      }
    }
  }
}