{
  "aze.id.type2:front": {
    "config": "templates/aze.id.type2.front.common.json",
    "expected_fields": ["full_mrz"],
    "fields": {
      "birth_date": {
        "scale": 2.0,
        "workflow": {
          "settings": {
            "custom_alphabet": "0123456789 .-",
            "recstr": ":/recstr/001__n0028_recstr.json"
          },
          "type": "common"
        }
      },
      "expiry_date": {
        "scale": 2.0,
        "workflow": {
          "settings": {
            "custom_alphabet": "0123456789 .-",
            "recstr": ":/recstr/001__n0028_recstr.json"
          },
          "type": "common"
        }
      },
      "gender": {
        "scale": 2.0,
        "workflow": {
          "settings": {
            "custom_alphabet": "MFKQ /",
            "deshearer": ":/mixangler/dummy_deshearer.json",
            "recstr": ":/recstr/111_eu_n0072_recstr.json"
          },
          "type": "common"
        }
      },
      "last_name": {
        "scale": 2.0,
        "workflow": {
          "settings": {
            "custom_alphabet": "ABC\u00c7DE\u018fFG\u011eHXI\u0130JKQLMNO\u00d6PRS\u015eTU\u00dcVYZ -.",
            "recstr": ":/recstr/111_eu_n0006_recstr.json"
          },
          "type": "common"
        }
      },
      "nationality": {
        "scale": 2.0,
        "workflow": {
          "settings": {
            "custom_alphabet": "ABC\u00c7DE\u018fFG\u011eHXI\u0130JKQLMNO\u00d6PRS\u015eTU\u00dcVYZ -",
            "recstr": ":/recstr/111_eu_n0006_recstr.json"
          },
          "type": "common"
        }
      },
      "mrz_line1": {"scale": 1.2, "workflow": ":/mrz-data/mrz_field_workflow.json"},
      "mrz_line2": {"scale": 1.2, "workflow": ":/mrz-data/mrz_field_workflow.json"},
      "name": {
        "scale": 2.0,
        "workflow": {
          "settings": {
            "custom_alphabet": "ABC\u00c7DE\u018fFG\u011eHXI\u0130JKQLMNO\u00d6PRS\u015eTU\u00dcVYZ -.",
            "recstr": ":/recstr/111_eu_n0086_recstr.json"
          },
          "type": "common"
        }
      },
      "number": {
        "scale": 2.0,
        "workflow": {
          "settings": {
            "custom_alphabet": "ABCDEFGHIJKLMNOPQRSTUVWXYZ 123456789",
            "recstr": ":/recstr/111_eu_n0072_recstr.json"
          },
          "type": "common"
        }
      },
      "id_number": {
        "scale": 2.0,
        "workflow": {
          "settings": {
            "custom_alphabet": "ABCDEFGHIJKLMNOPQRSTUVWXYZ 123456789",
            "recstr": ":/recstr/111_eu_n0072_recstr.json"
          },
          "type": "common"
        }
      },
      "patronymic": {
        "scale": 2.0,
        "workflow": {
          "settings": {
            "custom_alphabet": "ABC\u00c7DE\u018fFG\u011eHXI\u0130JKQLMNO\u00d6PRS\u015eTU\u00dcVYZ -.",
            "recstr": ":/recstr/111_eu_n0212_recstr.json"
          },
          "type": "common"
        }
      },
      "photo": {"workflow": {"settings": {}, "type": "image"}},
      "signature": {"workflow": {"settings": {}, "type": "image"}}
    },
    "formatters": [
      {
        "formatter": ":/postprocessor/date/default_birth_date_DDMMYYYY_formatter.json",
        "input_fields": ["birth_date"]
      },
      {
        "formatter": ":/postprocessor/date/default_expiry_date_DDMMYYYY_formatter.json",
        "input_fields": ["expiry_date"]
      },
      {"formatter": ":/postprocessor/slash_right_cropper.json", "input_fields": ["gender"]},
      {"formatter": ":/postprocessor/spaces_filter.json", "input_fields": ["number"]},
      {"formatter": ":/postprocessor/spaces_filter.json", "input_fields": ["id_number"]}
    ],
    "image_integrators": {"__default__": ":/integrator/default_image_integrator.json"},
    "integrators": {
      "__default__": ":/integrator/default_rover_integrator.json",
      "expiry_date": ":/integrator/default_token_integrator.json",
      "birth_date": ":/integrator/default_token_integrator.json"
    },
    "size": [856, 540],
    "zones": {
      "data_zone": {
        "rect": [290, 75, 575, 465],
        "workflow": {
          "settings": {"vertsgm": "vertsgm/id_t2_front_data_zone_with_dp.json"},
          "type": "common"
        }
      },
      "signature": {
        "rect": [490, 440, 370, 100],
        "workflow": ":/signature_retriever/signature_retriever.json"
      },
      "photo_zone": {
        "rect": [0, 70, 300, 355],
        "workflow": ":/photo_retriever/common_objed_photo_retriever.json"
      }
    }
  }
}