{
  "aze.drvlic.type2:back": {
    "config": "templates/aze.drvlic.type2.back.common.json",
    "expected_fields": ["expiry_date", "issue_date"],
    "fields": {
      "address_line0": {
        "scale": 2.0,
        "workflow": {
          "settings": {
            "custom_alphabet": "ABC\u00c7DE\u018fFG\u011eHXI\u0130JKQLMNO\u00d6PRS\u015eTU\u00dcVYZ -.,/'\\\"123456789",
            "deshearer": ":/mixangler/dummy_deshearer.json",
            "recstr": ":/recstr/111_eu_n0006_recstr.json"
          },
          "type": "common"
        }
      },
      "address_line1": {
        "scale": 2.0,
        "workflow": {
          "settings": {
            "custom_alphabet": "ABC\u00c7DE\u018fFG\u011eHXI\u0130JKQLMNO\u00d6PRS\u015eTU\u00dcVYZ -.,/'\\\"123456789",
            "deshearer": ":/mixangler/dummy_deshearer.json",
            "recstr": ":/recstr/111_eu_n0029_recstr.json"
          },
          "type": "common"
        }
      },
      "authority": {
        "scale": 2.5,
        "workflow": {
          "settings": {
            "custom_alphabet": "ABC\u00c7DE\u018fFG\u011eHXI\u0130JKQLMNO\u00d6PRS\u015eTU\u00dcVYZ -.,/123456789",
            "deshearer": ":/mixangler/dummy_deshearer.json",
            "recstr": ":/recstr/111_eu_n0351_recstr.json"
          },
          "type": "common"
        }
      },
      "categories": {
        "scale": 0.7,
        "workflow": {
          "settings": {
            "custom_alphabet": "ABCDEFGHIJKLMNOPQRSTUVWXYZ -.",
            "deshearer": ":/mixangler/dummy_deshearer.json",
            "recstr": ":/recstr/111_eu_n0063_recstr.json"
          },
          "type": "common"
        }
      },
      "expiry_date": {
        "scale": 2.3,
        "workflow": {
          "settings": {
            "custom_alphabet": "0123456789 .-",
            "deshearer": ":/mixangler/dummy_deshearer.json",
            "recstr": ":/recstr/001__n0019_recstr.json"
          },
          "type": "common"
        }
      },
      "issue_date": {
        "scale": 2.3,
        "workflow": {
          "settings": {
            "custom_alphabet": "0123456789 .-",
            "deshearer": ":/mixangler/dummy_deshearer.json",
            "recstr": ":/recstr/app_001_ocrblike_nospacing.json"
          },
          "type": "common"
        }
      },
      "signature": {"workflow": {"settings": {}, "type": "image"}}
    },
    "formatters": [
      {
        "allow_incomplete_inputs": true,
        "formatter": {
          "settings": {
            "input_fields_sequence": ["address_line0", "address_line1"],
            "output_field": "address",
            "separator": " "
          },
          "type": "merge"
        },
        "input_fields": ["address_line0", "address_line1"],
        "output_fields": ["address"]
      },
      {
        "formatter": ":/postprocessor/date/default_issue_date_DDMMYYYY_formatter.json",
        "input_fields": ["issue_date"]
      },
      {
        "formatter": ":/postprocessor/date/default_expiry_date_DDMMYYYY_formatter.json",
        "input_fields": ["expiry_date"]
      }
    ],
    "image_integrators": {"__default__": ":/integrator/default_image_integrator.json"},
    "integrators": {"__default__": ":/integrator/default_rover_integrator.json"},
    "size": [856, 540],
    "zones": {
      "signature": {
        "rect": [516, 209, 248, 56],
        "workflow": ":/signature_retriever/signature_retriever.json"
      },
      "zone": {
        "rect": [30, 30, 740, 330],
        "workflow": {
          "settings": {"vertsgm": "vertsgm/drv_t2_back_zones.json"},
          "type": "common"
        }
      }
    }
  }
}