{
  "aze.drvlic.type2:front": {
    "expected_fields": ["number", "last_name", "name"],
    "fields": {
      "address_line0": {
        "scale": 1.5,
        "workflow": {
          "type": "common",
          "settings": {
            "custom_alphabet": "ABC\u00c7DE\u018fFG\u011eHXI\u0130JKQLMNO\u00d6PRS\u015eTU\u00dcVYZ -.,/'\\\"123456789",
            "deshearer": ":/mixangler/dummy_deshearer.json",
            "recstr": ":/recstr/111_eu_n0293_recstr.json"
          }
        }
      },
      "last_name": {
        "scale": 2.5,
        "workflow": {
          "type": "common",
          "settings": {
            "custom_alphabet": "ABC\u00c7DE\u018fFG\u011eHXI\u0130JKQLMNO\u00d6PRS\u015eTU\u00dcVYZ -.",
            "deshearer": ":/mixangler/dummy_deshearer.json",
            "recstr": ":/recstr/111_eu_n0099_recstr.json"
          }
        }
      },
      "name": {
        "scale": 2.5,
        "workflow": {
          "type": "common",
          "settings": {
            "custom_alphabet": "ABC\u00c7DE\u018fFG\u011eHXI\u0130JKQLMNO\u00d6PRS\u015eTU\u00dcVYZ -.",
            "deshearer": ":/mixangler/dummy_deshearer.json",
            "recstr": ":/recstr/111_eu_n0099_recstr.json"
          }
        }
      },
      "birth_place_and_date": {
        "scale": 2.5,
        "workflow": {
          "type": "common",
          "settings": {
            "custom_alphabet": "ABC\u00c7DE\u018fFG\u011eHXI\u0130JKQLMNO\u00d6PRS\u015eTU\u00dcVYZ -./'\\\"123456789",
            "deshearer": ":/mixangler/dummy_deshearer.json",
            "recstr": ":/recstr/111_eu_n0037_recstr.json"
          }
        }
      },
      "photo": {"workflow": {"type": "image", "settings": {}}},
      "issue_date": {
        "scale": 2.5,
        "workflow": {
          "type": "common",
          "settings": {
            "custom_alphabet": "0123456789 .-",
            "deshearer": ":/mixangler/dummy_deshearer.json",
            "recstr": ":/recstr/app_001_wide.json"
          }
        }
      },
      "blood_type": {
        "scale": 2.5,
        "workflow": {
          "type": "common",
          "settings": {
            "custom_alphabet": "ABCDEFGHIJKMNOPQRSTUVWXYZ()+- ",
            "recstr": ":/recstr/111_eu_n0110_recstr.json"
          }
        }
      },
      "authority": {
        "scale": 2.5,
        "workflow": {
          "type": "common",
          "settings": {
            "custom_alphabet": "ABC\u00c7DE\u018fFG\u011eHXI\u0130JKQLMNO\u00d6PRS\u015eTU\u00dcVYZ -./123456789",
            "deshearer": ":/mixangler/dummy_deshearer.json",
            "recstr": ":/recstr/111_eu_n0099_recstr.json"
          }
        }
      },
      "number": {
        "scale": 1.9,
        "workflow": {
          "type": "common",
          "settings": {
            "custom_alphabet": "ABCDEFGHIJKLMNOPQRSTUVWXYZ 123456789",
            "deshearer": ":/mixangler/dummy_deshearer.json",
            "recstr": ":/recstr/111_eu_n0183_recstr.json"
          }
        }
      },
      "address_line1": {
        "scale": 1.5,
        "workflow": {
          "type": "common",
          "settings": {
            "custom_alphabet": "ABC\u00c7DE\u018fFG\u011eHXI\u0130JKQLMNO\u00d6PRS\u015eTU\u00dcVYZ -.,/'\\\"123456789",
            "deshearer": ":/mixangler/dummy_deshearer.json",
            "recstr": ":/recstr/111_eu_n0099_recstr.json"
          }
        }
      },
      "signature": {"workflow": {"type": "image", "settings": {}}},
      "class": {
        "scale": 1.3,
        "workflow": {
          "type": "common",
          "settings": {
            "custom_alphabet": "ABCDEFGHIJKLMNOPQRSTUVWXYZ -.",
            "deshearer": ":/mixangler/dummy_deshearer.json",
            "recstr": ":/recstr/111_eu_n0277_recstr.json"
          }
        }
      },
      "expiry_date": {
        "scale": 1.5,
        "workflow": {
          "type": "common",
          "settings": {
            "custom_alphabet": "0123456789 .-",
            "deshearer": ":/mixangler/dummy_deshearer.json",
            "recstr": ":/recstr/001__n0019_recstr.json"
          }
        }
      }
    },
    "formatters": [
      {
        "allow_incomplete_inputs": true,
        "formatter": {
          "type": "merge",
          "settings": {
            "output_field": "address",
            "separator": " ",
            "input_fields_sequence": ["address_line0", "address_line1"]
          }
        },
        "input_fields": ["address_line0", "address_line1"],
        "output_fields": ["address"]
      },
      {
        "formatter": ":/postprocessor/date/default_birth_date_DDMMYYYY_formatter.json",
        "input_fields": ["issue_date"]
      },
      {
        "formatter": ":/postprocessor/date/default_birth_date_DDMMYYYY_formatter.json",
        "input_fields": ["expiry_date"]
      },
      {
        "input_fields": ["number"],
        "formatter": {
          "type": "splitter",
          "settings": {
            "input_field": "number",
            "separator": " ",
            "output_fields_sequence": ["series", "number"]
          }
        },
        "output_fields": ["series", "number"]
      }
    ],
    "zones": {
      "zone1": {
        "rect": [180, 130, 570, 370],
        "workflow": {
          "type": "common",
          "settings": {"vertsgm": "vertsgm/drv_t2_zones.json"}
        }
      },
      "photo_zone": {
        "rect": [68, 27, 248, 299],
        "workflow": ":/photo_retriever/common_objed_photo_retriever.json"
      }
    },
    "integrators": {
      "__default__": ":/integrator/default_rover_integrator.json",
      "number": ":/integrator/default_token_integrator.json"
    },
    "image_integrators": {
      "__default__": ":/integrator/default_image_integrator.json",
      "photo": ":/integrator/default_photo_integrator.json"
    },
    "config": "templates/aze.drvlic.type2.front.common.json",
    "size": [856, 540]
  }
}