{
  "aze.id.type1:front": {
    "config": "templates/aze.id.type1.front.common.json",
    "expected_fields": ["full_mrz"],
    "fields": {
      "birth_place_line0": {
        "scale": 2.0,
        "workflow": {
          "settings": {
            "custom_alphabet": "ABC\u00c7DE\u018fFG\u011eHXI\u0130JKQLMNO\u00d6PRS\u015eTU\u00dcVYZ -.,/'\\\"123456789",
            "deshearer": ":/mixangler/dummy_deshearer.json",
            "recstr": ":/recstr/111_eu_n0275_recstr.json"
          },
          "type": "common"
        }
      },
      "birth_place_line1": {
        "scale": 2.0,
        "workflow": {
          "settings": {
            "custom_alphabet": "ABC\u00c7DE\u018fFG\u011eHXI\u0130JKQLMNO\u00d6PRS\u015eTU\u00dcVYZ -.,/'\\\"123456789",
            "deshearer": ":/mixangler/dummy_deshearer.json",
            "recstr": ":/recstr/111_eu_n0275_recstr.json"
          },
          "type": "common"
        }
      },
      "id_passport": {
        "scale": 1.7,
        "workflow": {
          "settings": {
            "custom_alphabet": "ABCDEFGHIJKLMNOPQRSTUVWXYZ 123456789",
            "deshearer": ":/mixangler/dummy_deshearer.json",
            "recstr": ":/recstr/111_eu_n0277_recstr.json"
          },
          "type": "common"
        }
      },
      "last_name": {
        "scale": 2.0,
        "workflow": {
          "settings": {
            "custom_alphabet": "ABC\u00c7DE\u018fFG\u011eHXI\u0130JKQLMNO\u00d6PRS\u015eTU\u00dcVYZ -.",
            "deshearer": ":/mixangler/dummy_deshearer.json",
            "recstr": ":/recstr/111_eu_n0006_recstr.json"
          },
          "type": "common"
        }
      },
      "mrz_line1": {"scale": 1.2, "workflow": ":/mrz-data/mrz_field_workflow.json"},
      "mrz_line2": {"scale": 1.2, "workflow": ":/mrz-data/mrz_field_workflow.json"},
      "name": {
        "scale": 2.0,
        "workflow": {
          "settings": {
            "custom_alphabet": "ABC\u00c7DE\u018fFG\u011eHXI\u0130JKQLMNO\u00d6PRS\u015eTU\u00dcVYZ -.",
            "deshearer": ":/mixangler/dummy_deshearer.json",
            "recstr": ":/recstr/111_eu_n0086_recstr.json"
          },
          "type": "common"
        }
      },
      "number": {
        "scale": 2.0,
        "workflow": {
          "settings": {
            "custom_alphabet": "0123456789 ",
            "deshearer": ":/mixangler/dummy_deshearer.json",
            "recstr": ":/recstr/001__n0004_recstr.json"
          },
          "type": "common"
        }
      },
      "patronymic": {
        "scale": 2.0,
        "workflow": {
          "settings": {
            "custom_alphabet": "ABC\u00c7DE\u018fFG\u011eHXI\u0130JKQLMNO\u00d6PRS\u015eTU\u00dcVYZ -.",
            "deshearer": ":/mixangler/dummy_deshearer.json",
            "recstr": ":/recstr/111_eu_n0212_recstr.json"
          },
          "type": "common"
        }
      }
    },
    "formatters": [
      ":/postprocessor/mrz/mrz_formatter_slot_new_td2.json",
      {
        "allow_incomplete_inputs": true,
        "formatter": {
          "settings": {
            "input_fields_sequence": ["birth_place_line0", "birth_place_line1"],
            "output_field": "birth_place_and_date",
            "separator": " "
          },
          "type": "merge"
        },
        "input_fields": ["birth_place_line0", "birth_place_line1"],
        "output_fields": ["birth_place_and_date"]
      },
      {"formatter": ":/postprocessor/spaces_filter.json", "input_fields": ["number"]}
    ],
    "image_integrators": {"__default__": ":/integrator/default_image_integrator.json"},
    "integrators": {
      "__default__": ":/integrator/default_rover_integrator.json",
      "full_mrz": ":/integrator/default_mrz_integrator.json"
    },
    "size": [856, 540],
    "zones": {
      "mrz_zone": {
        "rect": [0, 320, 856, 283],
        "size_override": [1200, 396],
        "workflow": ":/mrz-data/mrz_zone_workflow_td2.json"
      },
      "zone": {
        "rect": [250, 90, 600, 330],
        "workflow": {
          "settings": {"vertsgm": "vertsgm/id_t1_zones.json"},
          "type": "common"
        }
      }
    }
  }
}