{
  "aze.vrd.type1:front": {
    "config": "templates/aze.vrd.type1.front.common.json",
    "expected_fields": [
      "body",
      "engine_number",
      "number",
      "registration_number",
      "manufacture_year"
    ],
    "fields": {
      "body": {
        "scale": 2.3,
        "workflow": {
          "settings": {
            "custom_alphabet": "ABCDEFGHIJKLMNOPQRSTUVWXYZ123456789 -./()",
            "deshearer": ":/mixangler/dummy_deshearer.json",
            "recstr": ":/recstr/111_eu_n0069_recstr.json"
          },
          "type": "common"
        }
      },
      "chassis_number": {
        "scale": 2.3,
        "workflow": {
          "settings": {
            "custom_alphabet": "ABCDEFGHIJKLMNOPQRSTUVWXYZ123456789 -./()",
            "deshearer": ":/mixangler/dummy_deshearer.json",
            "recstr": ":/recstr/111_eu_n0069_recstr.json"
          },
          "type": "common"
        }
      },
      "engine_capacity": {
        "scale": 2.3,
        "workflow": {
          "settings": {
            "custom_alphabet": "0123456789 -",
            "deshearer": ":/mixangler/dummy_deshearer.json",
            "recstr": ":/recstr/001__n0008_recstr.json"
          },
          "type": "common"
        }
      },
      "engine_number": {
        "scale": 2.3,
        "workflow": {
          "settings": {
            "custom_alphabet": "ABCDEFGHIJKLMNOPQRSTUVWXYZ123456789 -./()",
            "deshearer": ":/mixangler/dummy_deshearer.json",
            "recstr": ":/recstr/111_eu_n0069_recstr.json"
          },
          "type": "common"
        }
      },
      "manufacture_year": {
        "scale": 2.3,
        "workflow": {
          "settings": {
            "custom_alphabet": "0123456789 -",
            "deshearer": ":/mixangler/dummy_deshearer.json",
            "recstr": ":/recstr/001__n0008_recstr.json"
          },
          "type": "common"
        }
      },
      "model": {
        "scale": 2.3,
        "workflow": {
          "settings": {
            "custom_alphabet": "ABCDEFGHIJKLMNOPQRSTUVWXYZ123456789 -./()",
            "deshearer": ":/mixangler/dummy_deshearer.json",
            "recstr": ":/recstr/111_eu_n0069_recstr.json"
          },
          "type": "common"
        }
      },
      "number": {
        "scale": 1.8,
        "workflow": {
          "settings": {
            "custom_alphabet": "ABCDEFGHIJKLMNOPQRSTUVWXYZ -.,/'\\\"123456789",
            "deshearer": ":/mixangler/dummy_deshearer.json",
            "recstr": ":/recstr/111_eu_n0323_recstr.json"
          },
          "type": "common"
        }
      },
      "registration_number": {
        "scale": 2.3,
        "workflow": {
          "settings": {
            "custom_alphabet": "ABCDEFGHIJKLMNOPQRSTUVWXYZ123456789 -./()",
            "deshearer": ":/mixangler/dummy_deshearer.json",
            "recstr": ":/recstr/111_eu_n0069_recstr.json"
          },
          "type": "common"
        }
      },
      "type": {
        "scale": 2.3,
        "workflow": {
          "settings": {
            "custom_alphabet": "ABCDEFGHIJKLMNOPQRSTUVWXYZ123456789 -./()",
            "deshearer": ":/mixangler/dummy_deshearer.json",
            "recstr": ":/recstr/111_eu_n0069_recstr.json"
          },
          "type": "common"
        }
      }
    },
    "formatters": [
      {
        "formatter": ":/postprocessor/punctuation_filter.json",
        "input_fields": [
          "number"
        ]
      },
      {
        "formatter": ":/postprocessor/punctuation_filter.json",
        "input_fields": [
          "engine_number"
        ]
      },
      {
        "formatter": ":/postprocessor/punctuation_filter.json",
        "input_fields": [
          "body"
        ]
      },
      {
        "formatter": ":/postprocessor/punctuation_filter.json",
        "input_fields": [
          "manufacture_year"
        ]
      },
      {
        "formatter": ":/postprocessor/spaces_filter.json",
        "input_fields": [
          "registration_number"
        ]
      },
      {
        "formatter": ":/postprocessor/dummy_postprocessor.json",
        "input_fields": [
          "model"
        ]
      },
      {
        "formatter": ":/postprocessor/dummy_postprocessor.json",
        "input_fields": [
          "type"
        ]
      },
      {
        "formatter": ":/postprocessor/punctuation_filter.json",
        "input_fields": [
          "chassis_number"
        ]
      },
      {
        "formatter": ":/postprocessor/dummy_postprocessor.json",
        "input_fields": [
          "engine_capacity"
        ]
      }
    ],
    "image_integrators": {
      "__default__": ":/integrator/default_image_integrator.json"
    },
    "integrators": {
      "__default__": ":/integrator/default_rover_integrator.json",
      "manufacture_year": ":/integrator/default_token_integrator.json",
      "number": ":/integrator/default_token_integrator.json"
    },
    "size": [
      840,
      590
    ],
    "zones": {
      "zones": {
        "rect": [
          130,
          10,
          630,
          560
        ],
        "workflow": {
          "settings": {
            "vertsgm": "vertsgm/vrd_t1_zones.json"
          },
          "type": "common"
        }
      }
    }
  }
}