{
  "aze.passport.type2:main": {
    "config": "templates/aze.passport.type2.main.common.json",
    "expected_fields": [
      "issue_date",
      "last_name",
      "name",
      "id_number",
      "gender",
      "number",
      "authority",
      "expiry_date",
      "birth_place",
      "authority_eng",
      "birth_date",
      "nationality"
    ],
    "fields": {
      "authority": {
        "scale": 1.8,
        "workflow": {
          "settings": {
            "custom_alphabet": "ABC\u00c7DE\u018fFG\u011eHXI\u0130JKQLMNO\u00d6PRS\u015eTU\u00dcVYZ -.",
            "recstr": ":/recstr/111_eu_n0140_recstr.json"
          },
          "type": "common"
        }
      },
      "authority_eng": {
        "scale": 1.8,
        "workflow": {
          "settings": {
            "custom_alphabet": "ABCDEFGHIJKLMNOPQRSTUVWXYZ -.",
            "recstr": ":/recstr/111_eu_n0000_recstr.json"
          },
          "type": "common"
        }
      },
      "birth_date": {
        "scale": 1.7,
        "workflow": {
          "settings": {
            "custom_alphabet": "0123456789 .-",
            "recstr": ":/recstr/001__n0019_recstr.json"
          },
          "type": "common"
        }
      },
      "birth_place": {
        "scale": 1.7,
        "workflow": {
          "settings": {
            "custom_alphabet": "ABC\u00c7DE\u018fFG\u011eHXI\u0130JKQLMNO\u00d6PRS\u015eTU\u00dcVYZ -.,/",
            "recstr": ":/recstr/111_eu_n0086_recstr.json"
          },
          "type": "common"
        }
      },
      "expiry_date": {
        "scale": 1.7,
        "workflow": {
          "settings": {
            "custom_alphabet": "0123456789 .-",
            "recstr": ":/recstr/001__n0005_recstr.json"
          },
          "type": "common"
        }
      },
      "gender": {
        "scale": 1.7,
        "workflow": {
          "settings": {
            "custom_alphabet": "ABC\u00c7DE\u018fFG\u011eHXI\u0130JKQLMNO\u00d6PRS\u015eTU\u00dcVYZ -.,/",
            "recstr": ":/recstr/111_eu_n0037_recstr.json"
          },
          "type": "common"
        }
      },
      "id_number": {
        "scale": 1.7,
        "workflow": {
          "settings": {
            "custom_alphabet": "ABCDEFGHIJKLMNOPQRSTUVWXYZ 123456789",
            "recstr": ":/recstr/111_eu_n0084_recstr.json"
          },
          "type": "common"
        }
      },
      "issue_date": {
        "scale": 1.7,
        "workflow": {
          "settings": {
            "custom_alphabet": "0123456789 .-",
            "recstr": ":/recstr/001__n0057_recstr.json"
          },
          "type": "common"
        }
      },
      "last_name": {
        "scale": 1.7,
        "workflow": {
          "settings": {
            "custom_alphabet": "ABC\u00c7DE\u018fFG\u011eHXI\u0130JKQLMNO\u00d6PRS\u015eTU\u00dcVYZ -.,/",
            "recstr": ":/recstr/111_eu_n0212_recstr.json"
          },
          "type": "common"
        }
      },
      "last_name_eng": {
        "scale": 1.7,
        "workflow": {
          "settings": {
            "custom_alphabet": "ABCDEFGHIJKLMNOPQRSTUVWXYZ -.",
            "recstr": ":/recstr/111_eu_n0133_recstr.json"
          },
          "type": "common"
        }
      },
      "mrz_line1": {
        "scale": 1.2,
        "workflow": {
          "settings": {
            "processors": [
              ":/mrz-data/mrz_field_workflow.json",
              "fraud/confirming_field_processor_mrz.json"
            ]
          },
          "type": "multi_sequence"
        }
      },
      "mrz_line2": {
        "scale": 1.2,
        "workflow": {
          "settings": {
            "processors": [
              ":/mrz-data/mrz_field_workflow.json",
              "fraud/confirming_field_processor_mrz.json"
            ]
          },
          "type": "multi_sequence"
        }
      },
      "mrz_status": {"workflow": {"type": "dummy"}},
      "name": {
        "scale": 1.7,
        "workflow": {
          "settings": {
            "custom_alphabet": "ABC\u00c7DE\u018fFG\u011eHXI\u0130JKQLMNO\u00d6PRS\u015eTU\u00dcVYZ -.,/",
            "recstr": ":/recstr/111_eu_n0382_recstr.json"
          },
          "type": "common"
        }
      },
      "name_eng": {
        "scale": 1.7,
        "workflow": {
          "settings": {
            "custom_alphabet": "ABCDEFGHIJKLMNOPQRSTUVWXYZ -.",
            "recstr": ":/recstr/111_eu_n0110_recstr.json"
          },
          "type": "common"
        }
      },
      "nationality": {
        "scale": 1.7,
        "workflow": {
          "settings": {
            "custom_alphabet": "ABC\u00c7DE\u018fFG\u011eHXI\u0130JKQLMNO\u00d6PRS\u015eTU\u00dcVYZ -.,/",
            "recstr": ":/recstr/111_eu_n0037_recstr.json"
          },
          "type": "common"
        }
      },
      "number": {
        "scale": 1.7,
        "workflow": {
          "settings": {
            "custom_alphabet": "ABCDEFGHIJKLMNOPQRSTUVWXYZ 123456789",
            "recstr": ":/recstr/111_eu_n0046_recstr.json"
          },
          "type": "common"
        }
      },
      "photo": {"workflow": {"settings": {}, "type": "image"}},
      "signature": {"workflow": {"settings": {}, "type": "image"}},
      "type": {
        "scale": 1.7,
        "workflow": {
          "settings": {
            "custom_alphabet": "BDOPSTACEXMRNFIJVW ",
            "deshearer": ":/mixangler/dummy_deshearer.json",
            "recstr": ":/recstr/111_eu_n0099_recstr.json"
          },
          "type": "common"
        }
      }
    },
    "formatters": [
      ":/postprocessor/mrz/mrz_formatter_slot_new_mrp.json",
      {
        "formatter": ":/postprocessor/date/default_issue_date_DDMMYYYY_formatter.json",
        "input_fields": ["issue_date"]
      },
      {
        "formatter": ":/postprocessor/date/default_expiry_date_DDMMYYYY_formatter.json",
        "input_fields": ["expiry_date"]
      },
      {
        "formatter": ":/postprocessor/date/default_birth_date_DDMMYYYY_formatter.json",
        "input_fields": ["birth_date"]
      },
      {
        "formatter": "postprocessors/splitter_gender_1.json",
        "input_fields": ["gender"],
        "output_fields": ["gender_nat", "gender"]
      },
      {
        "formatter": "postprocessors/splitter_nationality.json",
        "input_fields": ["nationality"],
        "output_fields": ["nationality", "nationality_eng"]
      },
      {
        "formatter": "postprocessors/splitter_birth_place.json",
        "input_fields": ["birth_place"],
        "output_fields": ["birth_place", "birth_place_eng"]
      }
    ],
    "image_integrators": {
      "__default__": ":/integrator/default_image_integrator.json",
      "photo": ":/integrator/default_photo_integrator.json"
    },
    "integrators": {
      "__default__": ":/integrator/default_rover_integrator.json",
      "birth_date": ":/integrator/default_token_integrator.json",
      "expiry_date": ":/integrator/default_token_integrator.json",
      "full_mrz": ":/integrator/default_mrz_integrator.json",
      "id_number": ":/integrator/default_token_integrator.json",
      "issue_date": ":/integrator/default_token_integrator.json",
      "number": ":/integrator/default_token_integrator.json"
    },
    "size": [1250, 880],
    "zones": {
      "mrz_zone": {
        "rect": [0, 325, 1250, 525],
        "size_override": [1200, 504],
        "workflow": ":/mrz-data/mrz_zone_workflow_mrp.json"
      },
      "photo_zone": {
        "rect": [36, 148, 334, 370],
        "workflow": ":/photo_retriever/common_objed_photo_retriever.json"
      },
      "sign_zone": {
        "rect": [854, 521, 370, 165],
        "workflow": ":/signature_retriever/signature_retriever.json"
      },
      "zones": {
        "rect": [370, 100, 610, 560],
        "workflow": {
          "settings": {"vertsgm": "vertsgm/pass_t2_zones.json"},
          "type": "common"
        }
      }
    }
  }
}