[
    {
        "descriptors": [
            {
                "angle": 0,
                "path": "variants/kaz.passport.type2.main.smp1_0.desc"
            },
            {
                "angle": 90,
                "path": "variants/kaz.passport.type2.main.smp1_1.desc"
            },
            {
                "angle": 180,
                "path": "variants/kaz.passport.type2.main.smp1_2.desc"
            },
            {
                "angle": 270,
                "path": "variants/kaz.passport.type2.main.smp1_3.desc"
            }
        ],
        "keypoints": "variants/kaz.passport.type2.main.smp1.txt",
        "(source)": "sources/kaz.passport.type2.main.smp1.png"
    }
]