{
  "type": "multisequence",
  "settings": {
    "postprocessors": [
      {
        "type": "clutter_remover",
        "settings": {
          "clutter_alphabet": "POLICE OF RA",
          "max_clutter_left": 13,
          "max_clutter_right": 0
        }
      },
      {
        "type": "clutter_remover",
        "settings": {
          "clutter_alphabet": " ",
          "max_clutter_left": 9,
          "max_clutter_right": 5
        }
      },
      {
        "type": "symbols_inserter",
        "settings": {
          "insertions": [
            {
              "position": 0,
              "value": "POLICE OF RA "
            }
          ]
        }
      },
      {
        "type": "alphabet",
        "settings": {
          "type_app": "univ_alph",
          "str_size": 17,    
          "mask_str": [
            "P",
            "O",
            "L",
            "I",
            "C",
            "E",
            " ",
            "O",
            "F",
            " ",
            "R",
            "A",
            " ",
            "ABCDEFGHIJKLMNOPQRSTUVWXYZ",
            "0123456789",
            "0123456789",
            "0123456789"
          ],
          "min_confidence": 0.2,
          "sum_alph_confidence": 0.98,
          "matchs" : {
            "O": "0",
            "D": "0",
            "S": "5",
            "I": "1",
            "0": "O",
            "1": "I",
            "5": "S"
          }
        }
      }
    ]
  }
}

