{
    "type": "alphabet",
    "settings": {
      "type_app": "univ_alph",
      "str_size": 8,    
      "mask_str": [
        "ABCDEFGHIJKLMNOPQRSTUVWXYZ",
        "ABCDEFGHIJKLMNOPQRSTUVWXYZ",
        "0123456789",
        "0123456789",
        "0123456789",
        "0123456789",
        "0123456789",
        "0123456789"
      ],
      "min_confidence": 0.2,
      "sum_alph_confidence": 0.98,
      "matchs" : {
        "O": "0",
        "D": "0",
        "S": "5",
        "I": "1",
        "0": "O",
        "1": "I",
        "5": "S"
      }
    }
  }