{
  "type": "multichoise",
  "settings": {
    "postprocessors": [
      {
        "type": "multisequence",
        "settings": {
          "postprocessors": [
            ":/postprocessor/spaces_filter.json",
            {
              "type": "alphabet",
              "settings": {
                "type_app": "univ_alph",
                "str_size": 3,    
                "mask_str": [
                  "0123456789",
                  "0123456789",
                  "0123456789"
                ],
                "min_confidence": 0.2,
                "sum_alph_confidence": 0.98,
                "matchs" : {
                  "O": "0",
                  "D": "0",
                  "S": "5",
                  "I": "1",
                  "Q": "0"
                }
              }
            }
          ]
        }
      },
      {
        "type": "field_content_checker",
        "settings": {
          "dict": [
            "MFA RA"
          ], 
          "full_match": true
        }
      }
    ]
  }
}