{
  "blr.vrc.type1": {
    "(documentation)": {
      "description": "Belarusian Vehicle Registration Certificate", 
      "name": "Belarusian Vehicle Registration Certificate", 
      "prado_link": "http://www.consilium.europa.eu/prado/en/BLR-GO-01001/index.html"
    }, 
    "expected_templates": ["blr.vrc.type1:front", "blr.vrc.type1:back"], 
    "output_fields": [
      "number", 
      "name_rus", 
      "name_eng", 
      "surname_rus", 
      "surname_eng", 
      "patronymic_rus", 
      "reg_plate", 
      "vin_number",  
      "series",
      "issue_date",
      "vehicle_model",
      "vehicle_type"
    ], 
    "postprocessors": [
      {
        "input_fields": ["issue_date"], 
        "postprocessor": ":/postprocessor/date/default_issue_date_DDMMYYYY_postprocessor.json"
      }, 
      {
        "input_fields": ["number"], 
        "postprocessor": "postprocessors/vrc_number_postprocessor.json"
      }, 
      {
        "input_fields": ["name_rus"], 
        "output_fields": ["name_rus"], 
        "postprocessor": "postprocessors/name_postprocessor.json"
      }, 
      {
        "input_fields": ["patronymic_rus"], 
        "output_fields": ["patronymic_rus"], 
        "postprocessor": "postprocessors/patronymic_postprocessor.json"
      }, 
      {
        "input_fields": ["vin_number"], 
        "postprocessor": "postprocessors/vrc_vin_postprocessor.json"
      }, 
      {
        "input_fields": ["vin_number_line2"], 
        "postprocessor": "postprocessors/vrc_vin_postprocessor.json"
      },
      {
        "input_fields": ["vehicle_model"], 
        "postprocessor": ":/postprocessor/O0_replacer.json"
      },
      {
        "input_fields": ["reg_plate"], 
        "postprocessor": "postprocessors/vrc_reg_plate_postprocessor.json"
      }
    ], 
    "rejectors": {"__default__": ":/rejector/default_loyal_rejector.json"}, 
    "templates": {
      "blr.vrc.type1:back": {"path": "tpl__blr.vrc.type1.back.json"}, 
      "blr.vrc.type1:front": {"path": "tpl__blr.vrc.type1.front.json"}
    }
  }
}