{
  "blr.passport.internal.type1": {
    "(documentation)": {
      "description": "Belarusian passport (internal page)", 
      "name": "Belarusian passport internal", 
      "prado_link": "http://www.consilium.europa.eu/prado/en/BLR-AO-02001/index.html"
    }, 
    "expected_templates": ["blr.passport.internal.type1:page31"], 
    "output_fields": [
      "issue_date", 
      "last_name", 
      "last_name_rus", 
      "name", 
      "name_rus", 
      "id_number", 
      "patronymic", 
      "patronymic_rus", 
      "expiry_date", 
      "birth_date", 
      "authority", 
      "authority_rus", 
      "birth_place", 
      "birth_place_rus"
    ], 
    "postprocessors": [
      {
        "input_fields": ["last_name", "name", "patronymic", "authority", "birth_place"], 
        "postprocessor": "postprocessors/strings_replacer.json"
      }, 
      {
        "input_fields": ["id_number"], 
        "postprocessor": "postprocessors/id_postprocessor.json"
      }, 
      {
        "input_fields": ["birth_date"], 
        "postprocessor": ":/postprocessor/date/default_birth_date_DDMMYYYY_postprocessor.json"
      }, 
      {
        "input_fields": ["issue_date"], 
        "postprocessor": ":/postprocessor/date/default_issue_date_DDMMYYYY_postprocessor.json"
      }, 
      {
        "input_fields": ["expiry_date"], 
        "postprocessor": ":/postprocessor/date/default_expiry_date_DDMMYYYY_postprocessor.json"
      }, 
      {
        "input_fields": ["patronymic"], 
        "output_fields": ["patronymic", "patronymic_rus"], 
        "postprocessor": "postprocessors/page31_t2_patronymic_postprocessor.json"
      }, 
      {
        "input_fields": ["last_name"], 
        "output_fields": ["last_name", "last_name_rus"], 
        "postprocessor": "postprocessors/page31_t2_surname_postprocessor.json"
      }, 
      {
        "input_fields": ["name"], 
        "output_fields": ["name", "name_rus"], 
        "postprocessor": "postprocessors/page31_t2_name_postprocessor.json"
      }, 
      {
        "allow_incomplete_inputs": true, 
        "input_fields": ["birth_place", "birth_place1", "birth_place2"], 
        "output_fields": ["birth_place", "birth_place_rus"], 
        "postprocessor": "postprocessors/page31_t2_birth_place_postprocessor.json"
      }, 
      {
        "input_fields": ["patronymic_rus"], 
        "postprocessor": ":/postprocessor/rus/patronymic_postprocessor.json"
      }, 
      {
        "input_fields": ["last_name_rus"], 
        "postprocessor": ":/postprocessor/rus/surname_postprocessor.json"
      }, 
      {
        "input_fields": ["name_rus"], 
        "postprocessor": ":/postprocessor/rus/name_postprocessor.json"
      }, 
      {
        "input_fields": ["authority", "authority_rus", "birth_place", "birth_place_rus"], 
        "postprocessor": ":/postprocessor/punctuation_stripper.json"
      }
    ], 
    "rejectors": {"__default__": ":/rejector/default_loyal_rejector.json"}, 
    "templates": {
      "blr.passport.internal.type1:page31": {
        "path": "tpl__blr.passport.internal.type1.page31.json"
      }
    }
  }
}