{
  "blr.id.type1": {
    "(documentation)": {
      "description": "Belarusian ID Card (biometric symbol and Belarusian flag in the up-left corner, front; BLR sign on the right, back)", 
      "name": "Belarusian ID Card"
    }, 
    "expected_fields": [], 
    "forensic_fields": [
      "check_cd_composite_mrz", 
      "check_cd_number_mrz", 
      "check_cd_birth_date_mrz", 
      "check_cd_expiry_date_mrz", 
      "check_birth_date", 
      "check_expiry_date", 
      "check_name", 
      "check_gender", 
      "check_surname", 
   
      "check_number"
    ], 
    "output_fields": [
      "number_back", 
      "issue_date", 
      "authority", 
      "nationality", 
      "nationality_rus", 
      "nationality_eng", 
      "surname", 
      "surname_eng", 
      "surname_rus", 
      "name", 
      "name_eng", 
      "name_rus", 
      "patronymic", 
      "patronymic_rus", 
      "gender", 
      "gender_eng", 
      "number", 
      "expiry_date", 
      "personal_number", 
      "birth_date", 
      "photo", 
      "signature", 
      "full_mrz", 
      "mrz_doc_type_code", 
      "mrz_issuer", 
      "mrz_expiry_date", 
      "mrz_opt_data_1", 
      "mrz_opt_data_2", 
      "mrz_birth_date", 
      "mrz_nationality", 
      "mrz_line3", 
      "mrz_number", 
      "mrz_line1", 
      "mrz_gender", 
      "mrz_line2", 
      "mrz_last_name", 
      "mrz_name"
    ], 
    "postprocessors": [
      ":/postprocessor/mrz/mrz_postprocessor_slot.json", 
      ":/postprocessor/mrz/mrz_convention_renaming_slot_notype.json", 
      {
        "input_fields": ["birth_date"], 
        "postprocessor": ":/postprocessor/date/default_birth_date_DDMMYYYY_postprocessor.json"
      }, 
      {
        "input_fields": ["expiry_date"], 
        "postprocessor": ":/postprocessor/date/default_expiry_date_DDMMYYYY_postprocessor.json"
      }, 
      {
        "input_fields": ["issue_date"], 
        "postprocessor": ":/postprocessor/date/default_issue_date_DDMMYYYY_postprocessor.json"
      }, 
      {
        "input_fields": ["number"], 
        "postprocessor": "postprocessors/number_postprocessor.json"
      }, 
      {
        "input_fields": ["number_back"], 
        "postprocessor": "postprocessors/number_postprocessor.json"
      }, 
      {
        "input_fields": ["personal_number"], 
        "postprocessor": "postprocessors/personal_number_postprocessor.json"
      }, 
      ":/postprocessor/check_mrz/id_check_mrz_fields_postprocessor_slot_variant29.json"
    ], 
    "rejectors": {"__default__": ":/rejector/default_loyal_rejector.json"}, 
    "templates": {
      "blr.id.type1:back": {"path": "tpl__blr.id.type1.back.json"}, 
      "blr.id.type1:front": {"path": "tpl__blr.id.type1.front.json"}
    }
  }
}