{
  "blr.drvlic.type1": {
    "(documentation)": {
      "description": "Belarusian Driving Licence (card-size, front side, horizontal)", 
      "name": "Belarusian Driving Licence", 
      "prado_link": "http://www.consilium.europa.eu/prado/en/BLR-FO-03001/index.html"
    }, 
    "expected_templates": ["blr.drvlic.type1:front"], 
    "output_fields": [
      "issue_date", 
      "last_name", 
      "last_name_eng", 
      "name", 
      "name_eng", 
      "photo", 
      "number", 
      "birth_date", 
      "expiry_date", 
      "birth_place", 
      "birth_place_eng", 
      "patronymic", 
      "authority",
      "authority_eng", 
      "issue_place_eng",
      "restrictions",
      "issue_date_category_a1",
      "expiry_date_category_a1",
      "restrictions_category_a1",
      "issue_date_category_a",
      "expiry_date_category_a",
      "restrictions_category_a",
      "issue_date_category_b",
      "expiry_date_category_b",
      "restrictions_category_b",
      "issue_date_category_c",
      "expiry_date_category_c",
      "restrictions_category_c",
      "issue_date_category_d",
      "expiry_date_category_d",
      "restrictions_category_d",
      "issue_date_category_be",
      "expiry_date_category_be",
      "restrictions_category_be",
      "issue_date_category_ce",
      "expiry_date_category_ce",
      "restrictions_category_ce",
      "issue_date_category_de",
      "expiry_date_category_de",
      "restrictions_category_de",
      "issue_date_category_i",
      "expiry_date_category_i",
      "restrictions_category_i",
      "issue_date_category_f",
      "expiry_date_category_f",
      "restrictions_category_f",
      "issue_date_category_am",
      "expiry_date_category_am",
      "restrictions_category_am"
    ], 
    "postprocessors": [
      {
        "input_fields": ["number"], 
        "postprocessor": ":/postprocessor/punctuation_filter.json"
      }, 
      {
        "input_fields": ["number"], 
        "postprocessor": "postprocessors/drv_t1_number_postprocessor.json"
      },
      {
        "input_fields": ["last_name"], 
        "postprocessor": "postprocessors/surname_postprocessor.json"
      }, 
      {
        "input_fields": ["last_name_eng"], 
        "postprocessor": ":/postprocessor/punctuation_stripper.json"
      }, 
      {
        "input_fields": ["birth_place"], 
        "postprocessor": "postprocessors/drv_birth_place_postprocessor.json"
      }, 
      {
        "input_fields": ["name_and_patronymic_rus"], 
        "output_fields": ["name", "patronymic"], 
        "postprocessor": "postprocessors/name_and_patronymic_separator.json"
      }, 
      {
        "input_fields": ["name"], 
        "postprocessor": "postprocessors/name_postprocessor.json"
      },
      {
        "input_fields": ["name_eng"], 
        "postprocessor": ":/postprocessor/punctuation_stripper.json"
      },  
      {
        "input_fields": ["patronymic"], 
        "postprocessor": "postprocessors/patronymic_postprocessor.json"
      }, 
      {
        "input_fields": ["birth_date"], 
        "postprocessor": ":/postprocessor/date/default_birth_date_DDMMYYYY_postprocessor.json"
      }, 
      {
        "input_fields": ["issue_date"], 
        "postprocessor": ":/postprocessor/date/default_issue_date_DDMMYYYY_postprocessor.json"
      }, 
      {
        "input_fields": ["expiry_date"], 
        "postprocessor": ":/postprocessor/date/default_expiry_date_DDMMYYYY_postprocessor.json"
      }, 
      {
        "input_fields": ["authority"], 
        "postprocessor": "postprocessors/drv_issue_place_rus_postprocessor.json"
      }, 
      {
        "input_fields": ["authority_eng"], 
        "postprocessor": "postprocessors/drv_issue_place_eng_postprocessor.json"
      },
      {
        "input_fields": ["issue_date_category_am"], 
        "postprocessor": ":/postprocessor/date/default_issue_date_DDMMYYYY_postprocessor.json"
      },
      {
        "input_fields": ["issue_date_category_a1"], 
        "postprocessor": ":/postprocessor/date/default_issue_date_DDMMYYYY_postprocessor.json"
      },
      {
        "input_fields": ["issue_date_category_a"], 
        "postprocessor": ":/postprocessor/date/default_issue_date_DDMMYYYY_postprocessor.json"
      },
      {
        "input_fields": ["issue_date_category_b"], 
        "postprocessor": ":/postprocessor/date/default_issue_date_DDMMYYYY_postprocessor.json"
      },
      {
        "input_fields": ["issue_date_category_c"], 
        "postprocessor": ":/postprocessor/date/default_issue_date_DDMMYYYY_postprocessor.json"
      },
      {
        "input_fields": ["issue_date_category_d"], 
        "postprocessor": ":/postprocessor/date/default_issue_date_DDMMYYYY_postprocessor.json"
      },
      {
        "input_fields": ["issue_date_category_be"], 
        "postprocessor": ":/postprocessor/date/default_issue_date_DDMMYYYY_postprocessor.json"
      },
      {
        "input_fields": ["issue_date_category_ce"], 
        "postprocessor": ":/postprocessor/date/default_issue_date_DDMMYYYY_postprocessor.json"
      },
      {
        "input_fields": ["issue_date_category_de"], 
        "postprocessor": ":/postprocessor/date/default_issue_date_DDMMYYYY_postprocessor.json"
      },
      {
        "input_fields": ["issue_date_category_i"], 
        "postprocessor": ":/postprocessor/date/default_issue_date_DDMMYYYY_postprocessor.json"
      },
      {
        "input_fields": ["issue_date_category_f"], 
        "postprocessor": ":/postprocessor/date/default_issue_date_DDMMYYYY_postprocessor.json"
      },
      {
        "input_fields": ["expiry_date_category_am"], 
        "postprocessor": ":/postprocessor/date/default_expiry_date_DDMMYYYY_postprocessor.json"
      },
      {
        "input_fields": ["expiry_date_category_a1"], 
        "postprocessor": ":/postprocessor/date/default_expiry_date_DDMMYYYY_postprocessor.json"
      },
      {
        "input_fields": ["expiry_date_category_a"], 
        "postprocessor": ":/postprocessor/date/default_expiry_date_DDMMYYYY_postprocessor.json"
      },
      {
        "input_fields": ["expiry_date_category_b"], 
        "postprocessor": ":/postprocessor/date/default_expiry_date_DDMMYYYY_postprocessor.json"
      },
      {
        "input_fields": ["expiry_date_category_c"], 
        "postprocessor": ":/postprocessor/date/default_expiry_date_DDMMYYYY_postprocessor.json"
      },
      {
        "input_fields": ["expiry_date_category_d"], 
        "postprocessor": ":/postprocessor/date/default_expiry_date_DDMMYYYY_postprocessor.json"
      },
      {
        "input_fields": ["expiry_date_category_be"], 
        "postprocessor": ":/postprocessor/date/default_expiry_date_DDMMYYYY_postprocessor.json"
      },
      {
        "input_fields": ["expiry_date_category_ce"], 
        "postprocessor": ":/postprocessor/date/default_expiry_date_DDMMYYYY_postprocessor.json"
      },
      {
        "input_fields": ["expiry_date_category_de"], 
        "postprocessor": ":/postprocessor/date/default_expiry_date_DDMMYYYY_postprocessor.json"
      },
      {
        "input_fields": ["expiry_date_category_i"], 
        "postprocessor": ":/postprocessor/date/default_expiry_date_DDMMYYYY_postprocessor.json"
      },
      {
        "input_fields": ["expiry_date_category_f"], 
        "postprocessor": ":/postprocessor/date/default_expiry_date_DDMMYYYY_postprocessor.json"
      }
    ], 
    "rejectors": {"__default__": ":/rejector/default_loyal_rejector.json"}, 
    "templates": 
    {
      "blr.drvlic.type1:front": {"path": "tpl__blr.drvlic.type1.front.json"},
      "blr.drvlic.type1:back": {"path": "tpl__blr.drvlic.type1.back.json"}
    }
  }
}