{
  "blr.drvlic.type2": {
    "(documentation)": {
      "description": "Belarusian Driving Licence (front side, vertical)", 
      "name": "Belarusian Driving Licence", 
      "prado_link": "http://www.consilium.europa.eu/prado/en/BLR-FO-02001/index.html"
    }, 
    "expected_templates": ["blr.drvlic.type2:front"], 
    "output_fields": [
      "number", 
      "last_name", 
      "last_name_eng", 
      "name", 
      "name_eng", 
      "patronymic", 
      "birth_date", 
      "birth_place", 
      "birth_place_eng", 
      "issue_date", 
      "photo", 
      "expiry_date", 
      "registration_place_rus", 
      "registration_place_eng", 
      "series",
      "lic_number"
    ], 
    "postprocessors": [
      {
        "input_fields": ["number"], 
        "postprocessor": "postprocessors/drv_t2_number_postprocessor.json"
      }, 
      {
        "input_fields": ["series", "number"], 
        "output_fields": ["number"], 
        "postprocessor": "postprocessors/drvlic_number_merger.json"
      }, 
      {
        "input_fields": ["last_name"], 
        "postprocessor": "postprocessors/surname_postprocessor.json"
      }, 
      {
        "input_fields": ["name"], 
        "postprocessor": "postprocessors/name_postprocessor.json"
      }, 
      {
        "input_fields": ["patronymic"], 
        "postprocessor": "postprocessors/patronymic_postprocessor.json"
      }, 
      {
        "input_fields": ["birth_place"], 
        "postprocessor": "postprocessors/drv_birth_place_postprocessor.json"
      }, 
      {
        "input_fields": ["address"], 
        "postprocessor": "postprocessors/drv_birth_place_postprocessor.json"
      }, 
      {
        "input_fields": ["birth_date"], 
        "postprocessor": ":/postprocessor/date/default_birth_date_DDMMYYYY_postprocessor.json"
      }, 
      {
        "input_fields": ["issue_date"], 
        "postprocessor": ":/postprocessor/date/default_issue_date_DDMMYYYY_postprocessor.json"
      }, 
      {
        "input_fields": ["expiry_date"], 
        "postprocessor": ":/postprocessor/date/default_expiry_date_DDMMYYYY_postprocessor.json"
      },
      {
        "input_fields": ["lic_number"], 
        "postprocessor": "postprocessors/drv_t2_lic_number_postprocessor.json"
      }
    ], 
    "rejectors": {"__default__": ":/rejector/default_loyal_rejector.json"}, 
    "templates": {
      "blr.drvlic.type2:front": {"path": "tpl__blr.drvlic.type2.front.json"},
      "blr.drvlic.type2:back": {"path": "tpl__blr.drvlic.type2.back.json"}
    }
  }
}