{
  "blr.vrc.type1:front": {
    "config": "templates/blr.vrc.type1.front.common.json",
    "expected_fields": ["number"],
    "fields": {
      "issue_date": {
        "scale": 1.2,
        "workflow": {
          "settings": {
            "custom_alphabet": "0123456789 .-",
            "recstr": ":/recstr/app_001_ocrblike_spacing.json"
          },
          "type": "common"
        }
      },
      "name_eng": {
        "scale": 1.5,
        "workflow": {
          "settings": {
            "custom_alphabet": "ABCDEFGHIJKLMNOPQRSTUVWXYZ -.,/'",
            "deshearer": ":/mixangler/dummy_deshearer.json",
            "recstr": ":/recstr/111_eu_n0133_recstr.json"
          },
          "type": "common"
        }
      },
      "name_rus": {"scale": 1.5, "workflow": "field_processors/fio_rus_drvlic.json"},
      "number": {
        "scale": 1.4,
        "workflow": {
          "settings": {
            "custom_alphabet": "ABCDEFGHIJKLMNOPQRSTUVWXYZ123456789\u2116 -/",
            "deshearer": ":/mixangler/dummy_deshearer.json",
            "recstr": ":/recstr/111_eu_n0362_recstr.json"
          },
          "type": "common"
        }
      },
      "patronymic_rus": {"scale": 1.5, "workflow": "field_processors/fio_rus_drvlic.json"},
      "surname_eng": {
        "scale": 1.5,
        "workflow": {
          "settings": {
            "custom_alphabet": "ABCDEFGHIJKLMNOPQRSTUVWXYZ -.,/'",
            "deshearer": ":/mixangler/dummy_deshearer.json",
            "recstr": ":/recstr/111_eu_n0006_recstr.json"
          },
          "type": "common"
        }
      },
      "surname_rus": {"scale": 1.5, "workflow": "field_processors/fio_rus_drvlic.json"}
    },
    "formatters": [
      {
        "formatter": ":/postprocessor/date/default_issue_date_DDMMYYYY_formatter.json",
        "input_fields": ["issue_date"]
      }
    ],
    "image_integrators": {"__default__": ":/integrator/default_image_integrator.json"},
    "integrators": {"__default__": ":/integrator/default_token_integrator.json"},
    "size": [750, 1000],
    "zones": {
      "fio_zone": {
        "rect": [30, 200, 680, 290],
        "workflow": {
          "settings": {"vertsgm": "vertsgm/vrc_t1_fio_zone.json"},
          "type": "common"
        }
      },
      "idate_zone": {
        "rect": [252, 866, 297, 126],
        "workflow": {
          "settings": {"vertsgm": "vertsgm/vrc_t1_idate_zone_with_dp.json"},
          "type": "common"
        }
      },
      "number_zone": {
        "rect": [330, 65, 400, 65],
        "workflow": {
          "settings": {"vertsgm": "vertsgm/vrc_t1_number_zone.json"},
          "type": "common"
        }
      }
    }
  }
}