{
  "blr.vrc.type1:back": {
    "config": "templates/blr.vrc.type1.back.common.json", 
    "expected_fields": ["reg_plate"], 
    "fields": {
      "number": {
        "scale": 1.4, 
        "workflow": {
          "settings": {
            "custom_alphabet": "ABCDEFGHIJKLMNOPQRSTUVWXYZ123456789№ -/", 
            "recstr": ":/recstr/111_eu_n0183_recstr.json"
          }, 
          "type": "common"
        }
      }, 
      "reg_plate": {
        "scale": 1.4, 
        "workflow": {
          "settings": {
            "custom_alphabet": "ABCDEFGHIJKLMNOPQRSTUVWXYZ123456789№ -/", 
            "recstr": ":/recstr/111_eu_n0029_recstr.json"
          }, 
          "type": "common"
        }
      }, 
      "vehicle_model": {
        "scale": 1.3, 
        "workflow": {
          "settings": {
            "custom_alphabet": "ABCDEFGHIJKLMNOPQRSTUVWXYZ123456789 -./", 
            "recstr": ":/recstr/111_eu_n0110_recstr.json"
          }, 
          "type": "common"
        }
      }, 
      "vehicle_type_line1": {
        "scale": 1.3, 
        "workflow": {
          "settings": {
            "custom_alphabet": "АБВГДЕЁЖЗИЙКЛМНОПРСТУФХЦЧШЩЪЫЬЭЮЯ ", 
            "recstr": ":/recstr/blr__drvlic_fio_rus_recstr.json"
          }, 
          "type": "common"
        }
      }, 
      "vehicle_type_line2": {
        "scale": 1.3, 
        "workflow": {
          "settings": {
            "custom_alphabet": "АБВГДЕЖЗИЙКЛМНОПРСТУФХЦЧШЩЪЫЬЭЮЯABCDEFGHIJKLMNOPQRSTUVWXYZ ()", 
            "recstr": ":/recstr/blr__mlang_parent.json"
          }, 
          "type": "common"
        }
      }, 
      "vin_number": {
        "scale": 1.4, 
        "workflow": {
          "settings": {
            "custom_alphabet": "ABCDEFGHIJKLMNOPQRSTUVWXYZ123456789№ -/", 
            "recstr": ":/recstr/111_eu_n0362_recstr.json"
          }, 
          "type": "common"
        }
      }, 
      "vin_number_line2": {
        "scale": 1.4, 
        "workflow": {
          "settings": {
            "custom_alphabet": "ABCDEFGHIJKLMNOPQRSTUVWXYZ123456789№ -/", 
            "recstr": ":/recstr/111_eu_n0133_recstr.json"
          }, 
          "type": "common"
        }
      }
    }, 
    "formatters": [
      {
        "allow_incomplete_inputs": true, 
        "formatter": {
          "settings": {
            "input_fields_sequence": ["vehicle_type_line1", "vehicle_type_line2"], 
            "output_field": "vehicle_type", 
            "separator": " "
          }, 
          "type": "merge"
        }, 
        "input_fields": ["vehicle_type_line1", "vehicle_type_line2"], 
        "output_fields": ["vehicle_type"]
      }
    ], 
    "image_integrators": {"__default__": ":/integrator/default_image_integrator.json"}, 
    "integrators": {"__default__": ":/integrator/default_token_integrator.json"}, 
    "size": [750, 1000], 
    "zones": {
      "model_zone": {
        "rect": [42, 186, 685, 152], 
        "workflow": {
          "settings": {"vertsgm": "vertsgm/vrc_t1_model_zone.json"}, 
          "type": "common"
        }
      }, 
      "number_zone": {
        "rect": [400, 870, 340, 100], 
        "workflow": {
          "settings": {"vertsgm": "vertsgm/vrc_t1_number_zone.json"}, 
          "type": "common"
        }
      }, 
      "reg_plate": {
        "rect": [350, 130, 390, 90], 
        "workflow": {
          "settings": {"vertsgm": "vertsgm/vrc_t1_reg_plate_zone.json"}, 
          "type": "common"
        }
      }, 
      "type_zone": {
        "rect": [28, 490, 720, 110], 
        "workflow": {
          "settings": {"vertsgm": "vertsgm/vrc_t1_type_zone_with_dp.json"}, 
          "type": "common"
        }
      }, 
      "vin_zone": {
        "rect": [16, 420, 718, 119], 
        "workflow": {
          "settings": {"vertsgm": "vertsgm/vrc_t1_vin_zone_with_dp.json"}, 
          "type": "common"
        }
      }
    }
  }
}