{
  "blr.drvlic.type1:front": {
    "config": "templates/blr.drvlic.type1.front.common.json",
    "expected_fields": ["birth_date", "number"],
    "fields": {
      "authority": {"scale": 1.8, "workflow": "field_processors/text_rus_drvlic.json"},
      "authority_eng": {"scale": 1.8, "workflow": "field_processors/text_eng_drvlic.json"},
      "birth_date": {
        "scale": 1.8,
        "workflow": {
          "settings": {
            "custom_alphabet": "0123456789 -/.",
            "deshearer": ":/mixangler/dummy_deshearer.json",
            "recstr": ":/recstr/app_001_thin.json"
          },
          "type": "common"
        }
      },
      "birth_place": {"scale": 1.8, "workflow": "field_processors/text_rus_drvlic.json"},
      "birth_place_eng": {
        "scale": 1.8,
        "workflow": "field_processors/text_eng_drvlic.json"
      },
      "expiry_date": {
        "scale": 1.8,
        "workflow": {
          "settings": {
            "custom_alphabet": "0123456789 -/.",
            "deshearer": ":/mixangler/dummy_deshearer.json",
            "recstr": ":/recstr/001__n0003_recstr.json"
          },
          "type": "common"
        }
      },
      "issue_date": {
        "scale": 1.8,
        "workflow": {
          "settings": {
            "custom_alphabet": "0123456789 -/.",
            "deshearer": ":/mixangler/dummy_deshearer.json",
            "recstr": ":/recstr/app_001_wide.json"
          },
          "type": "common"
        }
      },
      "last_name": {"scale": 1.8, "workflow": "field_processors/fio_rus_drvlic.json"},
      "last_name_eng": {
        "scale": 1.8,
        "workflow": {
          "settings": {
            "custom_alphabet": "ABCDEFGHIJKLMNOPQRSTUVWXYZ -.,/'",
            "deshearer": ":/mixangler/dummy_deshearer.json",
            "recstr": ":/recstr/app_111_eu_thin.json"
          },
          "type": "common"
        }
      },
      "name_and_patronymic_rus": {
        "scale": 1.8,
        "workflow": "field_processors/fio_rus_drvlic.json"
      },
      "name_eng": {
        "scale": 1.8,
        "workflow": {
          "settings": {
            "custom_alphabet": "ABCDEFGHIJKLMNOPQRSTUVWXYZ -.,/'",
            "deshearer": ":/mixangler/dummy_deshearer.json",
            "recstr": ":/recstr/app_111_eu_thin.json"
          },
          "type": "common"
        }
      },
      "number": {
        "scale": 1.8,
        "workflow": {
          "settings": {
            "custom_alphabet": "ABCDEFGHIJKLMNOPQRSTUVWXYZ123456789\u2116 -/",
            "deshearer": ":/mixangler/dummy_deshearer.json",
            "recstr": ":/recstr/111_eu_n0133_recstr.json"
          },
          "type": "common"
        }
      },
      "photo": {"workflow": {"settings": {}, "type": "image"}}
    },
    "formatters": [
      {
        "formatter": ":/postprocessor/date/default_birth_date_DDMMYYYY_formatter.json",
        "input_fields": ["birth_date"]
      },
      {
        "formatter": ":/postprocessor/date/default_issue_date_DDMMYYYY_formatter.json",
        "input_fields": ["issue_date"]
      },
      {
        "formatter": ":/postprocessor/date/default_expiry_date_DDMMYYYY_formatter.json",
        "input_fields": ["expiry_date"]
      }
    ],
    "image_integrators": {
      "__default__": ":/integrator/default_image_integrator.json",
      "photo": ":/integrator/default_photo_integrator.json"
    },
    "integrators": {"__default__": ":/integrator/default_token_integrator.json"},
    "size": [856, 540],
    "zones": {
      "data_zone": {
        "rect": [300, 120, 535, 370],
        "workflow": {
          "settings": {"vertsgm": "vertsgm/blr.drv_t1_data_zone_with_dp.json"},
          "type": "common"
        }
      },
      "photo_zone": {
        "rect": [20, 20, 500, 550],
        "workflow": ":/photo_retriever/common_objed_photo_retriever.json"
      }
    }
  }
}