{
  "blr.passport.type1:main": {
    "config": "templates/blr.passport.type1.main.common.json",
    "expected_fields": [
      "issue_date",
      "last_name",
      "name",
      "number",
      "expiry_date",
      "birth_date"
    ],
    "fields": {
      "authority": {
        "scale": 1.6,
        "workflow": {
          "settings": {
            "custom_alphabet": "ABCDEFGHIJKLMNOPQRSTUVWXYZ -.",
            "deshearer": ":/mixangler/dummy_deshearer.json",
            "recstr": ":/recstr/111_eu_n0110_recstr.json"
          },
          "type": "common"
        }
      },
      "authority1": {
        "scale": 1.6,
        "workflow": {
          "settings": {
            "custom_alphabet": "ABCDEFGHIJKLMNOPQRSTUVWXYZ -.",
            "deshearer": ":/mixangler/dummy_deshearer.json",
            "recstr": ":/recstr/111_eu_n0110_recstr.json"
          },
          "type": "common"
        }
      },
      "birth_date": {
        "scale": 1.6,
        "workflow": {
          "settings": {
            "custom_alphabet": "0123456789 ",
            "deshearer": ":/mixangler/dummy_deshearer.json",
            "recstr": ":/recstr/app_001_wide.json"
          },
          "type": "common"
        }
      },
      "birth_place": {"scale": 1.5, "workflow": "field_processors/text1_passport.json"},
      "expiry_date": {
        "scale": 1.6,
        "workflow": {
          "settings": {
            "custom_alphabet": "0123456789 ",
            "deshearer": ":/mixangler/dummy_deshearer.json",
            "recstr": ":/recstr/app_001_wide.json"
          },
          "type": "common"
        }
      },
      "gender": {
        "scale": 1.5,
        "workflow": {
          "settings": {
            "custom_alphabet": "ABCDEFGHIJKLMNOPQRSTUVWXYZ -.",
            "deshearer": ":/mixangler/dummy_deshearer.json",
            "recstr": ":/recstr/111_eu_n0114_recstr.json"
          },
          "type": "common"
        }
      },
      "id_number": {
        "scale": 1.6,
        "workflow": {
          "settings": {
            "custom_alphabet": "ABCEHKMGPVIFO 123456789",
            "deshearer": ":/mixangler/dummy_deshearer.json",
            "recstr": ":/recstr/111_eu_n0362_recstr.json"
          },
          "type": "common"
        }
      },
      "issue_date": {
        "scale": 1.6,
        "workflow": {
          "settings": {
            "custom_alphabet": "0123456789 ",
            "deshearer": ":/mixangler/dummy_deshearer.json",
            "recstr": ":/recstr/001__n0019_recstr.json"
          },
          "type": "common"
        }
      },
      "last_name": {
        "scale": 1.6,
        "workflow": {
          "settings": {
            "custom_alphabet": "ABCDEFGHIJKLMNOPQRSTUVWXYZ -.",
            "deshearer": ":/mixangler/dummy_deshearer.json",
            "recstr": ":/recstr/111_eu_n0362_recstr.json"
          },
          "type": "common"
        }
      },
      "mrz_line1": {
        "scale": 1.2,
        "workflow": {
          "settings": {
            "processors": [
              ":/mrz-data/mrz_field_workflow.json",
              "fraud/confirming_field_processor_mrz.json"
            ]
          },
          "type": "multi_sequence"
        }
      },
      "mrz_line2": {
        "scale": 1.2,
        "workflow": {
          "settings": {
            "processors": [
              ":/mrz-data/mrz_field_workflow.json",
              "fraud/confirming_field_processor_mrz.json"
            ]
          },
          "type": "multi_sequence"
        }
      },
      "mrz_status": {"workflow": {"type": "dummy"}},
      "name": {
        "scale": 1.6,
        "workflow": {
          "settings": {
            "custom_alphabet": "ABCDEFGHIJKLMNOPQRSTUVWXYZ -.",
            "deshearer": ":/mixangler/dummy_deshearer.json",
            "recstr": ":/recstr/111_eu_n0183_recstr.json"
          },
          "type": "common"
        }
      },
      "nationality": {
        "scale": 1.5,
        "workflow": {
          "settings": {
            "custom_alphabet": "ABCDEFGHIJKLMNOPQRSTUVWXYZ -.",
            "deshearer": ":/mixangler/dummy_deshearer.json",
            "recstr": ":/recstr/111_eu_n0390_recstr.json"
          },
          "type": "common"
        }
      },
      "number": {
        "scale": 1.4,
        "workflow": {
          "settings": {
            "custom_alphabet": "ABHKMPCLIO 123456789",
            "deshearer": ":/mixangler/dummy_deshearer.json",
            "recstr": ":/recstr/111_eu_n0362_recstr.json"
          },
          "type": "common"
        }
      },
      "photo": {"workflow": {"settings": {}, "type": "image"}},
      "type": {
        "scale": 1.6,
        "workflow": ":/field_processors/passport_type_processor.json"
      }
    },
    "formatters": [
      ":/postprocessor/mrz/mrz_formatter_slot_new_mrp.json",
      {
        "formatter": ":/postprocessor/date/default_birth_date_DDMMYYYY_formatter.json",
        "input_fields": ["birth_date"]
      },
      {
        "formatter": ":/postprocessor/date/default_issue_date_DDMMYYYY_formatter.json",
        "input_fields": ["issue_date"]
      },
      {
        "formatter": ":/postprocessor/date/default_expiry_date_DDMMYYYY_formatter.json",
        "input_fields": ["expiry_date"]
      },
      {
        "allow_incomplete_inputs": true,
        "formatter": "postprocessors/passport_authority_merger.json",
        "input_fields": ["authority", "authority1"],
        "output_fields": ["authority"]
      },
      {
        "allow_incomplete_inputs": true,
        "formatter": {
          "settings": {
            "input_fields_sequence": ["authority_eng", "authority1_eng"],
            "output_field": "authority_eng",
            "separator": " "
          },
          "type": "merge"
        },
        "input_fields": ["authority_eng", "authority1_eng"],
        "output_fields": ["authority_eng"]
      }
    ],
    "image_integrators": {
      "__default__": ":/integrator/default_image_integrator.json",
      "photo": ":/integrator/default_photo_integrator.json"
    },
    "integrators": {
      "__default__": ":/integrator/default_rover_integrator.json",
      "birth_date": ":/integrator/default_token_integrator.json",
      "birth_place": ":/integrator/default_rover_integrator.json",
      "birth_place_eng": ":/integrator/default_rover_integrator.json",
      "expiry_date": ":/integrator/default_token_integrator.json",
      "full_mrz": ":/integrator/default_mrz_integrator.json",
      "gender": ":/integrator/default_rover_integrator.json",
      "id_number": ":/integrator/default_token_integrator.json",
      "issue_date": ":/integrator/default_token_integrator.json",
      "last_name": ":/integrator/default_rover_integrator.json",
      "last_name_eng": ":/integrator/default_rover_integrator.json",
      "name": ":/integrator/default_rover_integrator.json",
      "name_eng": ":/integrator/default_rover_integrator.json",
      "number": ":/integrator/default_token_integrator.json"
    },
    "size": [800, 550],
    "zones": {
      "data_zone": {
        "rect": [235, 45, 565, 380],
        "workflow": {
          "settings": {"vertsgm": "vertsgm/blr.pass_data_zone_with_dp.json"},
          "type": "common"
        }
      },
      "mrz_zone": {
        "rect": [0, 427, 800, 118],
        "size_override": [1200, 177],
        "workflow": ":/mrz-data/mrz_zone_workflow_mrp.json"
      },
      "photo_zone": {
        "rect": [20, 20, 500, 550],
        "workflow": ":/photo_retriever/common_objed_photo_retriever.json"
      }
    }
  }
}