{
  "blr.drvlic.type2:front": {
    "config": "templates/blr.drvlic.type2.front.common.json",
    "expected_fields": ["series", "number"],
    "fields": {
      "birth_date": {"scale": 1.4, "workflow": "field_processors/date_drvlic.json"},
      "birth_place_eng": {
        "scale": 1.4,
        "workflow": "field_processors/text_eng_drvlic.json"
      },
      "birth_place": {"scale": 1.4, "workflow": "field_processors/text_rus_drvlic.json"},
      "expiry_date": {"scale": 1.4, "workflow": "field_processors/date_drvlic.json"},
      "issue_date": {"scale": 1.4, "workflow": "field_processors/date_drvlic.json"},
      "name_eng": {"scale": 1.4, "workflow": "field_processors/text_eng_drvlic.json"},
      "name": {"scale": 1.4, "workflow": "field_processors/text_rus_drvlic.json"},
      "number": {"scale": 1.4, "workflow": "field_processors/number_drvlic.json"},
      "patronymic": {"scale": 1.5, "workflow": "field_processors/text_rus_drvlic.json"},
      "photo": {"workflow": {"settings": {}, "type": "image"}},
      "address_eng": {"scale": 1.4, "workflow": "field_processors/text_eng_drvlic.json"},
      "address": {"scale": 1.4, "workflow": "field_processors/text_rus_drvlic.json"},
      "series": {"scale": 1.4, "workflow": "field_processors/text_eng_drvlic.json"},
      "last_name_eng": {"scale": 1.4, "workflow": "field_processors/text_eng_drvlic.json"},
      "last_name": {"scale": 1.4, "workflow": "field_processors/text_rus_drvlic.json"}
    },
    "formatters": [
      {
        "formatter": ":/postprocessor/date/default_birth_date_DDMMYYYY_formatter.json",
        "input_fields": ["birth_date"]
      },
      {
        "formatter": ":/postprocessor/date/default_issue_date_DDMMYYYY_formatter.json",
        "input_fields": ["issue_date"]
      },
      {
        "formatter": ":/postprocessor/date/default_expiry_date_DDMMYYYY_formatter.json",
        "input_fields": ["expiry_date"]
      }
    ],
    "image_integrators": {
      "__default__": ":/integrator/default_image_integrator.json",
      "photo": ":/integrator/default_photo_integrator.json"
    },
    "integrators": {"__default__": ":/integrator/default_token_integrator.json"},
    "size": [740, 1050],
    "zones": {
      "data_zone": {
        "rect": [0, 125, 710, 720],
        "workflow": {
          "settings": {"vertsgm": "vertsgm/blr.drv_t2_data_zone_with_dp.json"},
          "type": "common"
        }
      },
      "photo_zone": {
        "rect": [365, 430, 370, 465],
        "workflow": ":/photo_retriever/common_objed_photo_retriever.json"
      }
    }
  }
}