{
  "blr.id.type1:back": {
    "config": "templates/blr.id.type1.back.common.json", 
    "expected_fields": [
      "authority", 
      "nationality", 
      "nationality_rus", 
      "nationality_eng", 
      "issue_date", 
      "mrz_line_1", 
      "mrz_line_2", 
      "mrz_line_3", 
      "full_mrz", 
      "number_mrz", 
      "birth_date_mrz", 
      "gender_mrz", 
      "expiry_date_mrz", 
      "nationality_mrz", 
      "opt_data_2_mrz", 
      "first_name_mrz", 
      "last_name_mrz"
    ], 
    "fields": {
      "authority": {
        "scale": 1.5, 
        "workflow": {
          "settings": {
            "custom_alphabet": "0123456789 .-", 
            "recstr": ":/recstr/001__n0007_recstr.json"
          }, 
          "type": "common"
        }
      }, 
      "issue_date": {
        "scale": 1.5, 
        "workflow": {
          "settings": {
            "custom_alphabet": "0123456789 .-", 
            "recstr": ":/recstr/001__n0007_recstr.json"
          }, 
          "type": "common"
        }
      }, 
      "mrz_line1": {"scale": 1.2, "workflow": ":/mrz-data/mrz_field_workflow.json"}, 
      "mrz_line2": {"scale": 1.2, "workflow": ":/mrz-data/mrz_field_workflow.json"}, 
      "mrz_line3": {"scale": 1.2, "workflow": ":/mrz-data/mrz_field_workflow.json"}, 
      "nationality": {
        "scale": 1.5, 
        "workflow": {
          "settings": {
            "custom_alphabet": "АБВГДЕЁЖЗIЙКЛМНОПРСТУЎФХЦЧШЫЬЭЮЯ -.,/'\\\"123456789", 
            "recstr": ":/recstr/blr__id_fio_recstr.json"
          }, 
          "type": "common"
        }
      }, 
      "nationality_eng": {
        "scale": 1.5, 
        "workflow": {
          "settings": {
            "custom_alphabet": "ABCDEFGHIJKLMNOPQRSTUVWXYZ -.", 
            "recstr": ":/recstr/111_eu_n0004_recstr.json"
          }, 
          "type": "common"
        }
      }, 
      "nationality_rus": {
        "scale": 1.5, 
        "workflow": {
          "settings": {
            "custom_alphabet": "ЁАБВГДЕЖЗИЙКЛМНОПРСТУФХЦЧШЩЪЫЬЭЮЯ -", 
            "recstr": ":/recstr/blr__id_fio_rus_recstr.json"
          }, 
          "type": "common"
        }
      }
    }, 
    "formatters": [
      {
        "formatter": ":/postprocessor/lat_cyr_replacer.json", 
        "input_fields": ["nationality"]
      }, 
      {
        "formatter": ":/postprocessor/date/default_issue_date_DDMMYYYY_formatter.json", 
        "input_fields": ["issue_date"]
      }, 
      ":/postprocessor/mrz/mrz_formatter_slot_new_td1.json"
    ], 
    "image_integrators": {"__default__": ":/integrator/default_image_integrator.json"}, 
    "integrators": {
      "__default__": ":/integrator/default_rover_integrator.json", 
      "full_mrz": ":/integrator/default_mrz_integrator.json", 
      "issue_date": ":/integrator/default_token_integrator.json", 
      "number_back": ":/integrator/default_token_integrator.json"
    }, 
    "size": [856, 540], 
    "zones": {
      "mrz_zone": {
        "rect": [0, 225, 856, 315], 
        "size_override": [800, 294], 
        "workflow": ":/mrz-data/mrz_zone_workflow_td1.json"
      }, 
      "zone1": {
        "rect": [140, 40, 510, 130], 
        "workflow": {
          "settings": {"vertsgm": "vertsgm/id_t1_zone1_back.json"}, 
          "type": "common"
        }
      }, 
      "zone2": {
        "rect": [210, 160, 140, 110], 
        "workflow": {
          "settings": {"vertsgm": "vertsgm/id_t1_zone2_back.json"}, 
          "type": "common"
        }
      }, 
      "zone3": {
        "rect": [450, 140, 240, 130], 
        "workflow": {
          "settings": {"vertsgm": "vertsgm/id_t1_zone3_back.json"}, 
          "type": "common"
        }
      }
    }
  }
}