{
  "blr.drvlic.type2:back": {
    "config": "templates/blr.drvlic.type2.back.common.json", 
    "expected_fields": ["lic_number"], 
    "fields": {
      "lic_number": {
        "scale": 1.1, 
        "workflow": {
          "settings": {
            "custom_alphabet": " 0123456789", 
            "recstr": ":/recstr/001__n0094_recstr.json"
          }, 
          "type": "common"
        }
      }
    }, 
    "formatters": [
      {
        "formatter": ":/postprocessor/spaces_filter.json", 
        "input_fields": ["lic_number"]
      }
    ], 
    "image_integrators": {
      "__default__": ":/integrator/default_image_integrator.json"
    }, 
    "integrators": {"__default__": ":/integrator/default_token_integrator.json"}, 
    "size": [730, 1050], 
    "zones": {
      "lic_number_zone": {
        "rect": [220, 950, 290, 70], 
        "workflow": {
          "settings": {"vertsgm": "vertsgm/drv_t2_back_lic_number_zone_with_dp.json"}, 
          "type": "common"
        }
      }
    }
  }
}