{
  "blr.id.type1:front": {
    "config": "templates/blr.id.type1.front.common.json", 
    "expected_fields": [], 
    "fields": {
      "birth_date": {
        "scale": 1.5, 
        "workflow": {
          "settings": {
            "custom_alphabet": "0123456789 .-", 
            "recstr": ":/recstr/001__n0007_recstr.json"
          }, 
          "type": "common"
        }
      }, 
      "expiry_date": {
        "scale": 1.5, 
        "workflow": {
          "settings": {
            "custom_alphabet": "0123456789 .-", 
            "recstr": ":/recstr/001__n0007_recstr.json"
          }, 
          "type": "common"
        }
      }, 
      "gender": {
        "scale": 1.5, 
        "workflow": {
          "settings": {
            "custom_alphabet": "ЁАБВГДЕЖЗИЙКЛМНОПРСТУФХЦЧШЩЪЫЬЭЮЯ -", 
            "recstr": ":/recstr/blr__id_fio_rus_recstr.json"
          }, 
          "type": "common"
        }
      }, 
      "gender_eng": {
        "scale": 1.5, 
        "workflow": {
          "settings": {
            "custom_alphabet": "ABCDEFGHIJKLMNOPQRSTUVWXYZ -.", 
            "recstr": ":/recstr/111_eu_n0004_recstr.json"
          }, 
          "type": "common"
        }
      }, 
      "name": {
        "scale": 1.5, 
        "workflow": {
          "settings": {
            "custom_alphabet": "АБВГДЕЁЖЗIЙКЛМНОПРСТУЎФХЦЧШЫЬЭЮЯ -.,/'\\\"123456789", 
            "recstr": ":/recstr/blr__id_fio_recstr.json"
          }, 
          "type": "common"
        }
      }, 
      "name_eng": {
        "scale": 1.5, 
        "workflow": {
          "settings": {
            "custom_alphabet": "ABCDEFGHIJKLMNOPQRSTUVWXYZ -.", 
            "recstr": ":/recstr/111_eu_n0004_recstr.json"
          }, 
          "type": "common"
        }
      }, 
      "name_rus": {
        "scale": 1.5, 
        "workflow": {
          "settings": {
            "custom_alphabet": "ЁАБВГДЕЖЗИЙКЛМНОПРСТУФХЦЧШЩЪЫЬЭЮЯ -", 
            "recstr": ":/recstr/blr__id_fio_rus_recstr.json"
          }, 
          "type": "common"
        }
      }, 
      "number": {
        "scale": 1.5, 
        "workflow": {
          "settings": {
            "custom_alphabet": "ABCDEFGHIJKLMNOPQRSTUVWXYZ 123456789", 
            "recstr": ":/recstr/111_eu_n0004_recstr.json"
          }, 
          "type": "common"
        }
      }, 
      "patronymic": {
        "scale": 1.5, 
        "workflow": {
          "settings": {
            "custom_alphabet": "АБВГДЕЁЖЗIЙКЛМНОПРСТУЎФХЦЧШЫЬЭЮЯ -.,/'\\\"123456789", 
            "recstr": ":/recstr/blr__id_fio_recstr.json"
          }, 
          "type": "common"
        }
      }, 
      "patronymic_rus": {
        "scale": 1.5, 
        "workflow": {
          "settings": {
            "custom_alphabet": "ЁАБВГДЕЖЗИЙКЛМНОПРСТУФХЦЧШЩЪЫЬЭЮЯ -", 
            "recstr": ":/recstr/blr__id_fio_rus_recstr.json"
          }, 
          "type": "common"
        }
      }, 
      "personal_number": {
        "scale": 1.5, 
        "workflow": {
          "settings": {
            "custom_alphabet": "ABCDEFGHIJKLMNOPQRSTUVWXYZ 123456789", 
            "recstr": ":/recstr/111_eu_n0004_recstr.json"
          }, 
          "type": "common"
        }
      }, 
      "photo": {"workflow": {"settings": {}, "type": "image"}}, 
      "signature": {"workflow": {"settings": {}, "type": "image"}}, 
      "surname": {
        "scale": 1.5, 
        "workflow": {
          "settings": {
            "custom_alphabet": "АБВГДЕЁЖЗIЙКЛМНОПРСТУЎФХЦЧШЫЬЭЮЯ -.,/'\\\"123456789", 
            "recstr": ":/recstr/blr__id_fio_recstr.json"
          }, 
          "type": "common"
        }
      }, 
      "surname_eng": {
        "scale": 1.5, 
        "workflow": {
          "settings": {
            "custom_alphabet": "ABCDEFGHIJKLMNOPQRSTUVWXYZ -.", 
            "recstr": ":/recstr/111_eu_n0004_recstr.json"
          }, 
          "type": "common"
        }
      }, 
      "surname_rus": {
        "scale": 1.5, 
        "workflow": {
          "settings": {
            "custom_alphabet": "ЁАБВГДЕЖЗИЙКЛМНОПРСТУФХЦЧШЩЪЫЬЭЮЯ -", 
            "recstr": ":/recstr/blr__id_fio_rus_recstr.json"
          }, 
          "type": "common"
        }
      }
    }, 
    "formatters": [
      {
        "formatter": ":/postprocessor/lat_cyr_replacer.json", 
        "input_fields": ["surname"]
      }, 
      {
        "formatter": ":/postprocessor/lat_cyr_replacer.json", 
        "input_fields": ["patronymic"]
      }, 
      {"formatter": ":/postprocessor/lat_cyr_replacer.json", "input_fields": ["name"]}, 
      {
        "formatter": ":/postprocessor/date/default_expiry_date_DDMMYYYY_formatter.json", 
        "input_fields": ["expiry_date"]
      }, 
      {
        "formatter": ":/postprocessor/date/default_birth_date_DDMMYYYY_formatter.json", 
        "input_fields": ["birth_date"]
      }
    ], 
    "image_integrators": {
      "__default__": ":/integrator/default_image_integrator.json", 
      "photo": ":/integrator/default_photo_integrator.json"
    }, 
    "integrators": {
      "__default__": ":/integrator/default_rover_integrator.json", 
      "birth_date": ":/integrator/default_token_integrator.json", 
      "expiry_date": ":/integrator/default_token_integrator.json", 
      "number": ":/integrator/default_token_integrator.json", 
      "personal_number": ":/integrator/default_token_integrator.json"
    }, 
    "size": [856, 540], 
    "zones": {
      "photo_zone": {
        "rect": [15, 125, 260, 300], 
        "workflow": ":/photo_retriever/common_objed_photo_retriever.json"
      }, 
      "signature": {
        "rect": [15, 445, 260, 90], 
        "workflow": ":/signature_retriever/signature_retriever.json"
      }, 
      "zone1": {
        "rect": [330, 70, 420, 460], 
        "workflow": {
          "settings": {"vertsgm": "vertsgm/blr.id_t1_data_zone1_with_dp.json"}, 
          "type": "common"
        }
      }, 
      "zone2": {
        "rect": [620, 425, 105, 85], 
        "workflow": {
          "settings": {"vertsgm": "vertsgm/blr.id_t1_data_zone2_with_dp.json"}, 
          "type": "common"
        }
      }
    }
  }
}