{
  "blr.passport.internal.type1:page31": {
    "config": "templates/blr.passport.internal.type1.page31.common.json",
    "expected_fields": [
      "issue_date",
      "last_name",
      "name",
      "id_number",
      "patronymic",
      "expiry_date",
      "birth_date"
    ],
    "fields": {
      "authority": {
        "scale": 1.7,
        "workflow": {
          "settings": {
            "custom_alphabet": "\u0410\u0412\u0413\u0411\u0414\u0415\u0401\u0416\u0417I\u0418\u0419\u041a\u041b\u041c\u041d\u041e\u041f\u0420\u0421\u0422\u0423\u040e\u0424\u0425\u0426\u0427\u0428\u0429\u042b\u042a\u042c\u042d\u042e\u042f. /",
            "deshearer": ":/mixangler/dummy_deshearer.json",
            "recstr": ":/recstr/blr__psp_page_31_fio_recstr.json"
          },
          "type": "common"
        }
      },
      "authority_rus": {
        "scale": 1.7,
        "workflow": {
          "settings": {
            "custom_alphabet": "\u0410\u0412\u0413\u0411\u0414\u0415\u0401\u0416\u0417\u0418\u0419\u041a\u041b\u041c\u041d\u041e\u041f\u0420\u0421\u0422\u0423\u0424\u0425\u0426\u0427\u0428\u0429\u042b\u042a\u042c\u042d\u042e\u042f .,-/'",
            "deshearer": ":/mixangler/dummy_deshearer.json",
            "recstr": ":/recstr/blr__psp_page_31_t1_rus_recstr.json"
          },
          "type": "common"
        }
      },
      "birth_date": {
        "scale": 1.3,
        "workflow": {
          "settings": {
            "custom_alphabet": "0123456789 ",
            "deshearer": ":/mixangler/dummy_deshearer.json",
            "recstr": ":/recstr/app_001_wide.json"
          },
          "type": "common"
        }
      },
      "birth_place": {
        "scale": 1.7,
        "workflow": {
          "settings": {
            "custom_alphabet": "\u0410\u0412\u0413\u0411\u0414\u0415\u0401\u0416\u0417I\u0418\u0419\u041a\u041b\u041c\u041d\u041e\u041f\u0420\u0421\u0422\u0423\u040e\u0424\u0425\u0426\u0427\u0428\u0429\u042b\u042a\u042c\u042d\u042e\u042f ,-/'",
            "deshearer": ":/mixangler/dummy_deshearer.json",
            "recstr": ":/recstr/blr__psp_page_31_t1_recstr.json"
          },
          "type": "common"
        }
      },
      "birth_place1": {
        "scale": 1.7,
        "workflow": {
          "settings": {
            "custom_alphabet": "\u0410\u0412\u0413\u0411\u0414\u0415\u0401\u0416\u0417I\u0418\u0419\u041a\u041b\u041c\u041d\u041e\u041f\u0420\u0421\u0422\u0423\u040e\u0424\u0425\u0426\u0427\u0428\u0429\u042b\u042a\u042c\u042d\u042e\u042f ,-/'",
            "deshearer": ":/mixangler/dummy_deshearer.json",
            "recstr": ":/recstr/blr__psp_page_31_t1_recstr.json"
          },
          "type": "common"
        }
      },
      "birth_place2": {
        "scale": 1.7,
        "workflow": {
          "settings": {
            "custom_alphabet": "\u0410\u0412\u0413\u0411\u0414\u0415\u0401\u0416\u0417I\u0418\u0419\u041a\u041b\u041c\u041d\u041e\u041f\u0420\u0421\u0422\u0423\u040e\u0424\u0425\u0426\u0427\u0428\u0429\u042b\u042a\u042c\u042d\u042e\u042f ,-/'",
            "deshearer": ":/mixangler/dummy_deshearer.json",
            "recstr": ":/recstr/blr__psp_page_31_t1_recstr.json"
          },
          "type": "common"
        }
      },
      "expiry_date": {
        "scale": 1.3,
        "workflow": {
          "settings": {
            "custom_alphabet": "0123456789 ",
            "deshearer": ":/mixangler/dummy_deshearer.json",
            "recstr": ":/recstr/001__n0096_recstr.json"
          },
          "type": "common"
        }
      },
      "id_number": {
        "scale": 1.3,
        "workflow": {
          "settings": {
            "custom_alphabet": "ABCDEFGHIJKLMNOPQRSTUVWXYZ 123456789",
            "deshearer": ":/mixangler/dummy_deshearer.json",
            "recstr": ":/recstr/app_111_eu_ocrblike_spacing.json"
          },
          "type": "common"
        }
      },
      "issue_date": {
        "scale": 1.3,
        "workflow": {
          "settings": {
            "custom_alphabet": "0123456789 ",
            "deshearer": ":/mixangler/dummy_deshearer.json",
            "recstr": ":/recstr/app_001_wide.json"
          },
          "type": "common"
        }
      },
      "last_name": {
        "scale": 1.7,
        "workflow": {
          "settings": {
            "custom_alphabet": "\u0410\u0412\u0413\u0411\u0414\u0415\u0401\u0416\u0417I\u0418\u0419\u041a\u041b\u041c\u041d\u041e\u041f\u0420\u0421\u0422\u0423\u040e\u0424\u0425\u0426\u0427\u0428\u0429\u042b\u042a\u042c\u042d\u042e\u042f -/'",
            "deshearer": ":/mixangler/dummy_deshearer.json",
            "recstr": ":/recstr/blr__psp_page_31_fio_recstr.json"
          },
          "type": "common"
        }
      },
      "last_name_rus": {
        "scale": 1.7,
        "workflow": {
          "settings": {
            "custom_alphabet": "\u0410\u0412\u0413\u0411\u0414\u0415\u0401\u0416\u0417I\u0418\u0419\u041a\u041b\u041c\u041d\u041e\u041f\u0420\u0421\u0422\u0423\u040e\u0424\u0425\u0426\u0427\u0428\u0429\u042b\u042a\u042c\u042d\u042e\u042f -/'",
            "deshearer": ":/mixangler/dummy_deshearer.json",
            "recstr": ":/recstr/blr__psp_page_31_t1_rus_recstr.json"
          },
          "type": "common"
        }
      },
      "name": {
        "scale": 1.7,
        "workflow": {
          "settings": {
            "custom_alphabet": "\u0410\u0412\u0413\u0411\u0414\u0415\u0401\u0416\u0417I\u0418\u0419\u041a\u041b\u041c\u041d\u041e\u041f\u0420\u0421\u0422\u0423\u040e\u0424\u0425\u0426\u0427\u0428\u0429\u042b\u042a\u042c\u042d\u042e\u042f -/'",
            "deshearer": ":/mixangler/dummy_deshearer.json",
            "recstr": ":/recstr/blr__psp_page_31_fio_recstr.json"
          },
          "type": "common"
        }
      },
      "name_rus": {
        "scale": 1.7,
        "workflow": {
          "settings": {
            "custom_alphabet": "\u0410\u0412\u0413\u0411\u0414\u0415\u0401\u0416\u0417I\u0418\u0419\u041a\u041b\u041c\u041d\u041e\u041f\u0420\u0421\u0422\u0423\u040e\u0424\u0425\u0426\u0427\u0428\u0429\u042b\u042a\u042c\u042d\u042e\u042f -/'",
            "deshearer": ":/mixangler/dummy_deshearer.json",
            "recstr": ":/recstr/blr__psp_page_31_t1_rus_recstr.json"
          },
          "type": "common"
        }
      },
      "patronymic": {
        "scale": 1.7,
        "workflow": {
          "settings": {
            "custom_alphabet": "\u0410\u0412\u0413\u0411\u0414\u0415\u0401\u0416\u0417I\u0418\u0419\u041a\u041b\u041c\u041d\u041e\u041f\u0420\u0421\u0422\u0423\u040e\u0424\u0425\u0426\u0427\u0428\u0429\u042b\u042a\u042c\u042d\u042e\u042f -/'",
            "deshearer": ":/mixangler/dummy_deshearer.json",
            "recstr": ":/recstr/blr__psp_page_31_fio_recstr.json"
          },
          "type": "common"
        }
      },
      "patronymic_rus": {
        "scale": 1.7,
        "workflow": {
          "settings": {
            "custom_alphabet": "\u0410\u0412\u0413\u0411\u0414\u0415\u0401\u0416\u0417I\u0418\u0419\u041a\u041b\u041c\u041d\u041e\u041f\u0420\u0421\u0422\u0423\u040e\u0424\u0425\u0426\u0427\u0428\u0429\u042b\u042a\u042c\u042d\u042e\u042f -/'",
            "deshearer": ":/mixangler/dummy_deshearer.json",
            "recstr": ":/recstr/blr__psp_page_31_t1_rus_recstr.json"
          },
          "type": "common"
        }
      }
    },
    "formatters": [
      {
        "formatter": ":/postprocessor/lat_cyr_replacer.json",
        "input_fields": ["birth_place"]
      },
      {
        "formatter": ":/postprocessor/lat_cyr_replacer.json",
        "input_fields": ["authority"]
      },
      {
        "formatter": ":/postprocessor/lat_cyr_replacer.json",
        "input_fields": ["authority_rus"]
      },
      {
        "formatter": ":/postprocessor/lat_cyr_replacer.json",
        "input_fields": ["birth_place2"]
      },
      {
        "formatter": ":/postprocessor/lat_cyr_replacer.json",
        "input_fields": ["birth_place1"]
      },
      {
        "formatter": ":/postprocessor/date/default_birth_date_DDMMYYYY_formatter.json",
        "input_fields": ["birth_date"]
      },
      {
        "formatter": ":/postprocessor/punctuation_filter.json",
        "input_fields": ["id_number"]
      },
      {
        "formatter": ":/postprocessor/date/default_issue_date_DDMMYYYY_formatter.json",
        "input_fields": ["issue_date"]
      },
      {
        "formatter": ":/postprocessor/date/default_expiry_date_DDMMYYYY_formatter.json",
        "input_fields": ["expiry_date"]
      },
      {
        "formatter": ":/postprocessor/lat_cyr_replacer.json",
        "input_fields": ["last_name"]
      },
      {"formatter": ":/postprocessor/lat_cyr_replacer.json", "input_fields": ["name"]},
      {
        "formatter": ":/postprocessor/lat_cyr_replacer.json",
        "input_fields": ["patronymic"]
      }
    ],
    "image_integrators": {"__default__": ":/integrator/default_image_integrator.json"},
    "integrators": {
      "__default__": ":/integrator/default_rover_integrator.json",
      "birth_date": ":/integrator/default_token_integrator.json",
      "expiry_date": ":/integrator/default_token_integrator.json",
      "issue_date": ":/integrator/default_token_integrator.json"
    },
    "size": [800, 563],
    "zones": {
      "data1_zone": {
        "rect": [5, 50, 785, 350],
        "workflow": {
          "settings": {"vertsgm": "vertsgm/psp_page31_type1_data1_zone_dp.json"},
          "type": "common"
        }
      },
      "data2_zone": {
        "rect": [30, 410, 750, 140],
        "workflow": {
          "settings": {"vertsgm": "vertsgm/psp_page31_type1_data2_zone_dp.json"},
          "type": "common"
        }
      }
    }
  }
}