{
  "blr.visa.type2:main": {
    "config": "templates/blr.visa.type2.main.common.json", 
    "expected_fields": [
      "number", 
      "issue_date", 
      "passport_number", 
      "photo", 
      "duration", 
      "entries_number", 
      "entry_date", 
      "until_date", 
      "issue_place", 
      "name", 
      "accompanied_by", 
      "type", 
      "remarks", 
      "full_mrz", 
      "first_name_mrz", 
      "last_name_mrz", 
      "number_mrz", 
      "nationality_mrz", 
      "birth_date_mrz", 
      "gender_mrz", 
      "expiry_date_mrz", 
      "opt_data_2_mrz"
    ], 
    "fields": {
      "accompanied_by": {
        "scale": 2.0, 
        "workflow": {
          "settings": {
            "custom_alphabet": "ABCDEFGHIJKLMNOPQRSTUVWXYZ -.", 
            "recstr": ":/recstr/111_eu_n0004_recstr.json"
          }, 
          "type": "common"
        }
      }, 
      "duration": {
        "scale": 2.0, 
        "workflow": {
          "settings": {
            "custom_alphabet": "0123456789 ", 
            "recstr": ":/recstr/001__n0007_recstr.json"
          }, 
          "type": "common"
        }
      }, 
      "entries_number": {
        "scale": 2.0, 
        "workflow": {
          "settings": {
            "custom_alphabet": "0123456789 ", 
            "recstr": ":/recstr/001__n0007_recstr.json"
          }, 
          "type": "common"
        }
      }, 
      "entry_date": {
        "scale": 2.0, 
        "workflow": {
          "settings": {
            "custom_alphabet": "0123456789 .-", 
            "recstr": ":/recstr/001__n0007_recstr.json"
          }, 
          "type": "common"
        }
      }, 
      "issue_date": {
        "scale": 2.0, 
        "workflow": {
          "settings": {
            "custom_alphabet": "0123456789 .-", 
            "recstr": ":/recstr/001__n0007_recstr.json"
          }, 
          "type": "common"
        }
      }, 
      "issue_place": {
        "scale": 2.0, 
        "workflow": {
          "settings": {
            "custom_alphabet": "ABCDEFGHIJKLMNOPQRSTUVWXYZ -.,/'\\\"123456789", 
            "recstr": ":/recstr/111_eu_n0006_recstr.json"
          }, 
          "type": "common"
        }
      }, 
      "mrz_line1": {"scale": 1.2, "workflow": ":/mrz-data/mrz_field_workflow.json"}, 
      "mrz_line2": {"scale": 1.2, "workflow": ":/mrz-data/mrz_field_workflow.json"}, 
      "name": {
        "scale": 2.0, 
        "workflow": {
          "settings": {
            "custom_alphabet": "ABCDEFGHIJKLMNOPQRSTUVWXYZ -.", 
            "recstr": ":/recstr/111_eu_n0004_recstr.json"
          }, 
          "type": "common"
        }
      }, 
      "number": {
        "scale": 2.0, 
        "workflow": {
          "settings": {"recstr": ":/recstr/001__n0007_recstr.json"}, 
          "type": "common"
        }
      }, 
      "passport_number": {
        "scale": 2.0, 
        "workflow": {
          "settings": {"recstr": ":/recstr/001__n0007_recstr.json"}, 
          "type": "common"
        }
      }, 
      "photo": {"workflow": {"settings": {}, "type": "image"}}, 
      "remarks0": {
        "scale": 2.0, 
        "workflow": {
          "settings": {
            "custom_alphabet": "ABCDEFGHIJKLMNOPQRSTUVWXYZ -.,/'\\\"123456789", 
            "recstr": ":/recstr/111_eu_n0006_recstr.json"
          }, 
          "type": "common"
        }
      }, 
      "remarks1": {
        "scale": 2.0, 
        "workflow": {
          "settings": {
            "custom_alphabet": "ABCDEFGHIJKLMNOPQRSTUVWXYZ -.,/'\\\"123456789", 
            "recstr": ":/recstr/111_eu_n0006_recstr.json"
          }, 
          "type": "common"
        }
      }, 
      "remarks2": {
        "scale": 2.0, 
        "workflow": {
          "settings": {
            "custom_alphabet": "ABCDEFGHIJKLMNOPQRSTUVWXYZ -.,/'\\\"123456789", 
            "recstr": ":/recstr/111_eu_n0006_recstr.json"
          }, 
          "type": "common"
        }
      }, 
      "remarks3": {
        "scale": 2.0, 
        "workflow": {
          "settings": {
            "custom_alphabet": "ABCDEFGHIJKLMNOPQRSTUVWXYZ -.,/'\\\"123456789", 
            "recstr": ":/recstr/111_eu_n0006_recstr.json"
          }, 
          "type": "common"
        }
      }, 
      "type": {
        "scale": 2.0, 
        "workflow": {
          "settings": {
            "custom_alphabet": "ABCDEFGHIJKLMNOPQRSTUVWXYZ -.", 
            "recstr": ":/recstr/111_eu_n0004_recstr.json"
          }, 
          "type": "common"
        }
      }, 
      "until_date": {
        "scale": 2.0, 
        "workflow": {
          "settings": {
            "custom_alphabet": "0123456789 .-", 
            "recstr": ":/recstr/001__n0007_recstr.json"
          }, 
          "type": "common"
        }
      }
    }, 
    "formatters": [
      ":/postprocessor/mrz/mrz_formatter_slot_new_mrvb.json", 
      {
        "formatter": ":/postprocessor/spaces_filter.json", 
        "input_fields": ["passport_number"]
      }, 
      {
        "formatter": ":/postprocessor/punctuation_filter.json", 
        "input_fields": ["number"]
      }, 
      {
        "formatter": ":/postprocessor/punctuation_filter.json", 
        "input_fields": ["entries_number"]
      }, 
      {
        "formatter": ":/postprocessor/punctuation_filter.json", 
        "input_fields": ["duration"]
      }, 
      {"formatter": ":/postprocessor/punctuation_filter.json", "input_fields": ["type"]}, 
      {
        "formatter": ":/postprocessor/date/default_expiry_date_DDMMYY_formatter.json", 
        "input_fields": ["entry_date"]
      }, 
      {
        "formatter": ":/postprocessor/date/default_expiry_date_DDMMYY_formatter.json", 
        "input_fields": ["until_date"]
      }, 
      {
        "formatter": ":/postprocessor/date/default_issue_date_DDMMYY_formatter.json", 
        "input_fields": ["issue_date"]
      }, 
      {
        "allow_incomplete_inputs": true, 
        "formatter": {
          "settings": {
            "input_fields_sequence": ["remarks0", "remarks1", "remarks2", "remarks3"], 
            "output_field": "remarks", 
            "separator": " "
          }, 
          "type": "merge"
        }, 
        "input_fields": ["remarks0", "remarks1", "remarks2", "remarks3"], 
        "output_fields": ["remarks"]
      }
    ], 
    "image_integrators": {
      "__default__": ":/integrator/default_image_integrator.json", 
      "photo": ":/integrator/default_photo_integrator.json"
    }, 
    "integrators": {
      "__default__": ":/integrator/default_rover_integrator.json", 
      "entry_date": ":/integrator/default_token_integrator.json", 
      "full_mrz": ":/integrator/default_mrz_integrator.json", 
      "issue_date": ":/integrator/default_token_integrator.json", 
      "until_date": ":/integrator/default_token_integrator.json"
    }, 
    "size": [1200, 790], 
    "zones": {
      "mrz_zone": {
        "rect": [0, 475, 1200, 250], 
        "size_override": [1200, 250], 
        "workflow": ":/mrz-data/mrz_zone_workflow_mrvb.json"
      }, 
      "photo_zone": {
        "rect": [0, 100, 365, 375], 
        "workflow": ":/photo_retriever/common_objed_photo_retriever.json"
      }, 
      "zone": {
        "rect": [360, 20, 840, 460], 
        "workflow": {
          "settings": {
            "extract_field_images": true, 
            "img_processor": {"settings": {"satur_coef": 1.5}, "type": "satur_suppress"}, 
            "zone_processor": {
              "settings": {"vertsgm": "vertsgm/visa_t2_zones.json"}, 
              "type": "common"
            }
          }, 
          "type": "with_preprocessing"
        }
      }
    }
  }
}