{
    "(sample)": "blr.drvlic.type1.front.common/sample.png",
    "features": {
        "content": {
            "(ffe)": ":/docs/blr/ffe_config_mobile.json",
            "descriptor_size": 296,
            "descriptor_type": "uint1",
            "rotations": 4,
            "variants": "blr.drvlic.type1.front.common/variants.json"
        },
        "type": "common"
    },
    "name": "blr.drvlic.type1:front",
    "size_mm": [
        85.6,
        54
    ],
    "size_px": [
        856,
        540
    ]
}