{
    "(sample)": "blr.drvlic.type2.back.common/sample.jpg",
    "features": {
        "content": {
            "(ffe)": "",
            "descriptor_size": 296,
            "descriptor_type": "uint1",
            "rotations": 4,
            "variants": "blr.drvlic.type2.back.common/variants.json"
        },
        "type": "common"
    },
    "linked_templates": [
    ],
    "name": "blr.drvlic.type2:back",
    "size_mm": [
        73,
        105
    ],
    "size_px": [
        730,
        1050
    ]
}
