{
    "(sample)": "blr.passport.type1.main.common/sample.png",
    "features": {
        "content": {
            "(ffe)": ":/docs/blr/ffe_config_mobile.json",
            "descriptor_size": 296,
            "descriptor_type": "uint1",
            "rotations": 4,
            "variants": "blr.passport.type1.main.common/variants.json"
        },
        "type": "common"
    },
    "name": "blr.passport.type1:main",
    "size_mm": [
        125,
        88
    ],
    "size_px": [
        800,
        560
    ]
}