{
    "(sample)": "blr.drvlic.type1.back.common/sample.jpg",
    "features": {
        "content": {
            "(ffe)": "",
            "descriptor_size": 296,
            "descriptor_type": "uint1",
            "rotations": 4,
            "variants": "blr.drvlic.type1.back.common/variants.json"
        },
        "type": "common"
    },
    "linked_templates": [
    ],
    "name": "blr.drvlic.type1:back",
    "size_mm": [
        85.6,
        54
    ],
    "size_px": [
        856,
        540
    ]
}
