{
    "(sample)": "blr.drvlic.type2.front.common/sample.png",
    "features": {
        "content": {
            "(ffe)": ":/docs/blr/ffe_config_mobile.json",
            "descriptor_size": 296,
            "descriptor_type": "uint1",
            "rotations": 4,
            "variants": "blr.drvlic.type2.front.common/variants.json"
        },
        "type": "common"
    },
    "name": "blr.drvlic.type2:front",
    "size_mm": [
        74.0,
        105.0
    ],
    "size_px": [
        740,
        1050
    ]
}