{
    "new_find_read_scheme": true,
    "enable_multithreading": false,
    "max_iter_count": 1,
    "search_multi": false,
    "use_global": true,
    "use_hybrid": true,
    "parm1d": {
        "try_harder": false,
        "global_bin": false,
        "fullpage_grid": false,
        "use_clust_detector": true,
        "detect_best": false,
        "clust1": {
            "coef_height_med": 0.8,
            "dist_align_max": 20,
            "dist_center_2_seg_max": 4900,
            "dist_phi_max": 0.0872664611111111
        },
        "clust2": {
            "dist_phi_max": 0.0872664611111111,
            "max_height_diff": 0.6,
            "max_shadow_vert_diff": 0.4
        },
        "det_area_enhance_rate": 0.1,
        "gap_rate_clust_merge": -0.5,
        "min_bar_count": 20,
        "min_barcode_width": 200,
        "segment_detection_config_path": "segment_detection_config.json",
        "square_intersect_rate": 0.5
    },
    "parm2d": {
        "finder_engine":
        {
            "type": "dummy",
            "settings": {
                "patch_size": 50,
                "min_size_in_patch": 3, 
                "open_wing": 3,
                "dilate_wing": 1,
                "final_threshold": 0.002
            }
        },
        "qrcode": {
            "fp_detector": "common",
            "segment_detection_config_path": "qr_segment_detection_config.json" 
        },
        "datamatrix": {
            "segment_detection_config_path": "segment_detection_datamatrix_config.json",
            "distance_btw_L_pattern_candidates": 50
        },
        "aztec": {},
      "pdf417": {
        "quad_locator": "common",
		"localize_barcode": true
      },
        "scale": 1.0,
        "try_harder": false
    }
}
