{
	"SEG_EDGE": {
		"canny_sigma": 2.0,
		"canny_min_thresh": 2.0,
		"canny_max_thresh": 8,
		"canny_close_wing": -1,

		"min_contour_length": 0,
		"min_segment_length": 4,
		"ignore_tail_length": 1,
		"fixed_length_max_side": 56,

		"mix_corners_wing_length": 4,
		"mix_corners_max_angle_degrees":28,
		"mix_segments_wing_length": 2,
		"mix_segments_min_axis_ratio": 1.5,

		"union_max_angle": 10,
		"union_band_wing": 1,
		"union_max_gap": 0.2
	},
	"SEG_RIDGE": {
		"canny_sigma": 1.0,
		"canny_min_thresh": 2,
		"canny_max_thresh": 6,
		"canny_close_wing": 4,

		"min_contour_length": 8,
		"min_segment_length": 10,
		"ignore_tail_length": 1,
		"fixed_length_max_side": 1080,

		"mix_corners_wing_length": 10,
		"mix_corners_max_angle_degrees": 20,
		"mix_segments_wing_length": 8,
		"mix_segments_min_axis_ratio": 2,

		"union_max_angle": 5,
		"union_band_wing": 1,
		"union_max_gap": 0.25
	},
	"SEG_IMAGINARY": {
		"canny_sigma": 1.5,
		"canny_min_thresh": 7,
		"canny_max_thresh": 9,
		"canny_close_wing": 6,

		"min_contour_length": 5,
		"min_segment_length": 5,
		"ignore_tail_length": 3,
		"fixed_length_max_side": 300,

		"mix_corners_wing_length": 3,
		"mix_corners_max_angle_degrees": 40,
		"mix_segments_wing_length": 5,
		"mix_segments_min_axis_ratio": 5.6,

		"union_max_angle": 5,
		"union_band_wing": 3,
		"union_max_gap": 0.3
	},
	"union_min_segment_length_ratio": 0.0,
	"union_max_angle": 0.0,
	"union_max_gap": 0.0,
	"margin_left_ratio": 0.02,
	"margin_top_ratio": 0.01,
	"margin_right_ratio": 0.02,
	"margin_bottom_ratio": 0.01
}
