{
  "barcode": {
    "config": "templates/barcode.common.json", 
    "expected_fields": ["barcode"], 
    "fields": {"barcode": {"workflow": {"type": "dummy"}}}, 
    "formatters": [], 
    "image_integrators": {"__default__": ":/integrator/default_image_integrator.json"}, 
    "integrators": {"__default__": ":/integrator/default_barcode_integrator.json"}, 
    "zones": {
      "barcode": {
        "relative_rect": [0, 0, 1, 1], 
        "workflow": ":/docs/barcode/barcode_zone_processor.json"
      }
    }
  }
}
