{
  "Analyze": {
    "alpha": [0.6],
    "n_quads": 1,
    "need_add_frame": true,
    "one_track_weight_multiplier": 2.0,
    "points_dist_weight": 1.0,
    "use_new_quad_assembler": false,
    "max_angle_dev":0.35,
    "min_side_len":11.0,
    "max_lines_overlap":5.6,
    "use_side_len_score":true,
    "use_cover_percentage_score":false,
    "min_quad_side":50.0,
    "max_quad_side":400.0
  },
  "HorVerEdges": {
    "enough_tracks_count": 10,
    "min_track_size": 8,
    "sigma": 1.625518798828125,
    "size_part": 0.759716796875,
    "weight_coef": 0.0908984375,
    "weigth_ratio": 5.0
  },
  "ImageFilter": {
    "close_wing": 2,
    "median_wing": 0,
    "open_wing": 0,
    "order": [
      "close"
    ]
  },
  "IterativeCanny": {
    "deltaMaxFactor": 0.05,
    "maxFactor": 0.0,
    "maxThresh": 0.1,
    "maxTrackSize": 50,
    "minThresh": 0.0,
    "nIters": 7,
    "sigma": 1.0125
  },
  "Mode": [
    "hor_ver_edges",
    "track_parser",
    "analyze"
  ],
  "Patch": {
    "add_pix": 3,
    "color_aver": 10,
    "color_dilate": 40,
    "color_erode": 15,
    "delta_ratio": 1.0,
    "deviation_ratio": 0.75,
    "diff_mult": 3.5,
    "draw_lines": false,
    "hist_len": 10,
    "margin_x": 40,
    "margin_y": 40,
    "max_acc_diff": 10,
    "max_acc_step": 2,
    "need_patch": true,
    "need_smooth_colors": true,
    "simple_patch": false
  },
  "QuadsGeometry": {
    "apply_penalty_by_quad_geometry": false,
    "ave_ratio_dir_side_length": -1.0,
    "d2_max_corner_cos": 0.06,
    "d2_max_sides_ratio": -1.0,
    "d2_min_sides_ratio": -1.0,
    "d3_max_corner_cos": 0.06,
    "d3_max_sides_ratio": -1.0,
    "d3_min_sides_ratio": -1.0,
    "focal_length": 0.85
  },
  "Segments": {
    "far_away_dist": -1.0,
    "max_acceptable_lines_count": 52,
    "max_one_line_point_dist": 5.81796875,
    "merge_by_max_dist": false,
    "min_line_len": 9.917945861816406,
    "preliminary_max_lines_count": -1,
    "pre_one_line_point_dist": 0.6,
    "pre_far_away_dist": 2.7,
    "base_one_line_point_dist": 1.0,
    "base_far_away_dist": 0.3
  },
  "TrackParser": {
    "min_axis_ratios": [
      11.9640625,
      7.0
    ],
    "min_track_length": 8,
    "wing_length": 11.9640625
  },
  "binaryHough": {
    "max_acceptable_segm_gap": 4,
    "max_hor_ver_lines_count": 30,
    "min_segm_length": 10,
    "smoothS": 0.5,
    "smoothT": 0.5,
    "weight_threshold": 0.0,
    "min_line_dist": 0.0
  },
  "grayHough": {
    "max_acceptable_segm_gap": 4,
    "max_hor_ver_lines_count": 30,
    "min_segm_length": 10,
    "smoothS": 0.5,
    "smoothT": 0.5,
    "weight_threshold": 0.0,
    "min_line_dist": 0.0
  },
  "max_acceptable_diff": 15.0,
  "scale": 0.5,
  "gamma": 1.0,
  "use_ralative_compare": false,
  "search_rounded_corners": false
}
