{
    "(sample)": "arm.passport.type1.main.common/sample.JPG",
    "features": {
        "content": {
            "(ffe)": "",
            "descriptor_size": 296,
            "descriptor_type": "uint1",
            "rotations": 4,
            "variants": "arm.passport.type1.main.common/variants.json"
        },
        "type": "common"
    },
    "linked_templates": [
        "arm.passport.type1:internal"
    ],
    "name": "arm.passport.type1:main",
    "size_mm": [
        80,
        56
    ],
    "size_px": [
        800,
        560
    ]
}
