{
    "(sample)": "arm.passport.type1.internal.common/sample.png",
    "features": {
        "content": {
            "(ffe)": "",
            "descriptor_size": 296,
            "descriptor_type": "uint1",
            "rotations": 4,
            "variants": "arm.passport.type1.internal.common/variants.json"
        },
        "type": "common"
    },
    "linked_templates": [
        "arm.passport.type1:main"        
    ],
    "name": "arm.passport.type1:internal",
    "size_mm": [
        125,
        88
    ],
    "size_px": [
        800,
        560
    ]
}
