[
    {
        "descriptors": [
            {
                "angle": 0,
                "path": "variants/kaz.residence.type1.front.common_0.desc"
            },
            {
                "angle": 90,
                "path": "variants/kaz.residence.type1.front.common_1.desc"
            },
            {
                "angle": 180,
                "path": "variants/kaz.residence.type1.front.common_2.desc"
            },
            {
                "angle": 270,
                "path": "variants/kaz.residence.type1.front.common_3.desc"
            }
        ],
        "keypoints": "variants/kaz.residence.type1.front.common.txt",
        "(source)": "sources/kaz.residence.type1.front.common.png"
    },
    {
        "descriptors": [
            {
                "angle": 0,
                "path": "variants/kaz.residence.type2.front.common_0.desc"
            },
            {
                "angle": 90,
                "path": "variants/kaz.residence.type2.front.common_1.desc"
            },
            {
                "angle": 180,
                "path": "variants/kaz.residence.type2.front.common_2.desc"
            },
            {
                "angle": 270,
                "path": "variants/kaz.residence.type2.front.common_3.desc"
            }
        ],
        "keypoints": "variants/kaz.residence.type2.front.common.txt",
        "(source)": "sources/kaz.residence.type2.front.common.png"
    }
]