[
    {
        "(source)": "sources/blr.drvlic.type2.back.common.sample0.png",
        "descriptors": [
            {
                "angle": 0,
                "path": "variants/blr.drvlic.type2.back.common.sample0_0.desc"
            },
            {
                "angle": 90,
                "path": "variants/blr.drvlic.type2.back.common.sample0_1.desc"
            },
            {
                "angle": 180,
                "path": "variants/blr.drvlic.type2.back.common.sample0_2.desc"
            },
            {
                "angle": 270,
                "path": "variants/blr.drvlic.type2.back.common.sample0_3.desc"
            }
        ],
        "keypoints": "variants/blr.drvlic.type2.back.common.sample0.txt"
    }
]
