{
  "settings": {
    "finders": [
      {
        "config": ":/ffe/default_ffe.json",
        "dispatch": "*"
      },
      {
        "config": {
          "settings": {
            "entry": "rus_passport_tplfinder",
            "states": {
              "rus_passport_tplfinder": {
                "config": ":/docs/rus.passport.national/tplfinder_config_mobile.json",
                "dispatch": [
                  "rus.passport.national:page2",
                  "rus.passport.national:page3"
                ],
                "input": "empty",
                "transitions": [
                  {
                    "condition": "empty",
                    "destination": "mrz_detection_tplfinder"
                  },
                  {
                    "condition": "non-empty",
                    "destination": "output"
                  }
                ],
                "transitions1": {
                  "empty": {
                    "destination": "mrz_detection_tplfinder"
                  },
                  "non-empty": {
                    "destination": "output"
                  }
                }
              },
              "mrz_detection_tplfinder": {
                "config": ":/mrz-data/mrz_tplfinder_config_anywhere.json",
                "dispatch": "mrz:common",
                "input": "input",
                "transitions": [
                  {
                    "condition": "empty",
                    "destination": "common_tplfinder"
                  },
                  {
                    "condition": "non-empty",
                    "destination": "common_with_mrz_tplfinder"
                  }
                ]
              },
              "common_tplfinder": {
                "config": "common_tplfinder_config_mobile.json",
                "dispatch": "*",
                "input": "input",
                "transitions": [
                  {
                    "condition": "empty",
                    "destination": "output",
                    "output": "input"
                  },
                  {
                    "condition": "non-empty",
                    "destination": "output"
                  }
                ]
              },
              "common_with_mrz_tplfinder": {
                "config": "common_tplfinder_config_mobile.json",
                "dispatch": [
                  "rus.passport.biometric:main",
                  "rus.passport.international:main",
                  "arm.passport.type2:main",
                  "arm.passport.type1:main",
                  "aze.passport.type1:main",
                  "aze.passport.type2:main",
                  "blr.passport.type1:main",
                  "kaz.passport.type1:main",
                  "kaz.passport.type2:main",
                  "kgz.passport.type1:main",
                  "mda.passport.type1:main",
                  "mda.passport.type2:main",
                  "tjk.passport.type1:main", 
                  "tjk.passport.type2:main",
                  "tkm.passport.type1:main",
                  "tkm.passport.type2:main",
                  "ukr.passport.type1:main",
                  "ukr.passport.type2:main",
                  "uzb.passport.type1:main",
                  "uzb.passport.type2:main"
                ],
                "input": "input",
                "transitions": [
                  {
                    "condition": "empty",
                    "destination": "output",
                    "output": "mrz_detection_tplfinder"
                  },
                  {
                    "condition": "non-empty",
                    "destination": "output"
                  }
                ]
              }
            }
          },
          "type": "multi_state"
        },
        "dispatch": "*"
      }
    ]
  },
  "type": "multi_sequence"
}