[
    {
        "descriptors": [
            {
                "angle": 0,
                "path": "variants/blr.passport.internal.type1.page31.smp1_0.desc"
            },
            {
                "angle": 90,
                "path": "variants/blr.passport.internal.type1.page31.smp1_1.desc"
            },
            {
                "angle": 180,
                "path": "variants/blr.passport.internal.type1.page31.smp1_2.desc"
            },
            {
                "angle": 270,
                "path": "variants/blr.passport.internal.type1.page31.smp1_3.desc"
            }
        ],
        "keypoints": "variants/blr.passport.internal.type1.page31.smp1.txt",
        "(source)": "sources/blr.passport.internal.type1.page31.smp1.png"
    },
    {
        "descriptors": [
            {
                "angle": 0,
                "path": "variants/blr.passport.internal.type2.page31.common.sample_0.desc"
            },
            {
                "angle": 90,
                "path": "variants/blr.passport.internal.type2.page31.common.sample_1.desc"
            },
            {
                "angle": 180,
                "path": "variants/blr.passport.internal.type2.page31.common.sample_2.desc"
            },
            {
                "angle": 270,
                "path": "variants/blr.passport.internal.type2.page31.common.sample_3.desc"
            }
        ],
        "keypoints": "variants/blr.passport.internal.type2.page31.common.sample.txt",
        "(source)": "sources/blr.passport.internal.type2.page31.common.sample.png"
    }
]