{
    "descriptors": {
        "descriptor_size": 37,
        "descriptors_path": "kaz_residence_type1_front_common_1.bst.desc"
    },
    "boosting_params": [
        {
            "weight": 0.083328801300266597263,
            "threshold": 68
        },
        {
            "weight": 0.062287644709963028988,
            "threshold": 76
        },
        {
            "weight": 0.044010827297359944588,
            "threshold": 67
        },
        {
            "weight": 0.047828526878413525625,
            "threshold": 76
        },
        {
            "weight": 0.036473620169651353728,
            "threshold": 71
        },
        {
            "weight": 0.035340861714975066454,
            "threshold": 76
        },
        {
            "weight": 0.028321800309613912039,
            "threshold": 62
        },
        {
            "weight": 0.028726751607821197909,
            "threshold": 76
        },
        {
            "weight": 0.027475078358102852927,
            "threshold": 67
        },
        {
            "weight": 0.023811382100130194794,
            "threshold": 72
        },
        {
            "weight": 0.020217212549103438096,
            "threshold": 68
        },
        {
            "weight": 0.023335303448468555643,
            "threshold": 65
        },
        {
            "weight": 0.022484310787466817855,
            "threshold": 32
        },
        {
            "weight": 0.020381944721290609635,
            "threshold": 80
        },
        {
            "weight": 0.021668953256637833726,
            "threshold": 71
        },
        {
            "weight": 0.021794792702650177957,
            "threshold": 69
        },
        {
            "weight": 0.017144735730388698663,
            "threshold": 60
        },
        {
            "weight": 0.016783464075826606821,
            "threshold": 73
        },
        {
            "weight": 0.016389343753958496991,
            "threshold": 74
        },
        {
            "weight": 0.014412333530539332346,
            "threshold": 80
        },
        {
            "weight": 0.017687140656518468562,
            "threshold": 84
        },
        {
            "weight": 0.012122705175349784285,
            "threshold": 84
        },
        {
            "weight": 0.014646683352314849788,
            "threshold": 61
        },
        {
            "weight": 0.0104126532139045061,
            "threshold": 87
        },
        {
            "weight": 0.011294140687543684567,
            "threshold": 65
        },
        {
            "weight": 0.01417907021812695248,
            "threshold": 94
        },
        {
            "weight": 0.014897977741207484026,
            "threshold": 71
        },
        {
            "weight": 0.014104778721903538791,
            "threshold": 82
        },
        {
            "weight": 0.010675374187249871485,
            "threshold": 65
        },
        {
            "weight": 0.01143148787447804092,
            "threshold": 69
        },
        {
            "weight": 0.0115381715907936621,
            "threshold": 76
        },
        {
            "weight": 0.0095648911118300684875,
            "threshold": 85
        },
        {
            "weight": 0.010557145282825369445,
            "threshold": 67
        },
        {
            "weight": 0.0084342558578287124549,
            "threshold": 81
        },
        {
            "weight": 0.011621504007826251315,
            "threshold": 35
        },
        {
            "weight": 0.01023369590604063413,
            "threshold": 71
        },
        {
            "weight": 0.010094948385198013532,
            "threshold": 73
        },
        {
            "weight": 0.0086958565864012019736,
            "threshold": 83
        },
        {
            "weight": 0.0086731871110556670035,
            "threshold": 53
        },
        {
            "weight": 0.0072197118139601147713,
            "threshold": 74
        },
        {
            "weight": 0.0096397579261100416192,
            "threshold": 61
        },
        {
            "weight": 0.0089291444171616576181,
            "threshold": 79
        },
        {
            "weight": 0.0085942563750405313872,
            "threshold": 68
        },
        {
            "weight": 0.0088662681575513418303,
            "threshold": 82
        },
        {
            "weight": 0.0086039667488265730161,
            "threshold": 57
        },
        {
            "weight": 0.0083368486498326538348,
            "threshold": 81
        },
        {
            "weight": 0.0076827390072752030706,
            "threshold": 54
        },
        {
            "weight": 0.0075465348296588673563,
            "threshold": 82
        },
        {
            "weight": 0.0062093136316761585874,
            "threshold": 60
        },
        {
            "weight": 0.0072696087441736492382,
            "threshold": 50
        },
        {
            "weight": 0.0061426540860389849605,
            "threshold": 68
        },
        {
            "weight": 0.0061584323733058143543,
            "threshold": 80
        },
        {
            "weight": 0.0050154074473601917977,
            "threshold": 74
        },
        {
            "weight": 0.0070041297871349826251,
            "threshold": 58
        },
        {
            "weight": 0.0054828640323554937719,
            "threshold": 80
        },
        {
            "weight": 0.0048106471415906883193,
            "threshold": 63
        },
        {
            "weight": 0.0048257560337255081193,
            "threshold": 61
        },
        {
            "weight": 0.0067721844041982804177,
            "threshold": 77
        },
        {
            "weight": 0.0059912608087323787967,
            "threshold": 66
        },
        {
            "weight": 0.0057695473889556019714,
            "threshold": 75
        },
        {
            "weight": 0.0052346655157796632279,
            "threshold": 41
        },
        {
            "weight": 0.0048220621075577424497,
            "threshold": 61
        },
        {
            "weight": 0.00521812497814183162,
            "threshold": 62
        },
        {
            "weight": 0.004770756922831122411,
            "threshold": 78
        }
    ]
}
