{
  "arm.id.type1": {
    "(documentation)": {
      "description": "Armenian ID Card (Armenian emblem on the background, front)", 
      "name": "Armenian ID Card"
    }, 
    "expected_templates": ["arm.id.type1:front"], 
    "forensic_fields": [
      "check_cd_composite_mrz", 
      "check_cd_number_mrz", 
      "check_cd_birth_date_mrz", 
      "check_cd_expiry_date_mrz", 
      "check_birth_date", 
      "check_expiry_date", 
      "check_name", 
      "check_gender", 
      "check_last_name", 
      "check_number"
    ], 
    "output_fields": [
      "name_eng", 
      "last_name", 
      "ethnicity_eng", 
      "ethnicity", 
      "name", 
      "gender", 
      "number", 
      "patronymic", 
      "expiry_date", 
      "photo", 
      "birth_date", 
      "last_name_eng", 
      "birth_place", 
      "birth_place_eng", 
      "authority", 
      "nationality", 
      "nationality_eng", 
      "address", 
      "address_eng", 
      "id_number", 
      "issue_date", 
      "signature", 
      "full_mrz", 
      "mrz_doc_type_code", 
      "mrz_issuer", 
      "mrz_expiry_date", 
      "mrz_opt_data_1", 
      "mrz_opt_data_2", 
      "mrz_birth_date", 
      "mrz_nationality", 
      "mrz_line3", 
      "mrz_number", 
      "mrz_line1", 
      "mrz_gender", 
      "mrz_line2", 
      "mrz_last_name", 
      "mrz_name"
    ], 
    "postprocessors": [
      ":/postprocessor/mrz/mrz_postprocessor_slot.json", 
      ":/postprocessor/mrz/mrz_convention_renaming_slot_notype.json", 
      {
        "input_fields": ["birth_date"], 
        "postprocessor": ":/postprocessor/date/default_birth_date_DDMMYYYY_postprocessor.json"
      }, 
      {
        "input_fields": ["expiry_date"], 
        "postprocessor": ":/postprocessor/date/default_expiry_date_DDMMYYYY_postprocessor.json"
      }, 
      {
        "input_fields": ["issue_date"], 
        "postprocessor": ":/postprocessor/date/default_issue_date_DDMMYYYY_postprocessor.json"
      }, 
      {
        "input_fields": ["id_number"], 
        "postprocessor": ":/postprocessor/alphabet/digits_only_number_9_postprocessor.json"
      }, 
      {
        "input_fields": ["number"], 
        "postprocessor": ":/postprocessor/alphabet/digits_only_number_10_postprocessor.json"
      }, 
      {
        "input_fields": ["name_eng"], 
        "postprocessor": ":/postprocessor/alphabet/eng_letters_alphabet_postprocessor.json"
      }, 
      {
        "input_fields": ["patronymic"], 
        "postprocessor": ":/postprocessor/alphabet/arm_letters_alphabet_postprocessor.json"
      }, 
      {
        "input_fields": ["last_name"], 
        "postprocessor": ":/postprocessor/alphabet/arm_letters_alphabet_postprocessor.json"
      }, 
      {
        "input_fields": ["address"], 
        "postprocessor": ":/postprocessor/alphabet/arm_letters_alphabet_postprocessor.json"
      }, 
      {
        "input_fields": ["ethnicity"], 
        "postprocessor": ":/postprocessor/alphabet/arm_letters_alphabet_postprocessor.json"
      }, 
      {
        "input_fields": ["birth_place"], 
        "postprocessor": ":/postprocessor/alphabet/arm_letters_alphabet_postprocessor.json"
      }, 
      {
        "input_fields": ["last_name_eng"], 
        "postprocessor": ":/postprocessor/alphabet/eng_letters_alphabet_postprocessor.json"
      }, 
      {
        "input_fields": ["name"], 
        "postprocessor": ":/postprocessor/alphabet/arm_letters_alphabet_postprocessor.json"
      }, 
      ":/postprocessor/check_mrz/id_check_mrz_fields_postprocessor_slot_variant19.json"
    ], 
    "rejectors": {"__default__": ":/rejector/default_loyal_rejector.json"}, 
    "templates": {
      "arm.id.type1:back": {"path": "tpl__arm.id.type1.back.json"}, 
      "arm.id.type1:front": {"path": "tpl__arm.id.type1.front.json"}
    }
  }
}