{
  "arm.drvlic.type2": {
    "(documentation)": {
      "description": "Armenian Driving License (stamp with Armenian emblem on the right, front)", 
      "name": "Armenian Driving License"
    }, 
    "expected_templates": ["arm.drvlic.type2:front"], 
    "output_fields": [
      "authority",
      "authority_eng",
      "last_name", 
      "last_name_eng", 
      "categories",
      "name", 
      "name_eng", 
      "number", 
      "id_number", 
      "issue_date", 
      "expiry_date", 
      "birth_date", 
      "nationality", 
      "birth_place_eng",
      "address_eng", 
      "address", 
      "birth_place", 
      "signature", 
      "photo"
    ], 
    "postprocessors": [
      {
        "input_fields": [
          "birth_date"
        ], 
        "postprocessor": ":/postprocessor/date/default_birth_date_DDMMYYYY_postprocessor.json"
      }, 
      {
        "input_fields": [
          "issue_date"
        ], 
        "postprocessor": ":/postprocessor/date/default_issue_date_DDMMYYYY_postprocessor.json"
      }, 
      {
        "input_fields": [
          "expiry_date"
        ], 
        "postprocessor": ":/postprocessor/date/default_expiry_date_DDMMYYYY_postprocessor.json"
      },
      {
        "input_fields": ["authority_eng"], 
        "postprocessor": "postprocessors/drvlic_authority_eng_pp.json"
      }, 
      {
        "input_fields": ["number"], 
        "postprocessor": "postprocessors/drvlic_number_pp.json"
      },
      {
        "input_fields": [
          "authority_end"
        ], 
        "output_fields": [
          "authority_end"
        ], 
        "postprocessor": "postprocessors/drvlic_authority_eng_cropper.json"
      },
      {
        "input_fields": ["authority_end"], 
        "postprocessor": "postprocessors/drvlic_authority_end.json"
      },
      {
        "allow_incomplete_inputs": false, 
        "input_fields": ["authority1","authority2", "authority_end"], 
        "output_fields": ["authority","authority1","authority2", "authority_end"], 
        "postprocessor": {
          "settings": {
            "input_fields_sequence": ["authority1","authority2", "authority_end"], 
            "output_field": "authority", 
            "separator": " "
          }, 
          "type": "merge"
        }
      }
    ], 
    "rejectors": {"__default__": ":/rejector/default_loyal_rejector.json"}, 
    "templates": {"arm.drvlic.type2:front": {"path": "tpl__arm.drvlic.type2.front.json"}}
  }
}
