{
  "arm.drvlic.type1": {
    "(documentation)": {
      "description": "Armenian Driving License (stamp with Armenian emblem on the right, front)", 
      "name": "Armenian Driving License",
      "prado_link": "https://www.consilium.europa.eu/prado/en/ARM-FO-01001/index.html"
    }, 
    "expected_templates": ["arm.drvlic.type1:front"], 
    "output_fields": [
      "last_name", 
      "last_name_rus", 
      "last_name_eng", 
      "categories",
      "name", 
      "name_rus", 
      "name_eng", 
      "number", 
      "id_number", 
      "issue_date", 
      "expiry_date", 
      "birth_date", 
      "authority", 
      "authority_eng",
      "nationality", 
      "address_eng", 
      "birth_place", 
      "birth_place_eng", 
      "birth_place_rus", 
      "signature", 
      "photo",
      "remarks"
    ], 
    "postprocessors": [
      {
        "input_fields": [
          "birth_date"
        ], 
        "postprocessor": ":/postprocessor/date/default_birth_date_DDMMYYYY_postprocessor.json"
      }, 
      {
        "input_fields": [
          "issue_date"
        ], 
        "postprocessor": ":/postprocessor/date/default_issue_date_DDMMYYYY_postprocessor.json"
      }, 
      {
        "input_fields": [
          "expiry_date"
        ], 
        "postprocessor": ":/postprocessor/date/default_expiry_date_DDMMYYYY_postprocessor.json"
      },
      {
        "input_fields": ["number"], 
        "postprocessor": "postprocessors/drvlic_number_pp.json"
      },
      {
        "input_fields": ["authority"], 
        "postprocessor": "postprocessors/drvlic_authority_type1.json"
      },
      {
        "allow_incomplete_inputs": true, 
        "input_fields": [
          "authority"
        ], 
        "output_fields": [
          "authority", 
          "authority_eng"
        ], 
        "postprocessor": {
          "settings": {
            "cloning_map": {
              "authority": "authority_eng"
            }
          }, 
          "type": "clone"
        }
      }
    ], 
    "rejectors": {"__default__": ":/rejector/default_loyal_rejector.json"}, 
    "templates": {"arm.drvlic.type1:front": {"path": "tpl__arm.drvlic.type1.front.json"},
                  "arm.drvlic.type1:back": {"path": "tpl__arm.drvlic.type1.back.json"}}
  }
}
