{
  "arm.passport.type1": {
    "(documentation)": {
      "description": "Armenian Passport (new type, main page)", 
      "name": "Armenian Passport", 
      "prado_link": "https://www.consilium.europa.eu/prado/en/ARM-AO-01001/index.html"
    }, 
    "expected_templates": ["arm.passport.type1:main"], 
    "forensic_fields": [
      "check_dates", 
      "check_number", 
      "check_last_name", 
      "check_name", 
      "check_gender", 
      "check_birth_date", 
      "check_expiry_date", 
      "check_cd_composite_mrz", 
      "check_cd_number_mrz", 
      "check_cd_birth_date_mrz", 
      "check_cd_opt_data_2_mrz", 
      "check_cd_expiry_date_mrz"
    ], 
    "output_fields": [
      "issue_date", 
      "last_name", 
      "name", 
      "last_name_eng", 
      "name_eng", 
      "nationality", 
      "nationality_eng", 
      "photo", 
      "number", 
      "expiry_date", 
      "gender", 
      "birth_date", 
      "mrz_doc_type_code", 
      "mrz_birth_date", 
      "mrz_expiry_date", 
      "mrz_number", 
      "mrz_name", 
      "mrz_issuer", 
      "mrz_nationality", 
      "mrz_opt_data_2", 
      "mrz_last_name", 
      "mrz_line1", 
      "mrz_line2", 
      "full_mrz", 
      "mrz_gender", 
      "birth_place", 
      "birth_place_eng", 
      "id_number", 
      "authority", 
      "authority_eng", 
      "signature", 
      "type",
      "code"
    ], 
    "postprocessors": [
      ":/postprocessor/mrz/mrz_postprocessor_slot.json", 
      ":/postprocessor/mrz/mrz_convention_renaming_slot_notype.json", 
      {
        "input_fields": ["birth_date"], 
        "postprocessor": ":/postprocessor/date/default_birth_date_DDMMYYYY_postprocessor.json"
      }, 
      {
        "input_fields": ["type"], 
        "postprocessor": ":/postprocessor/dict/passport_type_postprocessor.json"
      }, 
      {
        "input_fields": ["authority"], 
        "postprocessor": "postprocessors/passport_authority_postprocessor.json"
      }, 
      {
        "input_fields": ["authority_eng"], 
        "postprocessor": "postprocessors/passport_authority_postprocessor.json"
      }, 
      {
        "input_fields": ["issue_date"], 
        "postprocessor": ":/postprocessor/date/default_issue_date_DDMMYYYY_postprocessor.json"
      }, 
      {
        "input_fields": ["expiry_date"], 
        "postprocessor": ":/postprocessor/date/default_expiry_date_DDMMYYYY_postprocessor.json"
      }, 
      {
        "input_fields": ["number"], 
        "postprocessor": "postprocessors/pass_number_postprocessor.json"
      }, 
      {
        "input_fields": ["gender"], 
        "postprocessor": "postprocessors/gender_alpha_postprocessor.json"
      }, 
      ":/postprocessor/check_dates_postprocessor_slot.json", 
      ":/postprocessor/passport_check_mrz_fields_postprocessor_slot.json"
    ], 
    "rejectors": {"__default__": ":/rejector/default_loyal_rejector.json"}, 
    "templates": {
      "arm.passport.type1:internal": {"path": "tpl__arm.passport.type1.internal.json"}, 
      "arm.passport.type1:main": {"path": "tpl__arm.passport.type1.main.json"}
    }
  }
}