{
  "arm.passport.type1:internal": {
    "config": "templates/arm.passport.type1.internal.common.json",
    "expected_fields": ["number", "expiry_date", "issue_date", "birth_date"],
    "fields": {
      "authority": {
        "scale": 1.5,
        "workflow": {
          "settings": {
            "custom_alphabet": "ABCDEFGHIJKLMNOPQRSTUVWXYZ -.,/'\\\"123456789",
            "recstr": ":/recstr/111_eu_n0362_recstr.json"
          },
          "type": "common"
        }
      },
      "birth_date": {
        "scale": 2.0,
        "workflow": {
          "settings": {
            "custom_alphabet": "ABCDEFGHIJKLMNOPQRSTUVWXYZ -.,/'\\\"123456789",
            "recstr": ":/recstr/111_eu_n0006_recstr.json"
          },
          "type": "common"
        }
      },
      "birth_place": {
        "scale": 1.5,
        "workflow": {
          "settings": {"recstr": ":/recstr/arm__symbols_arm_recstr.json"},
          "type": "common"
        }
      },
      "expiry_date": {
        "scale": 2.0,
        "workflow": {
          "settings": {
            "custom_alphabet": "ABCDEFGHIJKLMNOPQRSTUVWXYZ -.,/'\\\"123456789",
            "recstr": ":/recstr/111_eu_n0006_recstr.json"
          },
          "type": "common"
        }
      },
      "gender": {
        "scale": 2.0,
        "workflow": {
          "settings": {"recstr": ":/recstr/app_111_eu_ocrblike_spacing.json"},
          "type": "common"
        }
      },
      "issue_date": {
        "scale": 2.0,
        "workflow": {
          "settings": {
            "custom_alphabet": "ABCDEFGHIJKLMNOPQRSTUVWXYZ -.,/'\\\"123456789",
            "recstr": ":/recstr/111_eu_n0006_recstr.json"
          },
          "type": "common"
        }
      },
      "last_name": {
        "scale": 1.5,
        "workflow": {
          "settings": {"recstr": ":/recstr/arm__symbols_arm_recstr.json"},
          "type": "common"
        }
      },
      "name": {
        "scale": 1.5,
        "workflow": {
          "settings": {"recstr": ":/recstr/arm__symbols_arm_recstr.json"},
          "type": "common"
        }
      },
      "nationality": {
        "scale": 1.5,
        "workflow": {
          "settings": {"recstr": ":/recstr/arm__symbols_arm_recstr.json"},
          "type": "common"
        }
      },
      "signature": {"workflow": {"settings": {}, "type": "image"}}
    },
    "formatters": [
      {
        "formatter": ":/postprocessor/date/default_birth_date_DDMMYYYY_formatter.json",
        "input_fields": ["birth_date"]
      },
      {
        "formatter": ":/postprocessor/date/default_expiry_date_DDMMYYYY_formatter.json",
        "input_fields": ["expiry_date"]
      },
      {
        "formatter": ":/postprocessor/date/default_issue_date_DDMMYYYY_formatter.json",
        "input_fields": ["issue_date"]
      }
    ],
    "image_integrators": {"__default__": ":/integrator/default_image_integrator.json"},
    "integrators": {
      "__default__": ":/integrator/default_rover_integrator.json",
      "birth_date": ":/integrator/default_token_integrator.json",
      "expiry_date": ":/integrator/default_token_integrator.json",
      "issue_date": ":/integrator/default_token_integrator.json"
    },
    "size": [800, 560],
    "zones": {
      "data_zone1": {
        "rect": [0, 55, 805, 400],
        "workflow": {
          "settings": {"vertsgm": "vertsgm/psp_type1_internal_zone1_with_dp.json"},
          "type": "common"
        }
      },
      "signature": {
        "rect": [62, 463, 669, 79],
        "workflow": ":/signature_retriever/signature_retriever.json"
      }
    }
  }
}