{
  "arm.drvlic.type1:front": {
    "config": "templates/arm.drvlic.type1.front.common.json",
    "expected_fields": [
      "issue_date",
      "last_name",
      "name",
      "id_number",
      "number",
      "name_rus",
      "name_eng",
      "expiry_date",
      "birth_place",
      "authority",
      "last_name_rus",
      "birth_date",
      "last_name_eng"
    ],
    "fields": {
      "address_eng": {
        "scale": 2.1,
        "workflow": {
          "settings": {
            "custom_alphabet": "ABCDEFGHIJKLMNOPQRSTUVWXYZ -.",
            "recstr": ":/recstr/111_eu_n0086_recstr.json"
          },
          "type": "common"
        }
      },
      "birth_place_eng": {
        "scale": 2.1,
        "workflow": {
          "settings": {
            "custom_alphabet": "ABCDEFGHIJKLMNOPQRSTUVWXYZ -.",
            "recstr": ":/recstr/111_eu_n0086_recstr.json"
          },
          "type": "common"
        }
      },
      "birth_place_rus": {
        "scale": 2.3,
        "workflow": {
          "settings": {
            "custom_alphabet": "\u0410\u0411\u0412\u0413\u0414\u0415\u0401\u0416\u0417\u0418\u0419\u041a\u041b\u041c\u041d\u041e\u041f\u0420\u0421\u0422\u0423\u0424\u0425\u0426\u0427\u0428\u0429\u042b\u042a\u042c\u042d\u042e\u042f -/'",
            "recstr": ":/recstr/arm__ru_symbols_recstr.json"
          },
          "type": "common"
        }
      },
      "authority": {
        "scale": 2.1,
        "workflow": {
          "settings": {
            "custom_alphabet": "ABCDEFGHIJKLMNOPQRSTUVWXYZ 123456789",
            "recstr": ":/recstr/111_eu_n0072_recstr.json"
          },
          "type": "common"
        }
      },
      "birth_date": {
        "scale": 2.0,
        "workflow": {
          "settings": {
            "custom_alphabet": "0123456789 -/",
            "recstr": ":/recstr/app_001_ocrblike_spacing.json"
          },
          "type": "common"
        }
      },
      "birth_place_eng": {
        "scale": 1.9,
        "workflow": {
          "settings": {"recstr": ":/recstr/arm__drvlic_symbols_recstr.json"},
          "type": "common"
        }
      },
      "birth_place": {
        "scale": 1.8,
        "workflow": {
          "settings": {"recstr": ":/recstr/arm__drvlic_symbols_recstr.json"},
          "type": "common"
        }
      },
      "categories0": {
        "scale": 2.1,
        "workflow": {
          "settings": {
            "custom_alphabet": "ABCDEFGHIJKLMNOPQRSTUVWXYZ 123456789",
            "recstr": ":/recstr/111_eu_n0072_recstr.json"
          },
          "type": "common"
        }
      },
      "categories1": {
        "scale": 2.1,
        "workflow": {
          "settings": {
            "custom_alphabet": "ABCDEFGHIJKLMNOPQRSTUVWXYZ 123456789",
            "recstr": ":/recstr/111_eu_n0072_recstr.json"
          },
          "type": "common"
        }
      },
      "categories2": {
        "scale": 2.1,
        "workflow": {
          "settings": {
            "custom_alphabet": "ABCDEFGHIJKLMNOPQRSTUVWXYZ 123456789",
            "recstr": ":/recstr/111_eu_n0072_recstr.json"
          },
          "type": "common"
        }
      },
      "categories3": {
        "scale": 2.1,
        "workflow": {
          "settings": {
            "custom_alphabet": "ABCDEFGHIJKLMNOPQRSTUVWXYZ 123456789",
            "recstr": ":/recstr/111_eu_n0072_recstr.json"
          },
          "type": "common"
        }
      },
      "categories4": {
        "scale": 2.1,
        "workflow": {
          "settings": {
            "custom_alphabet": "ABCDEFGHIJKLMNOPQRSTUVWXYZ 123456789",
            "recstr": ":/recstr/111_eu_n0072_recstr.json"
          },
          "type": "common"
        }
      },
      "expiry_date": {
        "scale": 2.0,
        "workflow": {
          "settings": {
            "custom_alphabet": "0123456789 -/",
            "recstr": ":/recstr/001__n0003_recstr.json"
          },
          "type": "common"
        }
      },
      "id_number": {
        "scale": 2.1,
        "workflow": {
          "settings": {
            "custom_alphabet": "ABCDEFGHIJKLMNOPQRSTUVWXYZ 123456789",
            "recstr": ":/recstr/111_eu_n0072_recstr.json"
          },
          "type": "common"
        }
      },
      "issue_date": {
        "scale": 2.0,
        "workflow": {
          "settings": {
            "custom_alphabet": "0123456789 -/",
            "recstr": ":/recstr/app_001_wide.json"
          },
          "type": "common"
        }
      },
      "last_name": {
        "scale": 2.1,
        "workflow": {
          "settings": {"recstr": ":/recstr/arm__drvlic_symbols_recstr.json"},
          "type": "common"
        }
      },
      "last_name_eng": {
        "scale": 2.3,
        "workflow": {
          "settings": {
            "custom_alphabet": "ABCDEFGHIJKLMNOPQRSTUVWXYZ -.",
            "recstr": ":/recstr/111_eu_n0084_recstr.json"
          },
          "type": "common"
        }
      },
      "last_name_rus": {
        "scale": 2.3,
        "workflow": {
          "settings": {
            "custom_alphabet": "\u0410\u0411\u0412\u0413\u0414\u0415\u0401\u0416\u0417\u0418\u0419\u041a\u041b\u041c\u041d\u041e\u041f\u0420\u0421\u0422\u0423\u0424\u0425\u0426\u0427\u0428\u0429\u042b\u042a\u042c\u042d\u042e\u042f -/'",
            "recstr": ":/recstr/arm__ru_symbols_recstr.json"
          },
          "type": "common"
        }
      },
      "name": {
        "scale": 1.8,
        "workflow": {
          "settings": {"recstr": ":/recstr/arm__drvlic_symbols_recstr.json"},
          "type": "common"
        }
      },
      "name_eng": {
        "scale": 2.3,
        "workflow": {
          "settings": {
            "custom_alphabet": "ABCDEFGHIJKLMNOPQRSTUVWXYZ -.",
            "recstr": ":/recstr/111_eu_n0084_recstr.json"
          },
          "type": "common"
        }
      },
      "name_rus": {
        "scale": 2.3,
        "workflow": {
          "settings": {
            "custom_alphabet": "\u0410\u0411\u0412\u0413\u0414\u0415\u0401\u0416\u0417\u0418\u0419\u041a\u041b\u041c\u041d\u041e\u041f\u0420\u0421\u0422\u0423\u0424\u0425\u0426\u0427\u0428\u0429\u042b\u042a\u042c\u042d\u042e\u042f -/'",
            "recstr": ":/recstr/arm__ru_symbols_recstr.json"
          },
          "type": "common"
        }
      },
      "number": {
        "scale": 2.1,
        "workflow": {
          "settings": {
            "custom_alphabet": "ABCDEFGHIJKLMNOPQRSTUVWXYZ 123456789",
            "recstr": ":/recstr/111_eu_n0029_recstr.json"
          },
          "type": "common"
        }
      },
      "photo": {"workflow": {"settings": {}, "type": "image"}},
      "signature": {"workflow": {"settings": {}, "type": "image"}}
    },
    "formatters": [
      {
        "formatter": ":/postprocessor/date/default_issue_date_multipattern_formatter.json",
        "input_fields": ["issue_date"]
      },
      {
        "formatter": ":/postprocessor/date/default_expiry_date_multipattern_formatter.json",
        "input_fields": ["expiry_date"]
      },
      {
        "formatter": ":/postprocessor/date/default_birth_date_multipattern_formatter.json",
        "input_fields": ["birth_date"]
      },
      {
        "allow_incomplete_inputs": true,
        "input_fields": [
          "categories0",
          "categories1",
          "categories2",
          "categories3",
          "categories4"
        ],
        "output_fields": [
          "categories",
          "categories0",
          "categories1",
          "categories2",
          "categories3",
          "categories4"
        ],
        "postprocessor": {
          "settings": {
            "input_fields_sequence": [
              "categories0",
              "categories1",
              "categories2",
              "categories3",
              "categories4"
            ],
            "output_field": "categories",
            "separator": " "
          },
          "type": "merge"
        }
      }
    ],
    "image_integrators": {
      "__default__": ":/integrator/default_image_integrator.json",
      "photo": ":/integrator/default_photo_integrator.json"
    },
    "integrators": {
      "__default__": ":/integrator/default_rover_integrator.json",
      "birth_date": ":/integrator/default_token_integrator.json",
      "expiry_date": ":/integrator/default_token_integrator.json",
      "full_mrz": ":/integrator/default_mrz_integrator.json",
      "issue_date": ":/integrator/default_token_integrator.json",
      "number": ":/integrator/default_token_integrator.json"
    },
    "size": [856, 540],
    "zones": {
      "photo_zone": {
        "rect": [0, 0, 360, 470],
        "workflow": ":/photo_retriever/common_objed_photo_retriever.json"
      },
      "signature": {
        "rect": [270, 423, 363, 79],
        "workflow": ":/signature_retriever/signature_retriever.json"
      },
      "zone1": {
        "rect": [255, 100, 600, 415],
        "workflow": {
          "settings": {"vertsgm": "vertsgm/drvlic_type1_front_data_with_dp.json"},
          "type": "common"
        }
      },
      "zone2": {
        "rect": [0, 420, 260, 90],
        "workflow": {
          "settings": {"vertsgm": "vertsgm/drvlic_type1_front_data2_with_dp.json"},
          "type": "common"
        }
      }
    }
  }
}