{
  "arm.id.type1:back": {
    "config": "templates/arm.id.type1.back.common.json",
    "expected_fields": ["authority", "nationality", "full_mrz"],
    "fields": {
      "address": {
        "scale": 1.5,
        "workflow": {
          "settings": {"recstr": ":/recstr/arm__drvlic_symbols_recstr.json"},
          "type": "common"
        }
      },
      "address_eng": {
        "scale": 2.0,
        "workflow": {
          "settings": {
            "custom_alphabet": "ABCDEFGHIJKLMNOPQRSTUVWXYZ -.",
            "recstr": ":/recstr/111_eu_n0054_recstr.json"
          },
          "type": "common"
        }
      },
      "authority": {
        "scale": 2.0,
        "workflow": {
          "settings": {"recstr": ":/recstr/001__n0035_recstr.json"},
          "type": "common"
        }
      },
      "birth_place": {
        "scale": 2.0,
        "workflow": {
          "settings": {"recstr": ":/recstr/arm__drvlic_symbols_recstr.json"},
          "type": "common"
        }
      },
      "birth_place_eng": {
        "scale": 2.0,
        "workflow": {
          "settings": {
            "custom_alphabet": "ABCDEFGHIJKLMNOPQRSTUVWXYZ -.",
            "recstr": ":/recstr/111_eu_n0133_recstr.json"
          },
          "type": "common"
        }
      },
      "ethnicity": {
        "scale": 2.0,
        "workflow": {
          "settings": {"recstr": ":/recstr/arm__drvlic_symbols_recstr.json"},
          "type": "common"
        }
      },
      "ethnicity_eng": {
        "scale": 2.0,
        "workflow": {
          "settings": {
            "custom_alphabet": "ABCDEFGHIJKLMNOPQRSTUVWXYZ -.",
            "recstr": ":/recstr/111_eu_n0340_recstr.json"
          },
          "type": "common"
        }
      },
      "issue_date": {
        "scale": 2.1,
        "workflow": {
          "settings": {
            "custom_alphabet": "0123456789 -/.",
            "recstr": ":/recstr/app_001_wide.json"
          },
          "type": "common"
        }
      },
      "mrz_line1": {"scale": 1.2, "workflow": ":/mrz-data/mrz_field_workflow.json"},
      "mrz_line2": {"scale": 1.2, "workflow": ":/mrz-data/mrz_field_workflow.json"},
      "mrz_line3": {"scale": 1.2, "workflow": ":/mrz-data/mrz_field_workflow.json"},
      "number": {
        "scale": 2.1,
        "workflow": {
          "settings": {
            "custom_alphabet": "0123456789 ",
            "recstr": ":/recstr/app_001_ocrblike_spacing.json"
          },
          "type": "common"
        }
      }
    },
    "formatters": [
      ":/postprocessor/mrz/mrz_formatter_slot_new_td1.json",
      {
        "formatter": ":/postprocessor/date/default_issue_date_DDMMYYYY_formatter.json",
        "input_fields": ["issue_date"]
      },
      {
        "formatter": ":/postprocessor/punctuation_filter.json",
        "input_fields": ["id_number"]
      }
    ],
    "image_integrators": {"__default__": ":/integrator/default_image_integrator.json"},
    "integrators": {
      "__default__": ":/integrator/default_rover_integrator.json",
      "full_mrz": ":/integrator/default_mrz_integrator.json",
      "id_number": ":/integrator/default_token_integrator.json",
      "issue_date": ":/integrator/default_token_integrator.json"
    },
    "size": [856, 540],
    "zones": {
      "data_zone": {
        "rect": [0, 0, 856, 340],
        "workflow": {
          "settings": {"vertsgm": "vertsgm/id_type1_back_data_with_dp.json"},
          "type": "common"
        }
      },
      "mrz_zone": {
        "rect": [0, 335, 856, 205],
        "size_override": [800, 191],
        "workflow": ":/mrz-data/mrz_zone_workflow_td1.json"
      }
    }
  }
}