{
  "arm.id.type1:front": {
    "expected_fields": [
      "name_eng",
      "last_name",
      "name",
      "gender",
      "id_number",
      "birth_date",
      "expiry_date",
      "patronymic",
      "last_name_eng"
    ],
    "field_group_preprocessors": {
      "text_line_cloner": {
        "workflow": {
          "type": "cloning",
          "settings": {"cloning_map": {"nationality": ["nationality_eng"]}}
        }
      }
    },
    "fields": {
      "last_name": {
        "scale": 1.5,
        "workflow": {
          "type": "common",
          "settings": {"recstr": ":/recstr/arm__fio_arm_recstr.json"}
        }
      },
      "name": {
        "scale": 1.5,
        "workflow": {
          "type": "common",
          "settings": {"recstr": ":/recstr/arm__fio_arm_recstr.json"}
        }
      },
      "patronymic": {
        "scale": 1.7,
        "workflow": {
          "type": "common",
          "settings": {"recstr": ":/recstr/arm__fio_arm_recstr.json"}
        }
      },
      "id_number": {
        "scale": 1.7,
        "workflow": {
          "type": "common",
          "settings": {
            "custom_alphabet": "0123456789 .-",
            "recstr": ":/recstr/001__n0009_recstr.json"
          }
        }
      },
      "gender": {
        "scale": 2.0,
        "workflow": {
          "type": "common",
          "settings": {
            "custom_alphabet": "MF -.,/",
            "recstr": ":/recstr/111_eu_n0362_recstr.json"
          }
        }
      },
      "signature": {"workflow": {"type": "image", "settings": {}}},
      "birth_date": {
        "scale": 2.0,
        "workflow": {
          "type": "common",
          "settings": {
            "custom_alphabet": "0123456789 .-",
            "recstr": ":/recstr/001__n0019_recstr.json"
          }
        }
      },
      "expiry_date": {
        "scale": 2.0,
        "workflow": {
          "type": "common",
          "settings": {
            "custom_alphabet": "0123456789 .-",
            "recstr": ":/recstr/001__n0019_recstr.json"
          }
        }
      },
      "nationality_eng": {
        "scale": 2.0,
        "workflow": {
          "type": "common",
          "settings": {
            "custom_alphabet": "ABCDEFGHIJKLMNOPQRSTUVWXYZ -.,/",
            "recstr": ":/recstr/111_eu_n0000_recstr.json"
          }
        }
      },
      "photo": {"workflow": {"type": "image", "settings": {}}},
      "name_eng": {
        "scale": 2.0,
        "workflow": {
          "type": "common",
          "settings": {
            "custom_alphabet": "ABCDEFGHIJKLMNOPQRSTUVWXYZ -",
            "recstr": ":/recstr/111_eu_n0029_recstr.json"
          }
        }
      },
      "nationality": {
        "scale": 2.0,
        "workflow": {
          "type": "common",
          "settings": {"recstr": ":/recstr/arm__symbols_arm_recstr.json"}
        }
      },
      "last_name_eng": {
        "scale": 2.0,
        "workflow": {
          "type": "common",
          "settings": {
            "custom_alphabet": "ABCDEFGHIJKLMNOPQRSTUVWXYZ -",
            "recstr": ":/recstr/111_eu_n0114_recstr.json"
          }
        }
      }
    },
    "formatters": [
      {"formatter": ":/postprocessor/spaces_filter.json", "input_fields": ["number"]},
      {
        "formatter": "postprocessors/birth_date_formatter.json",
        "input_fields": ["birth_date"]
      },
      {
        "formatter": "postprocessors/expiry_date_formatter.json",
        "input_fields": ["expiry_date"]
      },
      {
        "formatter": ":/postprocessor/slash_right_cropper.json",
        "input_fields": ["gender"]
      },
      {
        "formatter": ":/postprocessor/slash_right_cropper.json",
        "input_fields": ["nationality_eng"]
      },
      {
        "formatter": ":/postprocessor/slash_left_cropper.json",
        "input_fields": ["nationality"]
      }
    ],
    "zones": {
      "zone1": {
        "rect": [250, 100, 600, 440],
        "workflow": {
          "type": "common",
          "settings": {"vertsgm": "vertsgm/id_type1_front_data_with_dp.json"}
        }
      },
      "photo_zone": {
        "rect": [10, 140, 350, 400],
        "workflow": ":/photo_retriever/common_objed_photo_retriever.json"
      },
      "signature": {
        "rect": [530, 450, 300, 85],
        "workflow": ":/signature_retriever/signature_retriever.json"
      }
    },
    "integrators": {
      "__default__": ":/integrator/default_rover_integrator.json",
      "birth_date": ":/integrator/default_token_integrator.json",
      "expiry_date": ":/integrator/default_token_integrator.json",
      "number": ":/integrator/default_token_integrator.json",
      "gender": ":/integrator/default_token_integrator.json"
    },
    "image_integrators": {
      "__default__": ":/integrator/default_image_integrator.json",
      "photo": ":/integrator/default_photo_integrator.json"
    },
    "config": "templates/arm.id.type1.front.common.json",
    "size": [856, 540]
  }
}