{
  "arm.drvlic.type2:front": {
    "expected_fields": [
      "issue_date",
      "last_name",
      "name",
      "id_number",
      "number",
      "name_rus",
      "name_eng",
      "expiry_date",
      "birth_place",
      "authority",
      "last_name_rus",
      "birth_date",
      "last_name_eng"
    ],
    "field_group_preprocessors": {
      "text_line_cloner": {
        "workflow": {
          "type": "cloning",
          "settings": {"cloning_map": {"authority_eng": ["authority_end"]}}
        }
      }
    },
    "fields": {
      "last_name": {
        "scale": 1.8,
        "workflow": {
          "type": "common",
          "settings": {"recstr": ":/recstr/arm__drvlic_symbols_recstr.json"}
        }
      },
      "photo": {"workflow": {"type": "image", "settings": {}}},
      "number": {
        "scale": 1.8,
        "workflow": {
          "type": "common",
          "settings": {
            "custom_alphabet": "ABCDEFGHIJKLMNOPQRSTUVWXYZ 123456789",
            "recstr": ":/recstr/111_eu_n0053_recstr.json"
          }
        }
      },
      "authority": {
        "scale": 2.5,
        "workflow": {
          "type": "common",
          "settings": {
            "custom_alphabet": "ԱԲԳԴԵԶԷԸԹԺԻԼԽԾԿՀՁՂՃՄՅՆՇՈՉՊՋՌՍՎՏՐՑՒՓՔՕՖ 0123456789",
            "recstr": ":/recstr/arm__symb_dig_recstr.json"
          }
        }
      },
      "birth_place": {
        "scale": 2.2,
        "workflow": {
          "type": "common",
          "settings": {"recstr": ":/recstr/arm__drvlic_symbols_recstr.json"}
        }
      },
      "issue_date": {
        "scale": 2.4,
        "workflow": {
          "type": "common",
          "settings": {
            "custom_alphabet": "0123456789 -/.",
            "recstr": ":/recstr/001__n0087_recstr.json"
          }
        }
      },
      "address_eng": {
        "scale": 2.5,
        "workflow": {
          "type": "common",
          "settings": {
            "custom_alphabet": "ABCDEFGHIJKLMNOPQRSTUVWXYZ -.",
            "recstr": ":/recstr/111_eu_n0028_recstr.json"
          }
        }
      },
      "authority_end": {
        "scale": 2.5,
        "workflow": {
          "type": "common",
          "settings": {
            "custom_alphabet": "ABCDEFGHIJKLMNOPQRSTUVWXYZ 0123456789",
            "recstr": ":/recstr/111_eu_n0072_recstr.json"
          }
        }
      },
      "authority_eng": {
        "scale": 2.5,
        "workflow": {
          "type": "common",
          "settings": {
            "custom_alphabet": "ABCDEFGHIJKLMNOPQRSTUVWXYZ 0123456789",
            "recstr": ":/recstr/111_eu_n0072_recstr.json"
          }
        }
      },
      "name_eng": {
        "scale": 1.9,
        "workflow": {
          "type": "common",
          "settings": {
            "custom_alphabet": "ABCDEFGHIJKLMNOPQRSTUVWXYZ -",
            "recstr": ":/recstr/111_eu_n0282_recstr.json"
          }
        }
      },
      "categories4": {
        "scale": 2.1,
        "workflow": {
          "type": "common",
          "settings": {
            "custom_alphabet": "ABCDEFGHIJKLMNOPQRSTUVWXYZ 123456789",
            "recstr": ":/recstr/111_eu_n0072_recstr.json"
          }
        }
      },
      "categories3": {
        "scale": 2.1,
        "workflow": {
          "type": "common",
          "settings": {
            "custom_alphabet": "ABCDEFGHIJKLMNOPQRSTUVWXYZ 123456789",
            "recstr": ":/recstr/111_eu_n0072_recstr.json"
          }
        }
      },
      "categories2": {
        "scale": 2.1,
        "workflow": {
          "type": "common",
          "settings": {
            "custom_alphabet": "ABCDEFGHIJKLMNOPQRSTUVWXYZ 123456789",
            "recstr": ":/recstr/111_eu_n0072_recstr.json"
          }
        }
      },
      "categories1": {
        "scale": 2.1,
        "workflow": {
          "type": "common",
          "settings": {
            "custom_alphabet": "ABCDEFGHIJKLMNOPQRSTUVWXYZ 123456789",
            "recstr": ":/recstr/111_eu_n0072_recstr.json"
          }
        }
      },
      "categories0": {
        "scale": 2.1,
        "workflow": {
          "type": "common",
          "settings": {
            "custom_alphabet": "ABCDEFGHIJKLMNOPQRSTUVWXYZ 123456789",
            "recstr": ":/recstr/111_eu_n0072_recstr.json"
          }
        }
      },
      "expiry_date": {
        "scale": 2.4,
        "workflow": {
          "type": "common",
          "settings": {
            "custom_alphabet": "0123456789 -/.",
            "recstr": ":/recstr/001__n0087_recstr.json"
          }
        }
      },
      "address": {
        "scale": 2.5,
        "workflow": {
          "type": "common",
          "settings": {"recstr": ":/recstr/arm__drvlic_symbols_recstr.json"}
        }
      },
      "name": {
        "scale": 1.8,
        "workflow": {
          "type": "common",
          "settings": {"recstr": ":/recstr/arm__drvlic_symbols_recstr.json"}
        }
      },
      "signature": {"workflow": {"type": "image", "settings": {}}},
      "birth_date": {
        "scale": 2.3,
        "workflow": {
          "type": "common",
          "settings": {
            "custom_alphabet": "0123456789 -/.",
            "recstr": ":/recstr/001__n0087_recstr.json"
          }
        }
      },
      "birth_place_eng": {
        "scale": 2.2,
        "workflow": {
          "type": "common",
          "settings": {
            "custom_alphabet": "ABCDEFGHIJKLMNOPQRSTUVWXYZ -.",
            "recstr": ":/recstr/111_eu_n0028_recstr.json"
          }
        }
      },
      "last_name_eng": {
        "scale": 1.8,
        "workflow": {
          "type": "common",
          "settings": {
            "custom_alphabet": "ABCDEFGHIJKLMNOPQRSTUVWXYZ -.",
            "recstr": ":/recstr/111_eu_n0188_recstr.json"
          }
        }
      }
    },
    "formatters": [
      {
        "formatter": ":/postprocessor/date/default_issue_date_DDMMYYYY_formatter.json",
        "input_fields": ["issue_date"]
      },
      {
        "formatter": ":/postprocessor/date/default_expiry_date_DDMMYYYY_formatter.json",
        "input_fields": ["expiry_date"]
      },
      {
        "formatter": ":/postprocessor/date/default_birth_date_DDMMYYYY_formatter.json",
        "input_fields": ["birth_date"]
      },
      {
        "allow_incomplete_inputs": true,
        "input_fields": [
          "categories0",
          "categories1",
          "categories2",
          "categories3",
          "categories4"
        ],
        "output_fields": [
          "categories",
          "categories0",
          "categories1",
          "categories2",
          "categories3",
          "categories4"
        ],
        "postprocessor": {
          "type": "merge",
          "settings": {
            "output_field": "categories",
            "separator": " ",
            "input_fields_sequence": [
              "categories0",
              "categories1",
              "categories2",
              "categories3",
              "categories4"
            ]
          }
        }
      },
      {
        "input_fields": ["authority"],
        "formatter": {
          "type": "splitter",
          "settings": {
            "input_field": "authority",
            "separator": " ",
            "output_fields_sequence": ["authority1", "authority2", "trash"]
          }
        },
        "output_fields": ["authority1", "authority2"]
      }
    ],
    "zones": {
      "zone2": {
        "rect": [0, 420, 260, 90],
        "workflow": {
          "type": "common",
          "settings": {"vertsgm": "vertsgm/drvlic_type2_front_data2_with_dp.json"}
        }
      },
      "zone1": {
        "rect": [255, 100, 600, 415],
        "workflow": {
          "type": "common",
          "settings": {"vertsgm": "vertsgm/drvlic_type2_front_data_with_dp.json"}
        }
      },
      "photo_zone": {
        "rect": [0, 0, 360, 470],
        "workflow": ":/photo_retriever/common_objed_photo_retriever.json"
      },
      "signature": {
        "rect": [270, 423, 363, 79],
        "workflow": ":/signature_retriever/signature_retriever.json"
      }
    },
    "integrators": {
      "issue_date": ":/integrator/default_token_integrator.json",
      "number": ":/integrator/default_token_integrator.json",
      "__default__": ":/integrator/default_rover_integrator.json",
      "expiry_date": ":/integrator/default_token_integrator.json",
      "birth_date": ":/integrator/default_token_integrator.json",
      "full_mrz": ":/integrator/default_mrz_integrator.json"
    },
    "image_integrators": {
      "__default__": ":/integrator/default_image_integrator.json",
      "photo": ":/integrator/default_photo_integrator.json"
    },
    "config": "templates/arm.drvlic.type2.front.common.json",
    "size": [856, 540]
  }
}