{
  "arm.visa.type1:main": {
    "config": "templates/arm.visa.type1.main.common.json", 
    "expected_fields": [
      "number", 
      "issue_date", 
      "passport_number", 
      "duration", 
      "entries_number", 
      "entry_date", 
      "until_date", 
      "issue_place", 
      "name", 
      "surname", 
      "type", 
      "full_mrz"
    ], 
    "fields": {
      "duration": {
        "scale": 2.0, 
        "workflow": {
          "settings": {
            "custom_alphabet": "0123456789 ", 
            "recstr": ":/recstr/001__n0004_recstr.json"
          }, 
          "type": "common"
        }
      }, 
      "entries_number": {
        "scale": 1.7, 
        "workflow": {
          "settings": {
            "custom_alphabet": "ABCDEFGHIJKLMNOPQRSTUVWXYZ -.,/", 
            "recstr": ":/recstr/111_eu_n0097_recstr.json"
          }, 
          "type": "common"
        }
      }, 
      "entry_date": {
        "scale": 2.0, 
        "workflow": {
          "settings": {
            "custom_alphabet": "ABCDEFGHIJKLMNOPQRSTUVWXYZ -.,/'\\\"123456789", 
            "recstr": ":/recstr/111_eu_n0072_recstr.json"
          }, 
          "type": "common"
        }
      }, 
      "issue_date": {
        "scale": 2.0, 
        "workflow": {
          "settings": {
            "custom_alphabet": "ABCDEFGHIJKLMNOPQRSTUVWXYZ -.,/'\\\"123456789", 
            "recstr": ":/recstr/111_eu_n0072_recstr.json"
          }, 
          "type": "common"
        }
      }, 
      "issue_place": {
        "scale": 1.7, 
        "workflow": {
          "settings": {
            "custom_alphabet": "ABCDEFGHIJKLMNOPQRSTUVWXYZ -.,/", 
            "recstr": ":/recstr/111_eu_n0097_recstr.json"
          }, 
          "type": "common"
        }
      }, 
      "mrz_line1": {"scale": 1.2, "workflow": ":/mrz-data/mrz_field_workflow.json"}, 
      "mrz_line2": {"scale": 1.2, "workflow": ":/mrz-data/mrz_field_workflow.json"}, 
      "name": {
        "scale": 2.0, 
        "workflow": {
          "settings": {
            "custom_alphabet": "ABCDEFGHIJKLMNOPQRSTUVWXYZ -.,/", 
            "recstr": ":/recstr/111_eu_n0097_recstr.json"
          }, 
          "type": "common"
        }
      }, 
      "number": {
        "scale": 2.0, 
        "workflow": {
          "settings": {
            "custom_alphabet": "0123456789 ", 
            "recstr": ":/recstr/001__n0004_recstr.json"
          }, 
          "type": "common"
        }
      }, 
      "passport_number": {
        "scale": 1.5, 
        "workflow": {
          "settings": {
            "custom_alphabet": "ABCDEFGHIJKLMNOPQRSTUVWXYZ 123456789", 
            "recstr": ":/recstr/111_eu_n0072_recstr.json"
          }, 
          "type": "common"
        }
      }, 
      "remarks0": {
        "scale": 2.0, 
        "workflow": {
          "settings": {
            "custom_alphabet": "ABCDEFGHIJKLMNOPQRSTUVWXYZ -.,/'\\\"123456789", 
            "recstr": ":/recstr/111_eu_n0072_recstr.json"
          }, 
          "type": "common"
        }
      }, 
      "remarks1": {
        "scale": 2.0, 
        "workflow": {
          "settings": {
            "custom_alphabet": "ABCDEFGHIJKLMNOPQRSTUVWXYZ -.,/'\\\"123456789", 
            "recstr": ":/recstr/111_eu_n0072_recstr.json"
          }, 
          "type": "common"
        }
      }, 
      "remarks2": {
        "scale": 2.0, 
        "workflow": {
          "settings": {
            "custom_alphabet": "ABCDEFGHIJKLMNOPQRSTUVWXYZ -.,/'\\\"123456789", 
            "recstr": ":/recstr/111_eu_n0072_recstr.json"
          }, 
          "type": "common"
        }
      }, 
      "remarks3": {
        "scale": 2.0, 
        "workflow": {
          "settings": {
            "custom_alphabet": "ABCDEFGHIJKLMNOPQRSTUVWXYZ -.,/'\\\"123456789", 
            "recstr": ":/recstr/111_eu_n0072_recstr.json"
          }, 
          "type": "common"
        }
      }, 
      "surname": {
        "scale": 2.0, 
        "workflow": {
          "settings": {
            "custom_alphabet": "ABCDEFGHIJKLMNOPQRSTUVWXYZ -.,/", 
            "recstr": ":/recstr/111_eu_n0097_recstr.json"
          }, 
          "type": "common"
        }
      }, 
      "type": {
        "scale": 2.0, 
        "workflow": {
          "settings": {
            "custom_alphabet": "ABCDEFGHIJKLMNOPQRSTUVWXYZ -.,/'\\\"123456789", 
            "recstr": ":/recstr/111_eu_n0304_recstr.json"
          }, 
          "type": "common"
        }
      }, 
      "until_date": {
        "scale": 2.0, 
        "workflow": {
          "settings": {
            "custom_alphabet": "0123456789 .-", 
            "recstr": ":/recstr/001__n0004_recstr.json"
          }, 
          "type": "common"
        }
      }
    }, 
    "formatters": [
      ":/postprocessor/mrz/mrz_formatter_slot_new_mrvb.json", 
      {
        "formatter": ":/postprocessor/spaces_filter.json", 
        "input_fields": ["passport_number"]
      }, 
      {
        "formatter": ":/postprocessor/slash_right_cropper.json", 
        "input_fields": ["type"]
      }, 
      {
        "formatter": ":/postprocessor/punctuation_filter.json", 
        "input_fields": ["number"]
      }, 
      {
        "formatter": ":/postprocessor/punctuation_filter.json", 
        "input_fields": ["entries_number"]
      }, 
      {
        "formatter": ":/postprocessor/punctuation_filter.json", 
        "input_fields": ["duration"]
      }, 
      {
        "formatter": "postprocessors/issue_date_formatter.json", 
        "input_fields": ["entry_date"]
      }, 
      {
        "formatter": ":/postprocessor/date/default_expiry_date_DDMMYYYY_formatter.json", 
        "input_fields": ["until_date"]
      }, 
      {
        "formatter": "postprocessors/issue_date_formatter.json", 
        "input_fields": ["issue_date"]
      }, 
      {
        "allow_incomplete_inputs": true, 
        "formatter": {
          "settings": {
            "input_fields_sequence": ["remarks0", "remarks1", "remarks2", "remarks3"], 
            "output_field": "remarks", 
            "separator": " "
          }, 
          "type": "merge"
        }, 
        "input_fields": ["remarks0", "remarks1", "remarks2", "remarks3"], 
        "output_fields": ["remarks"]
      }
    ], 
    "image_integrators": {"__default__": ":/integrator/default_image_integrator.json"}, 
    "integrators": {
      "__default__": ":/integrator/default_rover_integrator.json", 
      "entry_date": ":/integrator/default_token_integrator.json", 
      "full_mrz": ":/integrator/default_mrz_integrator.json", 
      "issue_date": ":/integrator/default_token_integrator.json", 
      "until_date": ":/integrator/default_token_integrator.json"
    }, 
    "size": [1050, 740], 
    "zones": {
      "duration_zone": {
        "rect": [290, 150, 760, 480], 
        "workflow": {
          "settings": {
            "extract_field_images": true, 
            "img_processor": {"settings": {"satur_coef": 1.5}, "type": "satur_suppress"}, 
            "zone_processor": {
              "settings": {"vertsgm": "vertsgm/visa_type1_zone1_with_dp.json"}, 
              "type": "common"
            }
          }, 
          "type": "with_preprocessing"
        }
      }, 
      "mrz_zone": {
        "rect": [0, 235, 1250, 645], 
        "size_override": [1200, 619], 
        "workflow": ":/mrz-data/mrz_zone_workflow_mrvb.json"
      }, 
      "number_zone": {
        "rect": [800, 0, 250, 80], 
        "workflow": {
          "settings": {"vertsgm": "vertsgm/visa_type1_number_with_dp.json"}, 
          "type": "common"
        }
      }
    }
  }
}