{
  "arm.passport.type2:main": {
    "config": "templates/arm.passport.type2.main.common.json",
    "expected_fields": [
      "issue_date",
      "name_eng",
      "last_name_eng",
      "number",
      "expiry_date",
      "birth_date"
    ],
    "fields": {
      "address_eng": {
        "scale": 1.4,
        "workflow": {
          "settings": {
            "custom_alphabet": "ABCDEFGHIJKLMNOPQRSTUVWXYZ -.",
            "recstr": ":/recstr/111_eu_n0133_recstr.json"
          },
          "type": "common"
        }
      },
      "authority_eng": {
        "scale": 1.7,
        "workflow": {
          "settings": {
            "custom_alphabet": "0123456789 ",
            "recstr": ":/recstr/app_001_wide.json"
          },
          "type": "common"
        }
      },
      "birth_date": {
        "scale": 1.7,
        "workflow": {
          "settings": {
            "custom_alphabet": "0123456789 .-",
            "recstr": ":/recstr/001__n0028_recstr.json"
          },
          "type": "common"
        }
      },
      "birth_place_eng": {
        "scale": 1.4,
        "workflow": {
          "settings": {
            "custom_alphabet": "ABCDEFGHIJKLMNOPQRSTUVWXYZ -.",
            "recstr": ":/recstr/111_eu_n0133_recstr.json"
          },
          "type": "common"
        }
      },
      "expiry_date": {
        "scale": 1.7,
        "workflow": {
          "settings": {
            "custom_alphabet": "0123456789 .-",
            "recstr": ":/recstr/001__n0087_recstr.json"
          },
          "type": "common"
        }
      },
      "gender": {
        "scale": 1.4,
        "workflow": {
          "settings": {
            "custom_alphabet": "MF ",
            "recstr": ":/recstr/111_eu_n0084_recstr.json"
          },
          "type": "common"
        }
      },
      "issue_date": {
        "scale": 1.7,
        "workflow": {
          "settings": {
            "custom_alphabet": "0123456789 .-",
            "recstr": ":/recstr/app_001_wide.json"
          },
          "type": "common"
        }
      },
      "last_name_eng": {
        "scale": 2.0,
        "workflow": {
          "settings": {
            "custom_alphabet": "ABCDEFGHIJKLMNOPQRSTUVWXYZ -",
            "recstr": ":/recstr/111_eu_n0340_recstr.json"
          },
          "type": "common"
        }
      },
      "mrz_line1": {
        "scale": 1.2,
        "workflow": {
          "settings": {
            "processors": [
              ":/mrz-data/mrz_field_workflow.json",
              "fraud/confirming_field_processor_mrz.json"
            ]
          },
          "type": "multi_sequence"
        }
      },
      "mrz_line2": {
        "scale": 1.2,
        "workflow": {
          "settings": {
            "processors": [
              ":/mrz-data/mrz_field_workflow.json",
              "fraud/confirming_field_processor_mrz.json"
            ]
          },
          "type": "multi_sequence"
        }
      },
      "mrz_status": {"workflow": {"type": "dummy"}},
      "name_eng": {
        "scale": 2.0,
        "workflow": {
          "settings": {
            "custom_alphabet": "ABCDEFGHIJKLMNOPQRSTUVWXYZ -",
            "recstr": ":/recstr/111_eu_n0340_recstr.json"
          },
          "type": "common"
        }
      },
      "nationality_eng": {
        "scale": 1.6,
        "workflow": {
          "settings": {
            "custom_alphabet": "ABCDEFGHIJKLMNOPQRSTUVWXYZ ",
            "recstr": ":/recstr/111_eu_n0099_recstr.json"
          },
          "type": "common"
        }
      },
      "number": {
        "scale": 1.4,
        "workflow": {
          "settings": {
            "custom_alphabet": "ABCDEFGHIJKLMNOPQRSTUVWXYZ 123456789",
            "recstr": ":/recstr/111_eu_n0304_recstr.json"
          },
          "type": "common"
        }
      },
      "photo": {"workflow": {"settings": {}, "type": "image"}},
      "signature": {"workflow": {"settings": {}, "type": "image"}},
      "type": {
        "scale": 1.5,
        "workflow": {
          "settings": {
            "custom_alphabet": "BDOPSTACEXMRNFIJVW ",
            "deshearer": ":/mixangler/dummy_deshearer.json",
            "recstr": ":/recstr/111_eu_n0086_recstr.json"
          },
          "type": "common"
        }
      },
      "code": {
        "scale": 1.5,
        "workflow": {
          "settings": {
            "custom_alphabet": "ABCDEFGHIJKLMNOPQRSTUVWXYZ ",
            "deshearer": ":/mixangler/dummy_deshearer.json",
            "recstr": ":/recstr/111_eu_n0086_recstr.json"
          },
          "type": "common"
        }
      }
    },
    "formatters": [
      ":/postprocessor/mrz/mrz_formatter_slot_new_mrp.json",
      {
        "formatter": ":/postprocessor/date/default_issue_date_DDMMYYYY_formatter.json",
        "input_fields": ["issue_date"]
      },
      {
        "formatter": ":/postprocessor/date/default_birth_date_DDMMYYYY_formatter.json",
        "input_fields": ["birth_date"]
      },
      {
        "formatter": ":/postprocessor/date/default_expiry_date_DDMMYYYY_formatter.json",
        "input_fields": ["expiry_date"]
      },
      {"formatter": ":/postprocessor/spaces_filter.json", "input_fields": ["number"]}
    ],
    "image_integrators": {
      "__default__": ":/integrator/default_image_integrator.json",
      "photo": ":/integrator/default_photo_integrator.json"
    },
    "integrators": {
      "__default__": ":/integrator/default_rover_integrator.json",
      "birth_date": ":/integrator/default_token_integrator.json",
      "expiry_date": ":/integrator/default_token_integrator.json",
      "full_mrz": ":/integrator/default_mrz_integrator.json",
      "issue_date": ":/integrator/default_token_integrator.json"
    },
    "size": [800, 560],
    "zones": {
      "mrz_zone": {
        "rect": [0, 300, 800, 301],
        "size_override": [1200, 451],
        "workflow": ":/mrz-data/mrz_zone_workflow_mrp.json"
      },
      "photo_zone": {
        "rect": [10, 100, 280, 340],
        "workflow": ":/photo_retriever/common_objed_photo_retriever.json"
      },
      "signature": {
        "rect": [500, 355, 300, 95],
        "workflow": ":/signature_retriever/signature_retriever.json"
      },
      "type_zone": {
        "rect": [250, 60, 80, 40],
        "workflow": {
          "settings": {"vertsgm": "vertsgm/psp_type2_zone2_with_dp.json"},
          "type": "common"
        }
      },
      "zone1": {
        "rect": [235, 50, 565, 370],
        "workflow": {
          "settings": {"vertsgm": "vertsgm/psp_type2_zone1_with_dp.json"},
          "type": "common"
        }
      }
    }
  }
}