{
  "arm.passport.type1:main": {
    "config": "templates/arm.passport.type1.main.common.json",
    "expected_fields": [
      "issue_date",
      "id_number",
      "number",
      "expiry_date",
      "birth_place_eng",
      "birth_date"
    ],
    "fields": {
      "authority_eng": {
        "scale": 1.7,
        "workflow": {
          "settings": {
            "custom_alphabet": "0123456789 ",
            "recstr": ":/recstr/001__n0005_recstr.json"
          },
          "type": "common"
        }
      },
      "birth_date": {
        "scale": 2.0,
        "workflow": {
          "settings": {
            "custom_alphabet": "ABCDEFGHIJKLMNOPQRSTUVWXYZ 123456789",
            "recstr": ":/recstr/111_eu_n0086_recstr.json"
          },
          "type": "common"
        }
      },
      "birth_place_eng": {
        "scale": 2.0,
        "workflow": {
          "settings": {
            "custom_alphabet": "ABCDEFGHIJKLMNOPQRSTUVWXYZ -,",
            "recstr": ":/recstr/111_eu_n0183_recstr.json"
          },
          "type": "common"
        }
      },
      "expiry_date": {
        "scale": 1.5,
        "workflow": {
          "settings": {
            "custom_alphabet": "ABCDEFGHIJKLMNOPQRSTUVWXYZ 123456789",
            "recstr": ":/recstr/111_eu_n0166_recstr.json"
          },
          "type": "common"
        }
      },
      "gender": {
        "scale": 2.0,
        "workflow": {
          "settings": {
            "custom_alphabet": "MF ",
            "recstr": ":/recstr/app_111_eu_ocrblike_spacing.json"
          },
          "type": "common"
        }
      },
      "id_number": {
        "scale": 2.0,
        "workflow": {
          "settings": {
            "custom_alphabet": "ABCDEFGHIJKLMNOPQRSTUVWXYZ 123456789",
            "recstr": ":/recstr/111_eu_n0114_recstr.json"
          },
          "type": "common"
        }
      },
      "issue_date": {
        "scale": 1.5,
        "workflow": {
          "settings": {
            "custom_alphabet": "ABCDEFGHIJKLMNOPQRSTUVWXYZ 123456789",
            "recstr": ":/recstr/111_eu_n0185_recstr.json"
          },
          "type": "common"
        }
      },
      "last_name_eng": {
        "scale": 2.0,
        "workflow": {
          "settings": {
            "custom_alphabet": "ABCDEFGHIJKLMNOPQRSTUVWXYZ -.,/",
            "recstr": ":/recstr/111_eu_n0193_recstr.json"
          },
          "type": "common"
        }
      },
      "mrz_line1": {
        "scale": 1.2,
        "workflow": {
          "settings": {
            "processors": [
              ":/mrz-data/mrz_field_workflow.json",
              "fraud/confirming_field_processor_mrz.json"
            ]
          },
          "type": "multi_sequence"
        }
      },
      "mrz_line2": {
        "scale": 1.2,
        "workflow": {
          "settings": {
            "processors": [
              ":/mrz-data/mrz_field_workflow.json",
              "fraud/confirming_field_processor_mrz.json"
            ]
          },
          "type": "multi_sequence"
        }
      },
      "mrz_status": {"workflow": {"type": "dummy"}},
      "name_eng": {
        "scale": 2.0,
        "workflow": {
          "settings": {
            "custom_alphabet": "ABCDEFGHIJKLMNOPQRSTUVWXYZ -.",
            "recstr": ":/recstr/111_eu_n0183_recstr.json"
          },
          "type": "common"
        }
      },
      "nationality_eng": {
        "scale": 2.0,
        "workflow": {
          "settings": {
            "custom_alphabet": "ABCDEFGHIJKLMNOPQRSTUVWXYZ -",
            "recstr": ":/recstr/111_eu_n0133_recstr.json"
          },
          "type": "common"
        }
      },
      "number": {
        "scale": 2.0,
        "workflow": {
          "settings": {
            "custom_alphabet": "ABCDEFGHIJKLMNOPQRSTUVWXYZ 123456789",
            "recstr": ":/recstr/111_eu_n0183_recstr.json"
          },
          "type": "common"
        }
      },
      "photo": {"workflow": {"settings": {}, "type": "image"}},
      "type": {
        "scale": 2.0,
        "workflow": {
          "settings": {
            "custom_alphabet": "BDOPSTACEXMRNFIJVW ",
            "deshearer": ":/mixangler/dummy_deshearer.json",
            "recstr": ":/recstr/111_eu_n0114_recstr.json"
          },
          "type": "common"
        }
      },
      "code": {
        "scale": 2.7,
        "workflow": {
          "settings": {
            "custom_alphabet": "ABCDEFGHIJKLMNOPQRSTUVWXYZ- ",
            "deshearer": ":/mixangler/dummy_deshearer.json",
            "recstr": ":/recstr/111_eu_n0114_recstr.json"
          },
          "type": "common"
        }
      }
    },
    "formatters": [
      ":/postprocessor/mrz/mrz_formatter_slot_new_mrp.json",
      {"formatter": ":/postprocessor/spaces_filter.json", "input_fields": ["number"]},
      {
        "formatter": "postprocessors/birth_date_formatter.json",
        "input_fields": ["birth_date"]
      },
      {
        "formatter": "postprocessors/issue_date_formatter.json",
        "input_fields": ["issue_date"]
      },
      {
        "formatter": "postprocessors/expiry_date_formatter.json",
        "input_fields": ["expiry_date"]
      }
    ],
    "image_integrators": {
      "__default__": ":/integrator/default_image_integrator.json",
      "photo": ":/integrator/default_photo_integrator.json"
    },
    "integrators": {
      "__default__": ":/integrator/default_rover_integrator.json",
      "birth_date": ":/integrator/default_token_integrator.json",
      "expiry_date": ":/integrator/default_token_integrator.json",
      "full_mrz": ":/integrator/default_mrz_integrator.json",
      "issue_date": ":/integrator/default_token_integrator.json"
    },
    "size": [800, 560],
    "zones": {
      "mrz_zone": {
        "rect": [0, 300, 1000, 376],
        "size_override": [1200, 451],
        "workflow": ":/mrz-data/mrz_zone_workflow_mrp.json"
      },
      "photo_zone": {
        "rect": [24, 118, 226, 298],
        "workflow": ":/photo_retriever/common_objed_photo_retriever.json"
      },
      "zone1": {
        "rect": [260, 45, 540, 380],
        "workflow": {
          "settings": {"vertsgm": "vertsgm/psp_type1_zone1_with_dp.json"},
          "type": "common"
        }
      },
      "zone2": {
        "rect": [363, 42, 124, 56],
        "workflow": {
          "settings": {"vertsgm": "vertsgm/psp_type1_zone2_with_dp.json"},
          "type": "common"
        }
      }
    }
  }
}