{
  "arm.passport.type2:internal": {
    "config": "templates/arm.passport.type2.internal.common.json",
    "expected_fields": ["number", "expiry_date", "issue_date", "birth_date"],
    "fields": {
      "authority": {
        "scale": 1.3,
        "workflow": {
          "settings": {
            "custom_alphabet": " -.,/'\\\"0123456789",
            "recstr": ":/recstr/001__n0035_recstr.json"
          },
          "type": "common"
        }
      },
      "birth_date": {
        "scale": 1.2,
        "workflow": {
          "settings": {
            "custom_alphabet": " -.\\\"0123456789",
            "recstr": ":/recstr/001__n0003_recstr.json"
          },
          "type": "common"
        }
      },
      "birth_place": {
        "scale": 1.2,
        "workflow": {
          "settings": {"recstr": ":/recstr/arm__symbols_arm_recstr.json"},
          "type": "common"
        }
      },
      "expiry_date": {
        "scale": 1.2,
        "workflow": {
          "settings": {
            "custom_alphabet": " -.0123456789",
            "recstr": ":/recstr/001__n0003_recstr.json"
          },
          "type": "common"
        }
      },
      "gender": {
        "scale": 1.3,
        "workflow": {
          "settings": {"recstr": ":/recstr/arm__symbols_arm_recstr.json"},
          "type": "common"
        }
      },
      "issue_date": {
        "scale": 1.2,
        "workflow": {
          "settings": {
            "custom_alphabet": " -.\\\"0123456789",
            "recstr": ":/recstr/001__n0028_recstr.json"
          },
          "type": "common"
        }
      },
      "last_name": {
        "scale": 1.3,
        "workflow": {
          "settings": {"recstr": ":/recstr/arm__symbols_arm_recstr.json"},
          "type": "common"
        }
      },
      "name0": {
        "scale": 1.3,
        "workflow": {
          "settings": {"recstr": ":/recstr/arm__symbols_arm_recstr.json"},
          "type": "common"
        }
      },
      "name1": {
        "scale": 1.3,
        "workflow": {
          "settings": {"recstr": ":/recstr/arm__symbols_arm_recstr.json"},
          "type": "common"
        }
      },
      "address": {
        "scale": 1.3,
        "workflow": {
          "settings": {"recstr": ":/recstr/arm__symbols_arm_recstr.json"},
          "type": "common"
        }
      },
      "nationality": {
        "scale": 1.3,
        "workflow": {
          "settings": {"recstr": ":/recstr/arm__symbols_arm_recstr.json"},
          "type": "common"
        }
      },
      "signature": {"workflow": {"settings": {}, "type": "image"}}
    },
    "formatters": [
      {
        "formatter": ":/postprocessor/date/default_birth_date_DDMMYYYY_formatter.json",
        "input_fields": ["birth_date"]
      },
      {
        "formatter": ":/postprocessor/date/default_expiry_date_DDMMYYYY_formatter.json",
        "input_fields": ["expiry_date"]
      },
      {
        "formatter": ":/postprocessor/date/default_issue_date_DDMMYYYY_formatter.json",
        "input_fields": ["issue_date"]
      },
      {
        "allow_incomplete_inputs": true,
        "postprocessor": {
          "settings": {
            "input_fields_sequence": ["name0", "name1"],
            "output_field": "name",
            "separator": " "
          },
          "type": "merge"
        },
        "input_fields": ["name0", "name1"],
        "output_fields": ["name"]
      }
    ],
    "image_integrators": {"__default__": ":/integrator/default_image_integrator.json"},
    "integrators": {
      "__default__": ":/integrator/default_rover_integrator.json",
      "birth_date": ":/integrator/default_token_integrator.json",
      "expiry_date": ":/integrator/default_token_integrator.json",
      "issue_date": ":/integrator/default_token_integrator.json"
    },
    "size": [1250, 880],
    "zones": {
      "data_zone1": {
        "rect": [115, 150, 1129, 596],
        "workflow": {
          "settings": {"vertsgm": "vertsgm/psp_type2_internal_zone1_with_dp.json"},
          "type": "common"
        }
      },
      "signature": {
        "rect": [62, 463, 669, 79],
        "workflow": ":/signature_retriever/signature_retriever.json"
      }
    }
  }
}