{
  "arm.drvlic.type1:back": {
    "config": "templates/arm.drvlic.type1.back.common.json",
    "expected_fields": [],
    "fields": {
      "remarks": {
        "scale": 2.0,
        "workflow": {
          "settings": {"recstr": ":/recstr/arm__drvlic_symbols_recstr.json"},
          "type": "common"
        }
      }
    },
    "formatters": [
    ],
    "image_integrators": {
      "__default__": ":/integrator/default_image_integrator.json"
    },
    "integrators": {
      "__default__": ":/integrator/default_rover_integrator.json"
    },
    "size": [856, 540],
    "zones": {
      "zone1": {
        "rect": [25, 381, 821, 97],
        "workflow": {
          "settings": {"vertsgm": "vertsgm/drvlic_type1_back_data_with_dp.json"},
          "type": "common"
        }
      }
    }
  }
}